# Wavefront OBJ file
# Regions:
#     0    ASSEMBLEDPROTOTYPE3
#
# points    : 9028
# triangles : 18052
#
v 0.299357 0.991553 0.0598128
v 0.301477 0.991096 0.0576916
v 0.301397 0.991004 0.0598149
v 0.299455 0.991435 0.0625405
v 0.299536 0.991744 0.0571351
v 0.301295 0.990886 0.0625405
v 0.299302 0.991498 0.0625405
v 0.30154 0.991169 0.0571363
v 0.297414 0.992302 0.0598168
v 0.303454 0.990369 0.0625405
v 0.297601 0.992489 0.057143
v 0.297377 0.9923 0.0625405
v 0.299829 0.992058 0.0545063
v 0.301839 0.991511 0.0545106
v 0.295889 0.99292 0.0625405
v 0.297907 0.992795 0.0545177
v 0.29553 0.993202 0.059823
v 0.302012 0.991709 0.0529926
v 0.295724 0.993384 0.0571551
v 0.307151 0.989753 0.0598223
v 0.295478 0.993164 0.0625405
v 0.307299 0.989958 0.0571551
v 0.30711 0.989742 0.0625405
v 0.300232 0.992489 0.0519249
v 0.302215 0.991941 0.05193
v 0.296044 0.993682 0.0545356
v 0.298329 0.993216 0.0519402
v 0.307543 0.990291 0.0545368
v 0.304904 0.991282 0.0519347
v 0.309489 0.989333 0.0625405
v 0.29375 0.994288 0.059833
v 0.293952 0.994464 0.0571742
v 0.293664 0.994241 0.0625405
v 0.296484 0.994091 0.0519636
v 0.307879 0.990748 0.0519657
v 0.3027 0.992493 0.0493915
v 0.294284 0.994752 0.054563
v 0.298862 0.993747 0.0494092
v 0.29285 0.994869 0.0625405
v 0.302901 0.992723 0.0483375
v 0.294741 0.995148 0.0519988
v 0.29704 0.994608 0.049438
v 0.31385 0.988921 0.0598452
v 0.311082 0.9903 0.052007
v 0.313973 0.989131 0.0572009
v 0.292165 0.995637 0.0598493
v 0.313813 0.988893 0.0625405
v 0.292374 0.995806 0.0572052
v 0.301354 0.993682 0.0468988
v 0.292135 0.995619 0.0625405
v 0.303288 0.993161 0.0469053
v 0.299503 0.994382 0.0469232
v 0.314175 0.989475 0.0546045
v 0.292717 0.996082 0.0546076
v 0.30591 0.992523 0.0469112
v 0.295319 0.995648 0.0494814
v 0.31573 0.988697 0.0625405
v 0.297709 0.995227 0.0469582
v 0.291519 0.996265 0.0625405
v 0.291498 0.996449 0.0598614
v 0.314453 0.989945 0.0520542
v 0.293189 0.996462 0.0520561
v 0.29171 0.996613 0.0572281
v 0.308813 0.99201 0.0469558
v 0.291442 0.996402 0.0625405
v 0.317467 0.988885 0.0572269
v 0.292058 0.996883 0.0546405
v 0.296014 0.996248 0.0470095
v 0.293786 0.996942 0.0495505
v 0.304159 0.994146 0.0436835
v 0.311938 0.991583 0.047014
v 0.292536 0.997254 0.0520983
v 0.290953 0.997356 0.0598767
v 0.295228 0.996846 0.047045
v 0.291167 0.997516 0.0572576
v 0.290925 0.997326 0.0625405
v 0.317894 0.989708 0.0521038
v 0.291518 0.997778 0.0546827
v 0.320815 0.988526 0.0598707
v 0.320911 0.988741 0.0572512
v 0.320784 0.98848 0.0625405
v 0.294504 0.997518 0.04709
v 0.290647 0.997823 0.0625405
v 0.302872 0.995285 0.0420463
v 0.315226 0.991244 0.0470803
v 0.304734 0.994792 0.0420489
v 0.292002 0.998138 0.0521519
v 0.301092 0.995951 0.0420828
v 0.307269 0.994186 0.0420549
v 0.290559 0.998335 0.0598958
v 0.290775 0.99849 0.0572936
v 0.299366 0.996755 0.0421317
v 0.290538 0.998295 0.0625405
v 0.293869 0.998285 0.0471485
v 0.321285 0.98957 0.05215
v 0.291129 0.998744 0.0547345
v 0.323235 0.988375 0.0625405
v 0.292614 0.998594 0.0496655
v 0.310076 0.993702 0.0421093
v 0.318581 0.991019 0.0471497
v 0.315716 0.992061 0.044652
v 0.297736 0.997729 0.0422001
v 0.291616 0.999094 0.052218
v 0.313096 0.993298 0.0421796
v 0.29335 0.999142 0.0472226
v 0.296979 0.998301 0.0422459
v 0.290345 0.99936 0.0599184
v 0.290562 0.99951 0.057337
v 0.290302 0.999316 0.0625405
v 0.292233 0.999536 0.0497441
v 0.30581 0.996001 0.0389884
v 0.290917 0.999756 0.0547962
v 0.290252 0.999533 0.0625405
v 0.296283 0.998943 0.0423033
v 0.32721 0.988347 0.0598862
v 0.327282 0.988564 0.057282
v 0.321888 0.990892 0.0472143
v 0.327186 0.988329 0.0625405
v 0.316271 0.99298 0.0422592
v 0.291407 1.00009 0.0522966
v 0.298754 0.998603 0.0398612
v 0.327399 0.988919 0.0547242
v 0.292974 1.00007 0.0473132
v 0.299455 0.991435 0.125874
v 0.295672 0.999676 0.0423765
v 0.29033 1.0004 0.0599449
v 0.303454 0.990369 0.125874
v 0.304754 0.997259 0.0373566
v 0.292026 1.00052 0.0498381
v 0.290547 1.00055 0.0573873
v 0.290317 1.00035 0.0625405
v 0.32756 0.989405 0.0522101
v 0.306524 0.996796 0.0373473
v 0.303062 0.997884 0.0374098
v 0.290902 1.00079 0.0548682
v 0.295889 0.99292 0.125874
v 0.308954 0.99623 0.0373511
v 0.32227 0.991722 0.044801
v 0.301421 0.998641 0.0374768
v 0.297336 0.999784 0.0399761
v 0.291392 1.00111 0.0523879
v 0.295173 1.0005 0.0424683
v 0.29277 1.00104 0.0474207
v 0.311642 0.995778 0.0374091
v 0.309489 0.989333 0.125874
v 0.299871 0.999559 0.0375655
v 0.293664 0.994241 0.125874
v 0.290387 1.00124 0.0625405
v 0.292012 1.00153 0.049947
v 0.290498 1.00145 0.0599744
v 0.290714 1.00159 0.0574436
v 0.29044 1.00139 0.0625405
v 0.322702 0.992656 0.0424204
v 0.29285 0.994869 0.125874
v 0.291069 1.00182 0.0549488
v 0.328009 0.990742 0.0472992
v 0.294811 1.00138 0.0425794
v 0.29849 1.00071 0.0376923
v 0.292756 1.00202 0.0475457
v 0.291557 1.00213 0.0524905
v 0.317565 0.995107 0.0375712
v 0.30789 0.998318 0.0342066
v 0.292174 1.00253 0.0500691
v 0.297909 1.0014 0.0377798
v 0.31573 0.988697 0.125874
v 0.294615 1.00231 0.042711
v 0.291519 0.996265 0.125874
v 0.336613 0.988219 0.0625405
v 0.290886 1.00274 0.0625405
v 0.292916 1.00301 0.0476854
v 0.337324 0.9883 0.0598927
v 0.297434 1.00217 0.0378876
v 0.337359 0.988521 0.0572963
v 0.337312 0.988229 0.0625405
v 0.30697 0.999565 0.032819
v 0.308629 0.999133 0.0327873
v 0.305381 1.00014 0.0328953
v 0.337417 0.988881 0.0547473
v 0.328615 0.992523 0.0425231
v 0.310938 0.998613 0.0327854
v 0.303841 1.00085 0.0329862
v 0.294601 1.00326 0.0428634
v 0.291285 1.00345 0.0600402
v 0.291498 1.00358 0.0575693
v 0.337495 0.989372 0.0522423
v 0.293777 1.00357 0.0453398
v 0.291261 1.00338 0.0625405
v 0.297091 1.00301 0.038017
v 0.313484 0.998194 0.0328393
v 0.291847 1.0038 0.0551283
v 0.323711 0.994812 0.0377459
v 0.302386 1.0017 0.0330999
v 0.290647 0.997823 0.125874
v 0.292327 1.00409 0.0527184
v 0.294754 1.0042 0.0430329
v 0.323235 0.988375 0.125874
v 0.292934 1.00446 0.0503406
v 0.301089 1.00277 0.0332539
v 0.296904 1.00389 0.0381689
v 0.337713 0.990724 0.0473485
v 0.319088 0.997577 0.0329962
v 0.300544 1.00342 0.0333562
v 0.291977 1.00459 0.0625405
v 0.293664 1.00491 0.0479958
v 0.290252 0.999533 0.125874
v 0.29689 1.00478 0.0383437
v 0.329364 0.994697 0.0378566
v 0.300098 1.00414 0.0334797
v 0.31045 1.00114 0.029289
v 0.344749 0.988342 0.0625405
v 0.344767 0.988651 0.0574358
v 0.344768 0.988673 0.0573049
v 0.292514 1.00521 0.0601103
v 0.294512 1.00542 0.045685
v 0.292721 1.00533 0.0577028
v 0.29248 1.00514 0.0625405
v 0.293061 1.00553 0.0553191
v 0.293529 1.0058 0.0529606
v 0.344814 0.989481 0.0524998
v 0.344818 0.989547 0.0522611
v 0.299775 1.00493 0.0336261
v 0.309489 1.00216 0.0284226
v 0.311018 1.00176 0.0283532
v 0.308018 1.0027 0.0285301
v 0.297036 1.00568 0.0385375
v 0.338006 0.992522 0.0425842
v 0.295474 1.00601 0.0434091
v 0.324896 0.997311 0.0331676
v 0.306592 1.00334 0.0286524
v 0.315578 1.00091 0.0283833
v 0.305245 1.00413 0.0287979
v 0.299599 1.00575 0.0337961
v 0.294833 1.00657 0.0483255
v 0.293483 1.00622 0.0625405
v 0.290387 1.00124 0.125874
v 0.344891 0.990839 0.0475409
v 0.344895 0.990902 0.0473742
v 0.294009 1.00665 0.0601804
v 0.29421 1.00677 0.0578363
v 0.304045 1.00512 0.0289843
v 0.293962 1.00659 0.0625405
v 0.299587 1.00658 0.0339899
v 0.294993 1.00721 0.0532031
v 0.320818 1.00034 0.0285144
v 0.30354 1.00571 0.0291028
v 0.330244 0.997211 0.0332732
v 0.297719 1.00739 0.0389664
v 0.296597 1.0076 0.0438082
v 0.338368 0.994709 0.0379193
v 0.303127 1.00638 0.0292432
v 0.336613 0.988219 0.125874
v 0.299723 1.00742 0.034204
v 0.290886 1.00274 0.125874
v 0.296256 1.00793 0.0486555
v 0.344997 0.992696 0.0426142
v 0.345 0.992754 0.0424621
v 0.302828 1.0071 0.0294063
v 0.295852 1.00803 0.0579698
v 0.295606 1.00787 0.0625405
v 0.355179 0.988622 0.0625405
v 0.326241 1.0001 0.0286624
v 0.295886 1.0081 0.0625405
v 0.296607 1.00845 0.0534456
v 0.355738 0.988947 0.0573499
v 0.355738 0.988646 0.0625405
v 0.313555 1.00453 0.0241764
v 0.31228 1.00502 0.0241566
v 0.313656 1.00464 0.0240228
v 0.302666 1.00786 0.0295935
v 0.310941 1.0055 0.0243049
v 0.299455 0.991435 0.189207
v 0.297965 1.00891 0.044208
v 0.309641 1.00609 0.024468
v 0.298786 1.0089 0.0394204
v 0.303454 0.990369 0.189207
v 0.355736 0.989794 0.0523403
v 0.313958 1.00496 0.023562
v 0.295889 0.99292 0.189207
v 0.308414 1.00681 0.0246539
v 0.317896 1.00387 0.0240245
v 0.297825 1.00913 0.0489855
v 0.300364 1.00902 0.0346751
v 0.302653 1.00863 0.0298047
v 0.291977 1.00459 0.125874
v 0.297603 1.00915 0.0581021
v 0.297385 1.00897 0.0625405
v 0.33879 0.997232 0.0333233
v 0.345122 0.994893 0.03796
v 0.309489 0.989333 0.189207
v 0.307321 1.0077 0.0248799
v 0.293664 0.994241 0.189207
v 0.331242 1.00001 0.0287473
v 0.298328 1.00954 0.0536859
v 0.345144 0.995284 0.0371361
v 0.355733 0.991125 0.0474808
v 0.29285 0.994869 0.189207
v 0.306861 1.00824 0.0250177
v 0.322732 1.00336 0.0241053
v 0.30278 1.0094 0.0300364
v 0.299473 1.01005 0.0446074
v 0.300086 1.01013 0.039875
v 0.306485 1.00885 0.0251768
v 0.299498 1.01018 0.0493126
v 0.31573 0.988697 0.189207
v 0.301365 1.01043 0.0351727
v 0.298931 1.00986 0.0625405
v 0.291519 0.996265 0.189207
v 0.299438 1.01012 0.0582323
v 0.299206 1.00998 0.0625405
v 0.306212 1.00951 0.0253582
v 0.300132 1.01049 0.0539222
v 0.355728 0.992888 0.0427406
v 0.327729 1.00313 0.0242073
v 0.293483 1.00622 0.125874
v 0.306064 1.0102 0.025563
v 0.303372 1.01088 0.0305431
v 0.301082 1.01106 0.0450036
v 0.301519 1.0112 0.0403292
v 0.345265 0.997411 0.0333695
v 0.301252 1.0111 0.0496345
v 0.365804 0.989289 0.0574169
v 0.290647 0.997823 0.189207
v 0.36581 0.989072 0.0625405
v 0.339267 1.00004 0.0287662
v 0.315313 1.00809 0.0200167
v 0.302585 1.01157 0.0356708
v 0.316558 1.00776 0.0198553
v 0.314116 1.00853 0.0202169
v 0.306053 1.0109 0.0257912
v 0.312955 1.00906 0.0204318
v 0.365776 0.990105 0.0524581
v 0.332344 1.00305 0.0242529
v 0.323235 0.988375 0.189207
v 0.311859 1.0097 0.0206683
v 0.320414 1.00705 0.0197537
v 0.345329 0.998536 0.0313771
v 0.302767 1.01193 0.0453935
v 0.306168 1.0116 0.0260394
v 0.303047 1.01216 0.0407801
v 0.317211 1.00847 0.0189247
v 0.304299 1.01217 0.0310764
v 0.355718 0.995026 0.0380893
v 0.310882 1.0105 0.0209429
v 0.302526 1.0114 0.0625405
v 0.36573 0.991401 0.0476363
v 0.303305 1.01172 0.0581617
v 0.303286 1.01171 0.0584853
v 0.303929 1.01258 0.0361688
v 0.303054 1.01159 0.0625405
v 0.32481 1.00657 0.019757
v 0.290252 0.999533 0.189207
v 0.355179 0.988622 0.125874
v 0.303927 1.01206 0.0543857
v 0.295886 1.0081 0.125874
v 0.30404 1.01212 0.0537016
v 0.310135 1.01153 0.0212848
v 0.318078 1.00941 0.0178468
v 0.315789 1.01013 0.0182576
v 0.345424 1.0002 0.0288074
v 0.304649 1.01298 0.0412235
v 0.314701 1.01063 0.0185013
v 0.306708 1.01295 0.0265779
v 0.309891 1.01212 0.0214868
v 0.304955 1.01261 0.0502722
v 0.305427 1.01323 0.0316103
v 0.313674 1.01123 0.0187662
v 0.32174 1.00872 0.0176883
v 0.305284 1.01279 0.0490396
v 0.329343 1.00636 0.0197873
v 0.365666 0.993121 0.0429237
v 0.309759 1.01274 0.0217109
v 0.339791 1.00306 0.0242171
v 0.312759 1.01199 0.019068
v 0.290387 1.00124 0.189207
v 0.355703 0.997486 0.0334957
v 0.306338 1.01338 0.0461733
v 0.306393 1.01272 0.0586362
v 0.306209 1.01256 0.0625405
v 0.325905 1.00827 0.0176446
v 0.306977 1.01303 0.0546508
v 0.306672 1.01416 0.0321438
v 0.307552 1.01413 0.0271428
v 0.312059 1.01296 0.0194342
v 0.307056 1.01378 0.0442178
v 0.306867 1.01423 0.0371492
v 0.333537 1.00628 0.019773
v 0.30792 1.01354 0.0506194
v 0.309852 1.014 0.0222223
v 0.319638 1.01112 0.0159078
v 0.317516 1.0118 0.0163982
v 0.298931 1.00986 0.125874
v 0.316503 1.01227 0.0166714
v 0.308107 1.01315 0.0625405
v 0.319908 1.01141 0.0155721
v 0.308042 1.01434 0.042115
v 0.365584 0.995213 0.0382924
v 0.336613 0.988219 0.189207
v 0.323109 1.01047 0.0157192
v 0.315547 1.01284 0.0169654
v 0.290886 1.00274 0.189207
v 0.311707 1.01409 0.0198813
v 0.345592 1.00316 0.0242162
v 0.30858 1.01509 0.0277078
v 0.309195 1.01426 0.046577
v 0.314695 1.01355 0.0172942
v 0.309862 1.01363 0.0587914
v 0.30969 1.01349 0.0625405
v 0.34562 1.00364 0.0234776
v 0.327035 1.01004 0.0156264
v 0.310394 1.01392 0.0549273
v 0.310335 1.01521 0.0227923
v 0.309364 1.0151 0.0392978
v 0.380046 0.989674 0.0625405
v 0.314043 1.01446 0.0176847
v 0.30939 1.01568 0.033195
v 0.311254 1.0144 0.0509887
v 0.340355 1.00627 0.0196555
v 0.31004 1.01549 0.0381212
v 0.309713 1.01593 0.0282722
v 0.31078 1.01516 0.0425594
v 0.321261 1.01294 0.0141532
v 0.319292 1.01356 0.014672
v 0.33107 1.00983 0.0155678
v 0.365485 0.997624 0.0337145
v 0.313716 1.01552 0.018152
v 0.311089 1.01626 0.023387
v 0.312418 1.01507 0.0470145
v 0.291977 1.00459 0.189207
v 0.324518 1.01231 0.013885
v 0.302526 1.0114 0.125874
v 0.317474 1.01453 0.0152967
v 0.313633 1.01439 0.0589442
v 0.313471 1.0143 0.0625405
v 0.316687 1.0152 0.0156522
v 0.313648 1.01433 0.0625405
v 0.314108 1.01466 0.0552003
v 0.384442 0.990151 0.0576131
v 0.384454 0.989882 0.0625405
v 0.328198 1.01189 0.0137436
v 0.334815 1.00973 0.0154793
v 0.312648 1.01625 0.0386016
v 0.314876 1.01511 0.0513527
v 0.313798 1.01663 0.0186973
v 0.312196 1.01676 0.0343659
v 0.313864 1.01592 0.0430448
v 0.312008 1.01712 0.0239816
v 0.384407 0.990915 0.0528016
v 0.316086 1.01604 0.0160656
v 0.312301 1.01682 0.0342145
v 0.345773 1.00633 0.0196278
v 0.322399 1.01423 0.0129592
v 0.312189 1.01731 0.0293848
v 0.355655 1.00315 0.0243592
v 0.315917 1.01574 0.0474458
v 0.331974 1.01169 0.0136392
v 0.322912 1.01484 0.0125251
v 0.315784 1.01702 0.0165517
v 0.384349 0.992129 0.0480881
v 0.321116 1.01543 0.013113
v 0.293483 1.00622 0.189207
v 0.317589 1.01496 0.059088
v 0.317454 1.01482 0.0625405
v 0.313021 1.01788 0.0245755
v 0.345831 1.00735 0.0181708
v 0.31422 1.01769 0.0192959
v 0.318004 1.01522 0.0554566
v 0.365368 1.0003 0.0291627
v 0.325966 1.01425 0.0122244
v 0.319452 1.01633 0.0137923
v 0.315569 1.01696 0.0391195
v 0.314775 1.01753 0.0347388
v 0.318674 1.01564 0.0516951
v 0.317209 1.01655 0.0435236
v 0.318732 1.01694 0.0141723
v 0.340959 1.00969 0.0152624
v 0.335484 1.01159 0.0135133
v 0.299455 0.991435 0.252541
v 0.315859 1.01805 0.0171108
v 0.329394 1.01385 0.0120373
v 0.319725 1.01512 0.0625405
v 0.303454 0.990369 0.252541
v 0.38427 0.993747 0.0434554
v 0.314878 1.01861 0.0199165
v 0.314864 1.01837 0.0304897
v 0.319583 1.01624 0.0478513
v 0.318182 1.01771 0.0146065
v 0.295889 0.99292 0.252541
v 0.308107 1.01315 0.125874
v 0.321558 1.01534 0.0592153
v 0.321439 1.01521 0.0625405
v 0.321912 1.01558 0.0556841
v 0.309489 0.989333 0.252541
v 0.315573 1.01879 0.029459
v 0.332903 1.01365 0.0118899
v 0.293664 0.994241 0.252541
v 0.318733 1.01753 0.0396299
v 0.315234 1.01912 0.0257468
v 0.31751 1.01817 0.0352781
v 0.316249 1.01904 0.0177202
v 0.317905 1.01862 0.0151081
v 0.322484 1.01599 0.0519984
v 0.320712 1.01701 0.0439737
v 0.315681 1.01937 0.0205371
v 0.29285 0.994869 0.252541
v 0.355179 0.988622 0.189207
v 0.355619 1.00626 0.019764
v 0.345965 1.00971 0.0151956
v 0.324606 1.01685 0.011091
v 0.322984 1.0174 0.0117552
v 0.295886 1.0081 0.189207
v 0.380046 0.989674 0.125874
v 0.341277 1.01152 0.013247
v 0.324729 1.01699 0.0109866
v 0.32326 1.01656 0.0482106
v 0.327449 1.01631 0.0107765
v 0.321477 1.01823 0.0124834
v 0.345992 1.01017 0.0146041
v 0.365235 1.00318 0.0246086
v 0.336173 1.01355 0.0117292
v 0.384169 0.995721 0.0388858
v 0.325371 1.01555 0.0593219
v 0.325272 1.01541 0.0625405
v 0.317975 1.01957 0.0156779
v 0.316858 1.0199 0.0183504
v 0.31573 0.988697 0.252541
v 0.325666 1.01578 0.0558739
v 0.320826 1.01878 0.0128849
v 0.316565 1.02004 0.0211568
v 0.291519 0.996265 0.252541
v 0.33062 1.01594 0.0105488
v 0.322044 1.01796 0.0401099
v 0.326145 1.01617 0.0522516
v 0.320469 1.0187 0.0358093
v 0.324224 1.01731 0.0443721
v 0.320327 1.0195 0.0133362
v 0.317626 1.02008 0.0269172
v 0.32745 1.01553 0.0625405
v 0.319665 1.01957 0.0315607
v 0.3176 1.02061 0.0189803
v 0.326794 1.01673 0.0485101
v 0.318332 1.02047 0.0162945
v 0.313648 1.01433 0.125874
v 0.34607 1.01154 0.0131831
v 0.333858 1.01574 0.0103636
v 0.320077 1.02032 0.01385
v 0.290647 0.997823 0.252541
v 0.341606 1.01346 0.0114176
v 0.318729 1.02077 0.0255523
v 0.327601 1.01746 0.0447049
v 0.323562 1.01909 0.0363088
v 0.318497 1.02114 0.0223799
v 0.318417 1.02123 0.019609
v 0.384048 0.998004 0.0343618
v 0.31889 1.02127 0.0169303
v 0.298931 1.00986 0.189207
v 0.326345 1.01902 0.00997019
v 0.324893 1.01951 0.010632
v 0.336882 1.01563 0.0101721
v 0.323235 0.988375 0.252541
v 0.332168 1.01558 0.0594714
v 0.3321 1.01544 0.0625405
v 0.332363 1.0158 0.0561392
v 0.322397 1.02005 0.0321054
v 0.320141 1.02118 0.014426
v 0.328966 1.0185 0.00957942
v 0.323547 1.02025 0.0114014
v 0.355581 1.00957 0.0153284
v 0.346148 1.01291 0.0117588
v 0.332679 1.01618 0.0526044
v 0.365084 1.00623 0.0200336
v 0.322964 1.02076 0.0118203
v 0.328554 1.01836 0.0408912
v 0.319569 1.02192 0.017566
v 0.331875 1.01815 0.00932002
v 0.334711 1.0154 0.0625405
v 0.346178 1.01344 0.0113261
v 0.333109 1.01672 0.0489275
v 0.290252 0.999533 0.252541
v 0.40222 0.990952 0.0578606
v 0.402223 0.990719 0.0625405
v 0.322011 1.02115 0.0280085
v 0.322519 1.02139 0.0122845
v 0.320465 1.02201 0.0150452
v 0.327121 1.01999 0.00948167
v 0.320583 1.02199 0.0236058
v 0.320202 1.02225 0.0208507
v 0.402209 0.991654 0.0532327
v 0.325248 1.0204 0.0326178
v 0.341947 1.01553 0.00982213
v 0.337797 1.01527 0.0595539
v 0.320318 1.0225 0.0182002
v 0.334836 1.01796 0.00910354
v 0.337753 1.01514 0.0625405
v 0.333644 1.01743 0.0451691
v 0.319725 1.01512 0.125874
v 0.337912 1.01549 0.0562847
v 0.322296 1.02214 0.012805
v 0.3381 1.01586 0.0527968
v 0.32097 1.02274 0.015682
v 0.329642 1.01945 0.0371242
v 0.383908 1.00055 0.0298662
v 0.355564 1.01136 0.0132906
v 0.402191 0.992776 0.0486541
v 0.321618 1.02268 0.0225198
v 0.338355 1.01641 0.0491548
v 0.337611 1.01785 0.00888801
v 0.302526 1.0114 0.189207
v 0.334278 1.01832 0.0413895
v 0.322353 1.02291 0.0133824
v 0.290387 1.00124 0.252541
v 0.342457 1.01488 0.0595906
v 0.328111 1.02131 0.00908113
v 0.322121 1.02304 0.022084
v 0.32684 1.02174 0.00977755
v 0.321585 1.02333 0.0163183
v 0.342462 1.01475 0.0625405
v 0.342494 1.01513 0.0563486
v 0.346294 1.01547 0.009691
v 0.338675 1.01712 0.0454221
v 0.346297 1.01553 0.00964212
v 0.330515 1.02084 0.00867248
v 0.342569 1.01553 0.0528808
v 0.321953 1.02344 0.0194528
v 0.325656 1.02241 0.0105779
v 0.325144 1.02286 0.011009
v 0.327085 1.02189 0.0290873
v 0.322643 1.02366 0.0139985
v 0.402166 0.994279 0.0441215
v 0.342681 1.01608 0.0492535
v 0.324527 1.02294 0.0247109
v 0.322264 1.02386 0.0169532
v 0.330851 1.02072 0.033459
v 0.364923 1.00949 0.0156195
v 0.346457 1.01419 0.0625405
v 0.333158 1.02052 0.00839138
v 0.335002 1.0194 0.0376492
v 0.324753 1.02342 0.0114803
v 0.3423 1.01774 0.00850987
v 0.339054 1.01802 0.0416634
v 0.346464 1.01468 0.0595927
v 0.35555 1.01324 0.0114393
v 0.348307 1.01393 0.0625405
v 0.342828 1.0168 0.0455327
v 0.336613 0.988219 0.252541
v 0.346473 1.01512 0.0563521
v 0.323095 1.02431 0.0146306
v 0.290886 1.00274 0.252541
v 0.350123 1.01367 0.0625405
v 0.323713 1.02418 0.0207047
v 0.324557 1.02408 0.012002
v 0.32745 1.01553 0.125874
v 0.350197 1.01402 0.0595801
v 0.348442 1.01486 0.0563414
v 0.351289 1.01351 0.0625405
v 0.383749 1.00331 0.0253811
v 0.329255 1.02282 0.00861812
v 0.350235 1.0144 0.0563295
v 0.343006 1.0177 0.0417843
v 0.325843 1.02393 0.0231993
v 0.346521 1.0162 0.049258
v 0.323746 1.02472 0.018208
v 0.353658 1.01322 0.0595634
v 0.33949 1.01911 0.0379424
v 0.323645 1.02485 0.0152621
v 0.353642 1.01348 0.0562995
v 0.338358 1.02023 0.00792265
v 0.350246 1.01488 0.0528548
v 0.324344 1.02463 0.0201588
v 0.402134 0.996125 0.0396316
v 0.324607 1.02477 0.0125742
v 0.335809 1.02067 0.034009
v 0.34642 1.01768 0.00840759
v 0.353609 1.01391 0.0528147
v 0.364842 1.01124 0.0135906
v 0.348479 1.01594 0.0492413
v 0.33217 1.02218 0.0299518
v 0.34656 1.01689 0.0455379
v 0.350236 1.01546 0.0492225
v 0.357055 1.01255 0.0595417
v 0.357055 1.0124 0.0625405
v 0.357019 1.0128 0.0562611
v 0.353562 1.01451 0.0491748
v 0.324252 1.02532 0.0158923
v 0.329057 1.0236 0.0258005
v 0.356961 1.01323 0.0527632
v 0.32991 1.02375 0.00850725
v 0.348479 1.01664 0.0455198
v 0.328822 1.02414 0.00922537
v 0.346456 1.01833 0.00803518
v 0.343213 1.01879 0.0380747
v 0.308107 1.01315 0.189207
v 0.324863 1.02542 0.0131807
v 0.35554 1.01526 0.00982332
v 0.350212 1.01619 0.0454989
v 0.332094 1.02334 0.00809407
v 0.327803 1.02471 0.0100446
v 0.34661 1.01772 0.0417917
v 0.356885 1.01385 0.049114
v 0.32534 1.02541 0.019479
v 0.353504 1.01528 0.0454459
v 0.339977 1.02039 0.0343232
v 0.342667 1.0201 0.00752878
v 0.327363 1.0251 0.0104814
v 0.327195 1.025 0.0218022
v 0.362739 1.01131 0.0625405
v 0.291977 1.00459 0.252541
v 0.363594 1.0112 0.0594881
v 0.363538 1.01148 0.0561659
v 0.363609 1.01109 0.0625405
v 0.348474 1.01748 0.0417726
v 0.334466 1.02305 0.00780487
v 0.32526 1.026 0.0138013
v 0.35018 1.01707 0.0417504
v 0.363449 1.01194 0.0526369
v 0.356792 1.01465 0.045378
v 0.327026 1.02559 0.0109534
v 0.334711 1.0154 0.125874
v 0.336692 1.02213 0.0305295
v 0.325577 1.02611 0.0171378
v 0.330089 1.02455 0.0242851
v 0.353437 1.01625 0.0416937
v 0.346671 1.01873 0.0380855
v 0.402095 0.998275 0.0351815
v 0.364762 1.0131 0.0117445
v 0.380046 0.989674 0.189207
v 0.343447 1.02008 0.0344701
v 0.36333 1.0126 0.0489643
v 0.369835 1.00975 0.059423
v 0.369841 1.00958 0.0625405
v 0.326857 1.02616 0.0114689
v 0.369767 1.01004 0.0560505
v 0.383572 1.00623 0.0208972
v 0.34847 1.0185 0.0380664
v 0.333589 1.02386 0.0266817
v 0.356687 1.01566 0.041621
v 0.346553 1.02003 0.00742841
v 0.350144 1.01815 0.0380435
v 0.363185 1.01345 0.0452115
v 0.339124 1.02278 0.0073216
v 0.340513 1.02189 0.0308704
v 0.326278 1.0269 0.0150399
v 0.326901 1.02675 0.0120285
v 0.375843 1.0082 0.0593476
v 0.374975 1.00833 0.0625405
v 0.326993 1.0267 0.0183515
v 0.328579 1.02616 0.0205367
v 0.375863 1.00807 0.0625405
v 0.375771 1.00852 0.0559177
v 0.353366 1.01743 0.0379844
v 0.355536 1.01741 0.00849223
v 0.346744 1.01994 0.0344863
v 0.331149 1.02558 0.0228744
v 0.375657 1.00906 0.0523078
v 0.293483 1.00622 0.252541
v 0.348474 1.01973 0.0344675
v 0.346606 1.02095 0.00709748
v 0.327121 1.02732 0.0126181
v 0.356571 1.01688 0.0379081
v 0.363017 1.01452 0.0414417
v 0.343705 1.0216 0.0310366
v 0.342462 1.01475 0.125874
v 0.331565 1.02608 0.00822687
v 0.337643 1.02383 0.0272853
v 0.350113 1.01943 0.0344443
v 0.313648 1.01433 0.189207
v 0.375503 1.00982 0.0485754
v 0.387355 1.00482 0.0591698
v 0.386399 1.005 0.0625405
v 0.387371 1.00467 0.0625405
v 0.327444 1.0276 0.0162635
v 0.364685 1.01508 0.0101302
v 0.420058 0.991842 0.0575261
v 0.420058 0.991808 0.0581336
v 0.387291 1.0052 0.0556045
v 0.331747 1.02636 0.00824285
v 0.343046 1.02264 0.00692749
v 0.420054 0.99156 0.0625405
v 0.330835 1.02669 0.0090096
v 0.327463 1.02782 0.0132196
v 0.402048 1.00069 0.0307682
v 0.353292 1.01882 0.0343835
v 0.329984 1.02717 0.0098331
v 0.3337 1.02601 0.00788307
v 0.387188 1.00584 0.0518935
v 0.420069 0.99246 0.0537124
v 0.398434 1.0011 0.0589573
v 0.329615 1.0275 0.010268
v 0.346828 1.0214 0.0310607
v 0.398165 1.00105 0.0625405
v 0.398447 1.00094 0.0625405
v 0.375315 1.0108 0.0447776
v 0.420072 0.992664 0.0524595
v 0.42009 0.992375 0.0584269
v 0.420091 0.992413 0.0577951
v 0.420086 0.992131 0.0625405
v 0.329994 1.0274 0.0194197
v 0.398392 1.00155 0.0552306
v 0.341093 1.02362 0.0276542
v 0.36283 1.0158 0.0377183
v 0.332236 1.02668 0.0215833
v 0.409293 0.996992 0.0587099
v 0.335799 1.02576 0.00760174
v 0.409298 0.99681 0.0625405
v 0.409303 0.996808 0.0625405
v 0.335097 1.02581 0.0237491
v 0.329334 1.02791 0.0107326
v 0.356447 1.01831 0.0343044
v 0.328694 1.02815 0.0175056
v 0.4201 0.993013 0.0543001
v 0.409278 0.997523 0.0547945
v 0.387051 1.00672 0.0480862
v 0.420103 0.993236 0.053
v 0.346697 1.02255 0.00684929
v 0.350091 1.02095 0.0310194
v 0.398324 1.0023 0.0513992
v 0.420085 0.993496 0.0492885
v 0.32834 1.0286 0.0144203
v 0.329193 1.02839 0.0112343
v 0.383384 1.00938 0.0165837
v 0.35554 1.01973 0.00749588
v 0.343986 1.02336 0.0278418
v 0.343242 1.02399 0.00678468
v 0.351289 1.01351 0.125874
v 0.375096 1.012 0.040972
v 0.409254 0.998385 0.0508225
v 0.420095 0.994057 0.047153
v 0.420115 0.994024 0.0501728
v 0.329229 1.02888 0.0117729
v 0.339908 1.02551 0.00713038
v 0.355179 0.988622 0.252541
v 0.329493 1.02883 0.017108
v 0.386882 1.00784 0.0442312
v 0.398233 1.00331 0.0475023
v 0.338658 1.02579 0.0243628
v 0.362627 1.0173 0.0341044
v 0.295886 1.0081 0.252541
v 0.364613 1.0172 0.00879574
v 0.335882 1.0269 0.0224409
v 0.346926 1.02313 0.0278752
v 0.329344 1.0292 0.0156066
v 0.333348 1.02788 0.0204268
v 0.420125 0.994632 0.0479879
v 0.356318 1.01997 0.0308752
v 0.329413 1.02936 0.0123365
v 0.420108 0.994878 0.0448706
v 0.319725 1.01512 0.189207
v 0.331437 1.02875 0.0184684
v 0.346772 1.02388 0.00664306
v 0.409222 0.99956 0.0468211
v 0.346778 1.02398 0.0066278
v 0.374851 1.01343 0.0372157
v 0.401995 1.00333 0.0263884
v 0.341716 1.02562 0.02475
v 0.3297 1.02978 0.0129106
v 0.350082 1.02273 0.0278356
v 0.383288 1.01107 0.0145979
v 0.420136 0.995372 0.0460551
v 0.34344 1.02538 0.00675488
v 0.398122 1.0046 0.0435791
v 0.386685 1.0092 0.0403781
v 0.330414 1.02969 0.0168207
v 0.373857 1.01493 0.0105946
v 0.339188 1.02689 0.0230496
v 0.362739 1.01131 0.125874
v 0.420127 0.996055 0.0415959
v 0.333608 1.02915 0.00840497
v 0.344291 1.02539 0.0249546
v 0.332878 1.02942 0.00916338
v 0.362413 1.01903 0.0306635
v 0.336685 1.02808 0.0212555
v 0.332195 1.0298 0.00997448
v 0.335331 1.02887 0.00807834
v 0.330433 1.03043 0.014056
v 0.333813 1.02946 0.00842285
v 0.331899 1.03006 0.0103991
v 0.420136 0.996569 0.0404651
v 0.409183 1.00103 0.0428186
v 0.355551 1.02223 0.00688314
v 0.334483 1.02917 0.0194197
v 0.346851 1.02527 0.00667882
v 0.420156 0.996632 0.0427613
v 0.374583 1.01508 0.033566
v 0.331673 1.03039 0.0108476
v 0.337156 1.02866 0.00782299
v 0.397992 1.00614 0.0396688
v 0.364547 1.01948 0.00778937
v 0.420162 0.997024 0.0419545
v 0.299455 0.991435 0.315874
v 0.386463 1.0108 0.0365758
v 0.332907 1.0302 0.0176997
v 0.343643 1.02683 0.00684452
v 0.33156 1.03077 0.0113261
v 0.303454 0.990369 0.315874
v 0.331273 1.03094 0.0151889
v 0.339731 1.02807 0.0218496
v 0.383194 1.01287 0.012785
v 0.298931 1.00986 0.252541
v 0.374975 1.00833 0.125874
v 0.295889 0.99292 0.315874
v 0.331589 1.03117 0.0118341
v 0.350089 1.02481 0.0249596
v 0.331929 1.03109 0.0163484
v 0.34071 1.02845 0.00739503
v 0.337507 1.02935 0.020205
v 0.373761 1.01702 0.00925851
v 0.332166 1.03133 0.0163219
v 0.331736 1.03155 0.012363
v 0.32745 1.01553 0.189207
v 0.309489 0.989333 0.315874
v 0.342379 1.02793 0.0222347
v 0.36219 1.021 0.0274651
v 0.401935 1.00616 0.0220459
v 0.409137 1.00277 0.0388427
v 0.293664 0.994241 0.315874
v 0.346934 1.02672 0.00673628
v 0.420168 0.998556 0.036088
v 0.335639 1.03056 0.0185764
v 0.331966 1.03189 0.0128996
v 0.386399 1.005 0.125874
v 0.42017 0.998696 0.0357802
v 0.374296 1.01696 0.030081
v 0.29285 0.994869 0.315874
v 0.346957 1.02712 0.00675249
v 0.397846 1.00793 0.0358105
v 0.420054 0.99156 0.125874
v 0.344621 1.02775 0.022444
v 0.386221 1.01263 0.0328734
v 0.343848 1.02833 0.00705934
v 0.340287 1.02934 0.0207736
v 0.420192 0.998991 0.0379016
v 0.398165 1.00105 0.125874
v 0.420197 0.999269 0.0373309
v 0.420086 0.992131 0.125874
v 0.332554 1.03241 0.0139711
v 0.334399 1.03177 0.0171311
v 0.383102 1.01479 0.0111888
v 0.355572 1.02493 0.00670409
v 0.31573 0.988697 0.315874
v 0.409303 0.996808 0.125874
v 0.342725 1.02922 0.0211465
v 0.338344 1.03072 0.0193026
v 0.364487 1.02195 0.00715947
v 0.291519 0.996265 0.315874
v 0.347019 1.0282 0.00698876
v 0.335485 1.03214 0.00901413
v 0.333228 1.03281 0.0150318
v 0.334947 1.03234 0.00972104
v 0.409087 1.00477 0.0349212
v 0.302526 1.0114 0.252541
v 0.334432 1.03262 0.0105009
v 0.350114 1.02722 0.0224585
v 0.344796 1.02905 0.0213518
v 0.336986 1.03193 0.00871825
v 0.37367 1.01927 0.00824046
v 0.361965 1.02327 0.0245843
v 0.334711 1.0154 0.189207
v 0.33404 1.03305 0.0113275
v 0.336814 1.03207 0.0179119
v 0.340856 1.03071 0.0198328
v 0.333939 1.03314 0.016124
v 0.373996 1.0191 0.0268369
v 0.397687 1.00994 0.0320432
v 0.338533 1.03178 0.00851011
v 0.420206 1.00088 0.0317924
v 0.385962 1.01468 0.0293217
v 0.290647 0.997823 0.315874
v 0.333976 1.03363 0.0122402
v 0.336033 1.03302 0.0092082
v 0.420228 1.00127 0.0339329
v 0.401872 1.00922 0.0178904
v 0.383015 1.01684 0.00985312
v 0.339197 1.03219 0.0185609
v 0.334561 1.03377 0.0160549
v 0.34153 1.03162 0.00816083
v 0.350133 1.02856 0.0213695
v 0.323235 0.988375 0.315874
v 0.335913 1.03346 0.0167794
v 0.344976 1.03045 0.0203795
v 0.334259 1.03416 0.0132122
v 0.420224 1.00202 0.0297089
v 0.341437 1.03218 0.0190382
v 0.409032 1.00701 0.0310819
v 0.347147 1.03047 0.00748134
v 0.334701 1.03454 0.0141885
v 0.344272 1.03152 0.00788927
v 0.364437 1.02461 0.00695443
v 0.420248 1.00257 0.0317247
v 0.342462 1.01475 0.189207
v 0.355604 1.02785 0.0070076
v 0.338007 1.03369 0.017441
v 0.290252 0.999533 0.315874
v 0.397517 1.01219 0.0284088
v 0.335206 1.03483 0.0151567
v 0.373586 1.02169 0.00758696
v 0.401843 1.01087 0.0159748
v 0.385691 1.01699 0.0260057
v 0.361742 1.02586 0.0220966
v 0.37369 1.02153 0.0239263
v 0.350158 1.02999 0.0203993
v 0.420246 1.0034 0.0275395
v 0.335728 1.03507 0.0161781
v 0.347199 1.03138 0.00783157
v 0.345164 1.03195 0.0195358
v 0.340064 1.03377 0.0179923
v 0.420266 1.00375 0.0300169
v 0.308107 1.01315 0.252541
v 0.382932 1.01906 0.0088222
v 0.364416 1.02602 0.00702643
v 0.337388 1.03534 0.0100625
v 0.337038 1.03546 0.0107162
v 0.342029 1.03375 0.0184002
v 0.336693 1.03562 0.0114431
v 0.373536 1.02287 0.0226255
v 0.351289 1.01351 0.189207
v 0.33643 1.03589 0.0122016
v 0.338662 1.03521 0.00984192
v 0.361634 1.02728 0.0210235
v 0.290387 1.00124 0.315874
v 0.408974 1.00946 0.0273564
v 0.350188 1.03152 0.0195563
v 0.401816 1.01262 0.0142171
v 0.339931 1.03512 0.00970459
v 0.336386 1.03626 0.0130174
v 0.339216 1.03543 0.0171785
v 0.380046 0.989674 0.252541
v 0.345358 1.03354 0.0188296
v 0.336574 1.03659 0.0138733
v 0.397341 1.01468 0.0250039
v 0.337138 1.03664 0.0163271
v 0.364397 1.02749 0.00722289
v 0.342368 1.03502 0.00947356
v 0.385414 1.0196 0.0230451
v 0.336868 1.03683 0.0147319
v 0.340944 1.03548 0.0176096
v 0.37351 1.02431 0.00734448
v 0.420285 1.00581 0.0237513
v 0.373383 1.0243 0.0214434
v 0.337205 1.03701 0.0155852
v 0.42029 1.00611 0.0233476
v 0.355649 1.031 0.00784373
v 0.338255 1.03682 0.0106091
v 0.361528 1.02881 0.020077
v 0.336613 0.988219 0.315874
v 0.420305 1.00622 0.0264373
v 0.342631 1.03544 0.01793
v 0.337559 1.03714 0.0164537
v 0.290886 1.00274 0.315874
v 0.382856 1.02144 0.00813985
v 0.344711 1.03495 0.00929356
v 0.347354 1.03409 0.00887179
v 0.362739 1.01131 0.189207
v 0.420308 1.00643 0.0261803
v 0.350223 1.03315 0.0188489
v 0.397252 1.01604 0.0234346
v 0.401792 1.01449 0.0126553
v 0.313648 1.01433 0.252541
v 0.385276 1.02103 0.0217354
v 0.345559 1.03525 0.0182693
v 0.347395 1.03482 0.00925064
v 0.364381 1.02901 0.00754952
v 0.373231 1.02583 0.0203917
v 0.392317 1.01884 0.00950623
v 0.340439 1.03731 0.017139
v 0.408917 1.01217 0.023854
v 0.361425 1.03043 0.0192666
v 0.374975 1.00833 0.189207
v 0.397164 1.01749 0.0219798
v 0.343243 1.03724 0.0176387
v 0.339142 1.03867 0.0120704
v 0.350264 1.03489 0.0182855
v 0.338968 1.03873 0.0127299
v 0.339366 1.03863 0.011409
v 0.338835 1.03884 0.0134046
v 0.291977 1.00459 0.315874
v 0.385139 1.02257 0.0205598
v 0.338811 1.03899 0.0141082
v 0.420334 1.00872 0.0198281
v 0.340349 1.03859 0.0113568
v 0.401774 1.01649 0.0113263
v 0.338904 1.03913 0.0148315
v 0.364368 1.0306 0.00801253
v 0.386399 1.005 0.189207
v 0.40889 1.01364 0.0222449
v 0.339049 1.03922 0.0155566
v 0.382788 1.02401 0.00785041
v 0.341339 1.03855 0.0113065
v 0.373082 1.02745 0.0194821
v 0.420341 1.00911 0.0193901
v 0.345767 1.03706 0.0178638
v 0.420054 0.99156 0.189207
v 0.339217 1.03928 0.0162792
v 0.420352 1.00909 0.0228951
v 0.339397 1.03932 0.0170074
v 0.420357 1.0094 0.022589
v 0.361327 1.03216 0.0186014
v 0.343213 1.03851 0.0112221
v 0.398165 1.00105 0.189207
v 0.319725 1.01512 0.252541
v 0.397078 1.01904 0.0206585
v 0.339688 1.03967 0.0170949
v 0.420086 0.992131 0.189207
v 0.355707 1.03441 0.00926137
v 0.392272 1.02119 0.00879145
v 0.409303 0.996808 0.189207
v 0.341673 1.03929 0.0173094
v 0.385004 1.0242 0.0195334
v 0.345156 1.03846 0.0111527
v 0.340099 1.04014 0.0133333
v 0.340187 1.04012 0.0126991
v 0.340281 1.04011 0.012068
v 0.340032 1.04018 0.0139751
v 0.340285 1.04012 0.0120709
v 0.350312 1.03674 0.0178742
v 0.340019 1.04025 0.0146313
v 0.382758 1.02538 0.00786662
v 0.340065 1.0403 0.0152972
v 0.408866 1.01521 0.020762
v 0.341183 1.04007 0.012047
v 0.347575 1.03798 0.0109105
v 0.364359 1.03225 0.00861835
v 0.293483 1.00622 0.315874
v 0.343863 1.03916 0.0175259
v 0.420371 1.01074 0.0175724
v 0.372936 1.02919 0.0187266
v 0.342031 1.04005 0.0120308
v 0.347596 1.03836 0.0111194
v 0.401762 1.01864 0.0102682
v 0.420387 1.01102 0.0209613
v 0.345982 1.03899 0.0176203
v 0.396994 1.02068 0.0194898
v 0.343622 1.04001 0.0120034
v 0.361234 1.034 0.018091
v 0.420385 1.01149 0.0167415
v 0.38273 1.02679 0.00799751
v 0.341217 1.04131 0.0125406
v 0.341217 1.04131 0.0131655
v 0.341217 1.04131 0.0138404
v 0.420402 1.01184 0.0201349
v 0.341217 1.04131 0.0144155
v 0.341217 1.04131 0.0150404
v 0.341217 1.04131 0.0156655
v 0.341217 1.04131 0.0162904
v 0.341217 1.04131 0.0169156
v 0.384873 1.02595 0.018671
v 0.341217 1.04131 0.0175404
v 0.342 1.04127 0.0125406
v 0.408845 1.01687 0.0194292
v 0.342706 1.04123 0.0125406
v 0.392234 1.02372 0.00844765
v 0.364352 1.03396 0.00937247
v 0.350366 1.03871 0.0176237
v 0.342905 1.04122 0.0175404
v 0.420405 1.01246 0.0158927
v 0.32745 1.01553 0.252541
v 0.372793 1.03104 0.0181365
v 0.344011 1.04115 0.0125406
v 0.42042 1.01272 0.0194592
v 0.344487 1.04113 0.0175404
v 0.396913 1.02244 0.0184929
v 0.355179 0.988622 0.315874
v 0.345495 1.04107 0.0125406
v 0.345549 1.04107 0.0125406
v 0.295886 1.0081 0.315874
v 0.401757 1.02094 0.00951862
v 0.382705 1.02827 0.00824857
v 0.346203 1.04103 0.0175404
v 0.35577 1.03791 0.0111401
v 0.361145 1.03596 0.0177448
v 0.347744 1.04094 0.0125406
v 0.384745 1.02782 0.017988
v 0.408828 1.01865 0.0182703
v 0.420441 1.0142 0.0143733
v 0.420442 1.01425 0.014338
v 0.372656 1.03301 0.017724
v 0.420456 1.0145 0.0180821
v 0.350426 1.04079 0.0175404
v 0.420457 1.01455 0.018044
v 0.351243 1.04074 0.0175404
v 0.334711 1.0154 0.252541
v 0.382682 1.0298 0.00862527
v 0.396837 1.02432 0.0176871
v 0.392206 1.02644 0.00851536
v 0.361062 1.03803 0.0175674
v 0.384621 1.0298 0.0174992
v 0.401759 1.02342 0.00911498
v 0.408816 1.02055 0.0173087
v 0.298931 1.00986 0.315874
v 0.364341 1.03743 0.0111854
v 0.35578 1.04049 0.0125406
v 0.420487 1.01623 0.0130687
v 0.382663 1.03139 0.00913334
v 0.4205 1.01646 0.0169928
v 0.372524 1.0351 0.0175004
v 0.342462 1.01475 0.252541
v 0.396766 1.02633 0.0170915
v 0.411224 1.02072 0.0102983
v 0.420508 1.01714 0.0124853
v 0.420524 1.0175 0.0164165
v 0.360985 1.04019 0.0175404
v 0.384503 1.03192 0.01722
v 0.408809 1.02258 0.0165687
v 0.392188 1.02938 0.00903606
v 0.382647 1.03304 0.00977778
v 0.420537 1.0183 0.0119858
v 0.302526 1.0114 0.315874
v 0.401771 1.0261 0.00909472
v 0.351289 1.01351 0.252541
v 0.36428 1.04 0.0125406
v 0.420549 1.0185 0.0160694
v 0.372398 1.03731 0.0174632
v 0.3967 1.02848 0.0167253
v 0.411265 1.02315 0.00983095
v 0.299455 0.991435 0.379207
v 0.303454 0.990369 0.379207
v 0.420578 1.01991 0.0112944
v 0.295889 0.99292 0.379207
v 0.401781 1.02751 0.00924015
v 0.408809 1.02474 0.0160735
v 0.384391 1.03418 0.0171649
v 0.362739 1.01131 0.252541
v 0.420594 1.0203 0.0154443
v 0.309489 0.989333 0.379207
v 0.420594 1.02051 0.0111523
v 0.293664 0.994241 0.379207
v 0.420604 1.02069 0.0153825
v 0.29285 0.994869 0.379207
v 0.372272 1.03955 0.0175404
v 0.396641 1.03077 0.0166078
v 0.392182 1.03255 0.0100501
v 0.401794 1.02897 0.0094955
v 0.382616 1.03639 0.0113523
v 0.31573 0.988697 0.379207
v 0.374975 1.00833 0.252541
v 0.308107 1.01315 0.315874
v 0.291519 0.996265 0.379207
v 0.411315 1.02576 0.00971651
v 0.408816 1.02707 0.0158472
v 0.384285 1.03655 0.0173216
v 0.386399 1.005 0.252541
v 0.420659 1.02289 0.0105936
v 0.420054 0.99156 0.252541
v 0.380046 0.989674 0.315874
v 0.420668 1.02305 0.0150068
v 0.420666 1.02313 0.0105383
v 0.290647 0.997823 0.379207
v 0.398165 1.00105 0.252541
v 0.420086 0.992131 0.252541
v 0.420682 1.02356 0.014926
v 0.409303 0.996808 0.252541
v 0.381153 1.03904 0.0125406
v 0.39659 1.03321 0.0167577
v 0.323235 0.988375 0.379207
v 0.381153 1.03904 0.0175404
v 0.382542 1.03896 0.0125406
v 0.401828 1.03207 0.010355
v 0.392182 1.03583 0.0114646
v 0.313648 1.01433 0.315874
v 0.290252 0.999533 0.379207
v 0.384176 1.03887 0.0175404
v 0.411376 1.02857 0.00998926
v 0.408832 1.02955 0.0159132
v 0.420734 1.02545 0.0104239
v 0.420741 1.02556 0.0149648
v 0.396544 1.03576 0.0171497
v 0.290387 1.00124 0.379207
v 0.420765 1.02648 0.0103726
v 0.420782 1.02697 0.014992
v 0.319725 1.01512 0.315874
v 0.408856 1.0322 0.0162959
v 0.401867 1.03527 0.0115905
v 0.411447 1.03158 0.0106828
v 0.336613 0.988219 0.379207
v 0.290886 1.00274 0.379207
v 0.420818 1.02817 0.0105717
v 0.420823 1.02825 0.0152249
v 0.39649 1.03817 0.0175404
v 0.401877 1.0367 0.0121534
v 0.420877 1.03004 0.0107923
v 0.291977 1.00459 0.379207
v 0.401092 1.0379 0.0125406
v 0.32745 1.01553 0.315874
v 0.408886 1.03496 0.0169544
v 0.401872 1.03786 0.0125406
v 0.420897 1.03063 0.0156562
v 0.411524 1.0347 0.0117259
v 0.420911 1.0311 0.0110652
v 0.420914 1.03115 0.0158179
v 0.293483 1.00622 0.379207
v 0.334711 1.0154 0.315874
v 0.4089 1.03746 0.0175404
v 0.421002 1.03384 0.0117753
v 0.342462 1.01475 0.315874
v 0.421011 1.03415 0.0118573
v 0.421011 1.03415 0.0167575
v 0.355179 0.988622 0.379207
v 0.295886 1.0081 0.379207
v 0.421046 1.03524 0.0170987
v 0.421053 1.03556 0.0122259
v 0.351289 1.01351 0.315874
v 0.421088 1.03677 0.0125406
v 0.421088 1.03677 0.0175404
v 0.298931 1.00986 0.379207
v 0.362739 1.01131 0.315874
v 0.374975 1.00833 0.315874
v 0.302526 1.0114 0.379207
v 0.386399 1.005 0.315874
v 0.420054 0.99156 0.315874
v 0.398165 1.00105 0.315874
v 0.420086 0.992131 0.315874
v 0.409303 0.996808 0.315874
v 0.308107 1.01315 0.379207
v 0.380046 0.989674 0.379207
v 0.299455 0.991435 0.44254
v 0.303454 0.990369 0.44254
v 0.295889 0.99292 0.44254
v 0.309489 0.989333 0.44254
v 0.293664 0.994241 0.44254
v 0.313648 1.01433 0.379207
v 0.29285 0.994869 0.44254
v 0.31573 0.988697 0.44254
v 0.291519 0.996265 0.44254
v 0.290647 0.997823 0.44254
v 0.319725 1.01512 0.379207
v 0.323235 0.988375 0.44254
v 0.290252 0.999533 0.44254
v 0.32745 1.01553 0.379207
v 0.290387 1.00124 0.44254
v 0.336613 0.988219 0.44254
v 0.290886 1.00274 0.44254
v 0.334711 1.0154 0.379207
v 0.291977 1.00459 0.44254
v 0.342462 1.01475 0.379207
v 0.351289 1.01351 0.379207
v 0.293483 1.00622 0.44254
v 0.362739 1.01131 0.379207
v 0.355179 0.988622 0.44254
v 0.295886 1.0081 0.44254
v 0.374975 1.00833 0.379207
v 0.386399 1.005 0.379207
v 0.420054 0.99156 0.379207
v 0.398165 1.00105 0.379207
v 0.420086 0.992131 0.379207
v 0.409303 0.996808 0.379207
v 0.298931 1.00986 0.44254
v 0.302526 1.0114 0.44254
v 0.308107 1.01315 0.44254
v 0.380046 0.989674 0.44254
v 0.313648 1.01433 0.44254
v 0.299455 0.991435 0.505874
v 0.319725 1.01512 0.44254
v 0.303454 0.990369 0.505874
v 0.295889 0.99292 0.505874
v 0.309489 0.989333 0.505874
v 0.293664 0.994241 0.505874
v 0.29285 0.994869 0.505874
v 0.31573 0.988697 0.505874
v 0.291519 0.996265 0.505874
v 0.32745 1.01553 0.44254
v 0.290647 0.997823 0.505874
v 0.323235 0.988375 0.505874
v 0.334711 1.0154 0.44254
v 0.290252 0.999533 0.505874
v 0.290387 1.00124 0.505874
v 0.342462 1.01475 0.44254
v 0.336613 0.988219 0.505874
v 0.290886 1.00274 0.505874
v 0.351289 1.01351 0.44254
v 0.362739 1.01131 0.44254
v 0.291977 1.00459 0.505874
v 0.374975 1.00833 0.44254
v 0.293483 1.00622 0.505874
v 0.386399 1.005 0.44254
v 0.420054 0.99156 0.44254
v 0.398165 1.00105 0.44254
v 0.420086 0.992131 0.44254
v 0.409303 0.996808 0.44254
v 0.355179 0.988622 0.505874
v 0.295886 1.0081 0.505874
v 0.298931 1.00986 0.505874
v 0.302526 1.0114 0.505874
v 0.308107 1.01315 0.505874
v 0.380046 0.989674 0.505874
v 0.313648 1.01433 0.505874
v 0.319725 1.01512 0.505874
v 0.32745 1.01553 0.505874
v 0.299455 0.991435 0.569207
v 0.303454 0.990369 0.569207
v 0.295889 0.99292 0.569207
v 0.309489 0.989333 0.569207
v 0.293664 0.994241 0.569207
v 0.334711 1.0154 0.505874
v 0.29285 0.994869 0.569207
v 0.31573 0.988697 0.569207
v 0.291519 0.996265 0.569207
v 0.342462 1.01475 0.505874
v 0.297211 0.980626 0.59454
v 0.294697 0.981681 0.59454
v 0.290647 0.997823 0.569207
v 0.299916 0.98029 0.59454
v 0.323235 0.988375 0.569207
v 0.292562 0.983375 0.59454
v 0.351289 1.01351 0.505874
v 0.290252 0.999533 0.569207
v 0.290963 0.985583 0.59454
v 0.362739 1.01131 0.505874
v 0.290387 1.00124 0.569207
v 0.374975 1.00833 0.505874
v 0.336613 0.988219 0.569207
v 0.29002 0.988141 0.59454
v 0.290886 1.00274 0.569207
v 0.386399 1.005 0.505874
v 0.420054 0.99156 0.505874
v 0.398165 1.00105 0.505874
v 0.420086 0.992131 0.505874
v 0.409303 0.996808 0.505874
v 0.291977 1.00459 0.569207
v 0.289803 0.990858 0.59454
v 0.293483 1.00622 0.569207
v 0.299455 0.991435 0.59454
v 0.303454 0.990369 0.59454
v 0.295889 0.99292 0.59454
v 0.355179 0.988622 0.569207
v 0.297211 0.980626 0.614541
v 0.295886 1.0081 0.569207
v 0.309489 0.989333 0.59454
v 0.294697 0.981681 0.614541
v 0.293664 0.994241 0.59454
v 0.299916 0.98029 0.614541
v 0.29285 0.994869 0.59454
v 0.292562 0.983375 0.614541
v 0.31573 0.988697 0.59454
v 0.291519 0.996265 0.59454
v 0.298931 1.00986 0.569207
v 0.290647 0.997823 0.59454
v 0.290963 0.985583 0.614541
v 0.323235 0.988375 0.59454
v 0.29028 0.999235 0.59454
v 0.29002 0.988141 0.614541
v 0.302526 1.0114 0.569207
v 0.354522 0.980996 0.59454
v 0.336613 0.988219 0.59454
v 0.289803 0.990858 0.614541
v 0.357553 0.981036 0.59454
v 0.308107 1.01315 0.569207
v 0.380046 0.989674 0.569207
v 0.299455 0.991435 0.614541
v 0.303454 0.990369 0.614541
v 0.295889 0.99292 0.614541
v 0.313648 1.01433 0.569207
v 0.309489 0.989333 0.614541
v 0.293664 0.994241 0.614541
v 0.29285 0.994869 0.614541
v 0.31573 0.988697 0.614541
v 0.291519 0.996265 0.614541
v 0.319725 1.01512 0.569207
v 0.354956 0.988617 0.59454
v 0.355179 0.988622 0.59454
v 0.290647 0.997823 0.614541
v 0.323235 0.988375 0.614541
v 0.29028 0.999235 0.614541
v 0.32745 1.01553 0.569207
v 0.354522 0.980996 0.614541
v 0.334711 1.0154 0.569207
v 0.336613 0.988219 0.614541
v 0.357553 0.981036 0.614541
v 0.342462 1.01475 0.569207
v 0.299455 0.991435 0.632541
v 0.303454 0.990369 0.632541
v 0.295889 0.99292 0.632541
v 0.351289 1.01351 0.569207
v 0.309489 0.989333 0.632541
v 0.293664 0.994241 0.632541
v 0.29285 0.994869 0.632541
v 0.31573 0.988697 0.632541
v 0.380046 0.989674 0.59454
v 0.291519 0.996265 0.632541
v 0.362739 1.01131 0.569207
v 0.290647 0.997823 0.632541
v 0.354956 0.988617 0.614541
v 0.355179 0.988622 0.614541
v 0.374975 1.00833 0.569207
v 0.323235 0.988375 0.632541
v 0.386399 1.005 0.569207
v 0.290252 0.999533 0.632541
v 0.420054 0.99156 0.569207
v 0.398165 1.00105 0.569207
v 0.420086 0.992131 0.569207
v 0.409303 0.996808 0.569207
v 0.290387 1.00124 0.632541
v 0.41519 0.981782 0.59454
v 0.336613 0.988219 0.632541
v 0.290886 1.00274 0.632541
v 0.4171 0.982188 0.59454
v 0.291977 1.00459 0.632541
v 0.418709 0.983296 0.59454
v 0.293483 1.00622 0.632541
v 0.419771 0.984935 0.59454
v 0.380046 0.989674 0.614541
v 0.355179 0.988622 0.632541
v 0.420124 0.986856 0.59454
v 0.295886 1.0081 0.632541
v 0.298931 1.00986 0.632541
v 0.420054 0.99156 0.59454
v 0.41519 0.981782 0.614541
v 0.302526 1.0114 0.632541
v 0.4171 0.982188 0.614541
v 0.418709 0.983296 0.614541
v 0.308107 1.01315 0.632541
v 0.419771 0.984935 0.614541
v 0.380046 0.989674 0.632541
v 0.313648 1.01433 0.632541
v 0.420124 0.986856 0.614541
v 0.319725 1.01512 0.632541
v 0.420054 0.99156 0.614541
v 0.32745 1.01553 0.632541
v 0.334711 1.0154 0.632541
v 0.342462 1.01475 0.632541
v 0.351289 1.01351 0.632541
v 0.362739 1.01131 0.632541
v 0.299455 0.991435 0.695874
v 0.303454 0.990369 0.695874
v 0.374975 1.00833 0.632541
v 0.295889 0.99292 0.695874
v 0.309489 0.989333 0.695874
v 0.293664 0.994241 0.695874
v 0.386399 1.005 0.632541
v 0.420054 0.99156 0.632541
v 0.29285 0.994869 0.695874
v 0.398165 1.00105 0.632541
v 0.420086 0.992131 0.632541
v 0.409303 0.996808 0.632541
v 0.31573 0.988697 0.695874
v 0.291519 0.996265 0.695874
v 0.290647 0.997823 0.695874
v 0.323235 0.988375 0.695874
v 0.290252 0.999533 0.695874
v 0.290387 1.00124 0.695874
v 0.336613 0.988219 0.695874
v 0.290886 1.00274 0.695874
v 0.291977 1.00459 0.695874
v 0.293483 1.00622 0.695874
v 0.355179 0.988622 0.695874
v 0.295886 1.0081 0.695874
v 0.298931 1.00986 0.695874
v 0.302526 1.0114 0.695874
v 0.308107 1.01315 0.695874
v 0.380046 0.989674 0.695874
v 0.313648 1.01433 0.695874
v 0.319725 1.01512 0.695874
v 0.32745 1.01553 0.695874
v 0.334711 1.0154 0.695874
v 0.342462 1.01475 0.695874
v 0.351289 1.01351 0.695874
v 0.362739 1.01131 0.695874
v 0.374975 1.00833 0.695874
v 0.386399 1.005 0.695874
v 0.420054 0.99156 0.695874
v 0.398165 1.00105 0.695874
v 0.420086 0.992131 0.695874
v 0.409303 0.996808 0.695874
v 0.299455 0.991435 0.759207
v 0.303454 0.990369 0.759207
v 0.295889 0.99292 0.759207
v 0.309489 0.989333 0.759207
v 0.293664 0.994241 0.759207
v 0.29285 0.994869 0.759207
v 0.31573 0.988697 0.759207
v 0.291519 0.996265 0.759207
v 0.290647 0.997823 0.759207
v 0.323235 0.988375 0.759207
v 0.290252 0.999533 0.759207
v 0.290387 1.00124 0.759207
v 0.336613 0.988219 0.759207
v 0.290886 1.00274 0.759207
v 0.291977 1.00459 0.759207
v 0.293483 1.00622 0.759207
v 0.355179 0.988622 0.759207
v 0.295886 1.0081 0.759207
v 0.298931 1.00986 0.759207
v 0.302526 1.0114 0.759207
v 0.308107 1.01315 0.759207
v 0.380046 0.989674 0.759207
v 0.313648 1.01433 0.759207
v 0.319725 1.01512 0.759207
v 0.32745 1.01553 0.759207
v 0.334711 1.0154 0.759207
v 0.342462 1.01475 0.759207
v 0.351289 1.01351 0.759207
v 0.362739 1.01131 0.759207
v 0.374975 1.00833 0.759207
v 0.386399 1.005 0.759207
v 0.420054 0.99156 0.759207
v 0.398165 1.00105 0.759207
v 0.420086 0.992131 0.759207
v 0.409303 0.996808 0.759207
v 0.299707 0.986245 0.822541
v 0.295948 0.98756 0.822541
v 0.30404 0.985228 0.822541
v 0.292914 0.98904 0.822541
v 0.310101 0.984273 0.822541
v 0.290506 0.99063 0.822541
v 0.288741 0.992233 0.822541
v 0.317279 0.983633 0.822541
v 0.31985 0.983514 0.822541
v 0.287268 0.99417 0.822541
v 0.299455 0.991435 0.822541
v 0.303454 0.990369 0.822541
v 0.295889 0.99292 0.822541
v 0.15937 0.941837 0.915418
v 0.143147 0.942776 0.91717
v 0.159316 0.94514 0.912286
v 0.143206 0.939816 0.920442
v 0.159428 0.938771 0.918865
v 0.143092 0.945956 0.914202
v 0.309489 0.989333 0.822541
v 0.175614 0.940957 0.913807
v 0.293664 0.994241 0.822541
v 0.126945 0.943777 0.919065
v 0.286159 0.996531 0.822541
v 0.175562 0.944367 0.910531
v 0.127003 0.94094 0.92214
v 0.175668 0.937803 0.917408
v 0.29285 0.994869 0.822541
v 0.126891 0.946817 0.91628
v 0.143266 0.937098 0.923948
v 0.159487 0.935962 0.922554
v 0.159268 0.948653 0.909545
v 0.143043 0.949327 0.911606
v 0.330807 0.983242 0.822541
v 0.191875 0.940133 0.912336
v 0.127062 0.938332 0.925441
v 0.175516 0.948007 0.90766
v 0.191828 0.943634 0.908935
v 0.110766 0.944843 0.921105
v 0.110821 0.94215 0.923962
v 0.175725 0.934921 0.921259
v 0.126842 0.95003 0.913848
v 0.31573 0.988697 0.822541
v 0.191925 0.936907 0.91607
v 0.291519 0.996265 0.822541
v 0.110715 0.947725 0.918522
v 0.143325 0.934644 0.927628
v 0.110876 0.939671 0.927036
v 0.159545 0.93343 0.926423
v 0.191786 0.947388 0.905951
v 0.12712 0.935975 0.928912
v 0.159228 0.952326 0.907257
v 0.143002 0.952839 0.909445
v 0.208153 0.939361 0.911002
v 0.191977 0.933969 0.920061
v 0.110669 0.950765 0.916272
v 0.285663 0.998802 0.822541
v 0.208111 0.942939 0.907495
v 0.175478 0.951829 0.90526
v 0.0946115 0.945978 0.92329
v 0.17578 0.932328 0.925295
v 0.0946606 0.943448 0.925908
v 0.126802 0.953369 0.911827
v 0.110932 0.937431 0.930275
v 0.208197 0.936079 0.91485
v 0.290647 0.997823 0.822541
v 0.0945655 0.948683 0.920931
v 0.0947111 0.941119 0.928734
v 0.143382 0.932479 0.93143
v 0.208074 0.946794 0.904416
v 0.127176 0.933896 0.932501
v 0.323235 0.988375 0.822541
v 0.19175 0.951347 0.903454
v 0.159601 0.931198 0.930417
v 0.110631 0.953916 0.914405
v 0.192028 0.931332 0.924244
v 0.208243 0.933101 0.91896
v 0.0945244 0.951532 0.91888
v 0.0947608 0.939016 0.931719
v 0.110984 0.935455 0.933631
v 0.224446 0.938639 0.909804
v 0.142971 0.956436 0.907768
v 0.159198 0.9561 0.905477
v 0.224411 0.94228 0.906211
v 0.175833 0.930044 0.929461
v 0.290252 0.999533 0.822541
v 0.0785247 0.944839 0.927981
v 0.126772 0.956778 0.910263
v 0.0784836 0.947185 0.925624
v 0.224483 0.935315 0.913745
v 0.17545 0.955772 0.903389
v 0.285685 1.00122 0.822541
v 0.0785668 0.942682 0.930534
v 0.208043 0.950879 0.901834
v 0.078445 0.949693 0.923507
v 0.094808 0.937164 0.934819
v 0.0944901 0.954482 0.917183
v 0.224379 0.946223 0.903052
v 0.127226 0.93212 0.936158
v 0.143433 0.930629 0.935302
v 0.208288 0.930434 0.923268
v 0.110602 0.957128 0.912965
v 0.0786084 0.940737 0.933244
v 0.192076 0.929012 0.928562
v 0.224521 0.93231 0.917954
v 0.111032 0.933771 0.937055
v 0.159651 0.929289 0.934485
v 0.191724 0.95545 0.9015
v 0.344917 0.983359 0.822541
v 0.0784105 0.952333 0.921674
v 0.290387 1.00124 0.822541
v 0.240752 0.937962 0.908741
v 0.240724 0.941653 0.905079
v 0.17588 0.928092 0.933707
v 0.142953 0.960055 0.906618
v 0.0948508 0.935588 0.937991
v 0.0786479 0.939029 0.936068
v 0.224353 0.950424 0.900399
v 0.15918 0.959912 0.904251
v 0.0944644 0.957485 0.915876
v 0.240781 0.93461 0.912755
v 0.0624139 0.946328 0.93018
v 0.126754 0.960199 0.909196
v 0.0623835 0.948467 0.928107
v 0.0783819 0.955067 0.920161
v 0.062445 0.944365 0.93244
v 0.20802 0.955134 0.899808
v 0.224559 0.92963 0.922367
v 0.208331 0.928093 0.927719
v 0.2407 0.945674 0.901857
v 0.127269 0.930677 0.939838
v 0.175433 0.959771 0.902091
v 0.062355 0.950757 0.926254
v 0.286258 1.00369 0.822541
v 0.143476 0.929123 0.939197
v 0.110586 0.960344 0.911985
v 0.111072 0.932404 0.940503
v 0.0624758 0.942601 0.93485
v 0.336613 0.988219 0.822541
v 0.290886 1.00274 0.822541
v 0.19212 0.927031 0.932967
v 0.240811 0.931593 0.917042
v 0.0786837 0.93758 0.938968
v 0.159694 0.927734 0.938578
v 0.0623295 0.95317 0.924656
v 0.0948873 0.934314 0.941192
v 0.191709 0.95963 0.900136
v 0.0625049 0.941058 0.937377
v 0.0783604 0.957851 0.918998
v 0.0944493 0.960491 0.91499
v 0.257069 0.937328 0.90781
v 0.24068 0.949982 0.899147
v 0.224334 0.954824 0.89831
v 0.35347 0.983615 0.822541
v 0.257051 0.941058 0.904098
v 0.175921 0.926501 0.937984
v 0.224595 0.927282 0.926931
v 0.0623083 0.955672 0.923342
v 0.257089 0.93396 0.911879
v 0.14295 0.963645 0.906025
v 0.24084 0.928912 0.92154
v 0.208369 0.926097 0.932265
v 0.126751 0.963583 0.908652
v 0.0787143 0.936414 0.941905
v 0.0463297 0.947918 0.932509
v 0.127302 0.929598 0.943493
v 0.159176 0.963707 0.903607
v 0.0463469 0.946173 0.934451
v 0.0463131 0.949827 0.930741
v 0.0625314 0.939756 0.939986
v 0.111104 0.931386 0.94393
v 0.287235 1.00587 0.822541
v 0.257034 0.945146 0.90083
v 0.208006 0.959491 0.898383
v 0.291977 1.00459 0.822541
v 0.240671 0.952226 0.898002
v 0.191706 0.961727 0.899686
v 0.14351 0.927995 0.943066
v 0.110582 0.963521 0.911492
v 0.0463638 0.944613 0.93654
v 0.0462973 0.951878 0.929173
v 0.224327 0.957076 0.897492
v 0.0949156 0.933367 0.944379
v 0.192158 0.925416 0.937411
v 0.0783478 0.96064 0.918212
v 0.175429 0.963768 0.901398
v 0.25711 0.930945 0.916224
v 0.257026 0.947312 0.899385
v 0.159727 0.926567 0.942651
v 0.0622925 0.958225 0.922335
v 0.0463799 0.943257 0.938748
v 0.0462832 0.954045 0.927829
v 0.0944463 0.963459 0.914546
v 0.240664 0.954519 0.897006
v 0.062554 0.938713 0.942642
v 0.0787381 0.935551 0.944839
v 0.25702 0.949552 0.898076
v 0.208003 0.961686 0.897907
v 0.240868 0.92657 0.926197
v 0.224627 0.925282 0.9316
v 0.191706 0.963829 0.899393
v 0.273397 0.936733 0.907011
v 0.175953 0.925305 0.942246
v 0.224322 0.959353 0.896831
v 0.273388 0.940492 0.903266
v 0.293483 1.00622 0.822541
v 0.0463945 0.942122 0.941046
v 0.0462716 0.956298 0.926729
v 0.25713 0.928275 0.920786
v 0.208402 0.924469 0.936862
v 0.273383 0.942518 0.901556
v 0.111124 0.930746 0.947291
v 0.288684 1.00802 0.822541
v 0.273407 0.933361 0.911114
v 0.127324 0.928918 0.947076
v 0.363024 0.9839 0.822541
v 0.0622832 0.96079 0.921654
v 0.257014 0.951856 0.896909
v 0.240659 0.956852 0.896162
v 0.0783452 0.963396 0.917818
v 0.126756 0.967076 0.908593
v 0.0302737 0.949614 0.934967
v 0.0949341 0.932775 0.94751
v 0.0302737 0.94988 0.93475
v 0.142955 0.967354 0.905946
v 0.143532 0.927282 0.946864
v 0.273379 0.944637 0.899967
v 0.0302737 0.948154 0.936606
v 0.0302737 0.947847 0.93695
v 0.0625715 0.937947 0.94531
v 0.0302737 0.947419 0.937431
v 0.0302737 0.951307 0.933582
v 0.0302737 0.951311 0.933579
v 0.110587 0.966795 0.911447
v 0.0302737 0.952317 0.932755
v 0.0302737 0.946832 0.938346
v 0.159182 0.967627 0.903505
v 0.0302737 0.946773 0.938438
v 0.208003 0.96389 0.89759
v 0.0464069 0.94122 0.943404
v 0.192187 0.9242 0.941852
v 0.0302737 0.952781 0.932487
v 0.0462629 0.958608 0.925888
v 0.273418 0.930359 0.915497
v 0.22432 0.961645 0.896329
v 0.0302737 0.953084 0.932312
v 0.273375 0.946844 0.898507
v 0.0787535 0.935015 0.947731
v 0.35347 0.988585 0.822541
v 0.159749 0.925828 0.946655
v 0.0302737 0.945779 0.939989
v 0.0302737 0.94565 0.94019
v 0.257009 0.954219 0.895891
v 0.0302737 0.945522 0.940389
v 0.0944507 0.966509 0.914513
v 0.0302737 0.954377 0.931564
v 0.240894 0.924578 0.930972
v 0.175434 0.967896 0.901267
v 0.240655 0.959216 0.895476
v 0.0302737 0.954972 0.93122
v 0.25715 0.925951 0.925517
v 0.355179 0.988622 0.822541
v 0.224655 0.923652 0.936334
v 0.0302737 0.955332 0.931012
v 0.295886 1.0081 0.822541
v 0.0246276 0.950854 0.935792
v 0.273372 0.949132 0.897182
v 0.0302737 0.944981 0.941643
v 0.0246276 0.948946 0.937838
v 0.0622813 0.963333 0.92131
v 0.0246276 0.952161 0.934673
v 0.290486 1.0099 0.822541
v 0.0302737 0.944752 0.942176
v 0.0302737 0.956022 0.930749
v 0.0246276 0.947921 0.939218
v 0.0464166 0.940565 0.945793
v 0.062583 0.937476 0.947955
v 0.175973 0.924547 0.946448
v 0.0246276 0.953559 0.93367
v 0.0462577 0.960941 0.925318
v 0.11472 0.930098 0.95054
v 0.111134 0.930539 0.95054
v 0.289733 0.93776 0.904751
v 0.289733 0.939122 0.903339
v 0.289733 0.936203 0.906367
v 0.289733 0.935641 0.90695
v 0.289733 0.935567 0.907027
v 0.099815 0.931932 0.95054
v 0.273428 0.927713 0.920103
v 0.078349 0.966218 0.917791
v 0.289733 0.939924 0.902609
v 0.289733 0.939953 0.902583
v 0.289733 0.940049 0.902495
v 0.208428 0.923243 0.941469
v 0.127333 0.928693 0.95054
v 0.257006 0.956629 0.895025
v 0.0949433 0.93259 0.95054
v 0.22432 0.963951 0.895987
v 0.0246276 0.947018 0.940681
v 0.0302737 0.956971 0.930389
v 0.129859 0.928411 0.95054
v 0.0302737 0.944251 0.943336
v 0.19171 0.968162 0.89923
v 0.289733 0.933734 0.909343
v 0.0302737 0.944127 0.943624
v 0.0246276 0.955037 0.93279
v 0.273369 0.951495 0.895999
v 0.0851302 0.933914 0.95054
v 0.289733 0.94204 0.900919
v 0.289733 0.932835 0.910479
v 0.289733 0.942295 0.900717
v 0.0302737 0.957745 0.930094
v 0.289733 0.932303 0.911152
v 0.240654 0.961603 0.894949
v 0.143541 0.927041 0.95054
v 0.0302737 0.943983 0.944201
v 0.0787622 0.934853 0.95054
v 0.145247 0.92687 0.95054
v 0.289733 0.93189 0.911784
v 0.0246276 0.946241 0.942216
v 0.289733 0.943968 0.899392
v 0.289733 0.944151 0.899278
v 0.0302737 0.958574 0.929779
v 0.0246276 0.956583 0.932038
v 0.0191588 0.951926 0.936941
v 0.289733 0.944718 0.898923
v 0.126767 0.970694 0.908978
v 0.152038 0.926243 0.95054
v 0.0191588 0.950167 0.938828
v 0.0706531 0.936047 0.95054
v 0.0191588 0.953131 0.93591
v 0.0302737 0.943758 0.945106
v 0.110598 0.970181 0.911816
v 0.0302737 0.959006 0.92969
v 0.192206 0.923428 0.946244
v 0.142966 0.971195 0.90634
v 0.0464228 0.940166 0.948182
v 0.0191588 0.949221 0.9401
v 0.0191588 0.95442 0.934984
v 0.257167 0.923979 0.930381
v 0.0246276 0.945599 0.943811
v 0.289733 0.929864 0.914882
v 0.0622841 0.965923 0.921286
v 0.273366 0.953923 0.894963
v 0.240915 0.922957 0.935829
v 0.257003 0.95908 0.894315
v 0.0462567 0.96327 0.925025
v 0.0302737 0.959508 0.929587
v 0.298931 1.00986 0.822541
v 0.159758 0.925591 0.95054
v 0.289733 0.946425 0.897857
v 0.0625899 0.937333 0.95054
v 0.0944602 0.969655 0.914858
v 0.0191588 0.948389 0.941449
v 0.289733 0.929232 0.915848
v 0.0246276 0.958189 0.931422
v 0.208007 0.968424 0.897391
v 0.289733 0.947264 0.897332
v 0.224321 0.966298 0.895795
v 0.0302737 0.943461 0.9463
v 0.159193 0.971683 0.9039
v 0.0191588 0.955782 0.934173
v 0.273438 0.925417 0.924891
v 0.0574307 0.938155 0.95054
v 0.224677 0.922425 0.941096
v 0.289733 0.928638 0.916957
v 0.293381 1.01217 0.822541
v 0.289733 0.948206 0.896743
v 0.16844 0.924857 0.95054
v 0.0302737 0.943313 0.946895
v 0.0191588 0.947673 0.942864
v 0.240654 0.964011 0.894582
v 0.0302737 0.943275 0.94705
v 0.0246276 0.945095 0.945455
v 0.289733 0.948735 0.896491
v 0.0191588 0.957209 0.93348
v 0.0302737 0.961105 0.929258
v 0.078357 0.969115 0.918105
v 0.111124 0.930746 0.953789
v 0.0949341 0.932775 0.953571
v 0.0302737 0.961312 0.929215
v 0.0246276 0.959841 0.930944
v 0.273364 0.95641 0.894078
v 0.175982 0.924301 0.95054
v 0.175445 0.972161 0.901656
v 0.289733 0.949893 0.895937
v 0.0140449 0.953161 0.938264
v 0.0191588 0.94708 0.944336
v 0.0140449 0.951572 0.939967
v 0.127324 0.928918 0.954005
v 0.289733 0.927266 0.919518
v 0.0787535 0.935015 0.95335
v 0.0464274 0.940045 0.95054
v 0.0140449 0.954248 0.937333
v 0.208445 0.922463 0.946043
v 0.257002 0.961562 0.893764
v 0.0302737 0.961958 0.929083
v 0.0140449 0.950719 0.941116
v 0.0191588 0.958689 0.932911
v 0.0302737 0.943164 0.948417
v 0.0437731 0.9405 0.95054
v 0.0140449 0.955412 0.936498
v 0.0462582 0.965623 0.924998
v 0.0246276 0.944733 0.947137
v 0.289733 0.951167 0.895328
v 0.289733 0.926422 0.921092
v 0.0140449 0.949967 0.942334
v 0.185182 0.923623 0.95054
v 0.143532 0.927282 0.954217
v 0.0140449 0.956642 0.935765
v 0.302526 1.0114 0.822541
v 0.224323 0.968683 0.895748
v 0.0191588 0.946616 0.945852
v 0.0246276 0.961526 0.930609
v 0.062583 0.937476 0.953126
v 0.0622899 0.968561 0.921559
v 0.307835 0.937579 0.904241
v 0.0302737 0.963137 0.929029
v 0.307836 0.935491 0.906511
v 0.289733 0.952556 0.894665
v 0.0116763 0.953864 0.939019
v 0.0302737 0.963209 0.929026
v 0.307835 0.939797 0.902111
v 0.257182 0.922374 0.935345
v 0.0140449 0.949321 0.943611
v 0.240655 0.966458 0.894367
v 0.0191588 0.960213 0.932471
v 0.0116763 0.952373 0.940617
v 0.289733 0.952755 0.894569
v 0.289733 0.925872 0.92237
v 0.19172 0.972627 0.899605
v 0.0116763 0.954885 0.938144
v 0.273447 0.923474 0.929826
v 0.0140449 0.957929 0.93514
v 0.273363 0.958945 0.893347
v 0.0116763 0.951572 0.941695
v 0.240932 0.921735 0.940733
v 0.307835 0.94214 0.900137
v 0.0116763 0.955977 0.93736
v 0.192214 0.923176 0.95054
v 0.296541 1.01405 0.822541
v 0.110613 0.973634 0.912572
v 0.289733 0.953646 0.894261
v 0.126783 0.974387 0.909779
v 0.0116763 0.950867 0.942838
v 0.0140449 0.948786 0.944939
v 0.0191588 0.946281 0.947402
v 0.307836 0.931702 0.911396
v 0.0116763 0.957131 0.936673
v 0.257002 0.964071 0.893372
v 0.159749 0.925828 0.954426
v 0.0944742 0.972856 0.915559
v 0.0302737 0.942991 0.95054
v 0.0140449 0.959266 0.934626
v 0.289733 0.925022 0.924343
v 0.307835 0.944597 0.898335
v 0.0464228 0.940166 0.952899
v 0.0246276 0.963234 0.930418
v 0.142983 0.975116 0.907175
v 0.0191588 0.961766 0.932162
v 0.0116763 0.95026 0.944037
v 0.224691 0.921642 0.945845
v 0.00946295 0.954639 0.939849
v 0.0116763 0.95834 0.936086
v 0.00946295 0.953255 0.941332
v 0.00946295 0.955586 0.939038
v 0.0140449 0.948367 0.946308
v 0.0783687 0.972051 0.918739
v 0.289733 0.955257 0.893705
v 0.0462615 0.967993 0.925224
v 0.0302737 0.965106 0.92894
v 0.257188 0.921718 0.937856
v 0.00946295 0.952512 0.942333
v 0.0949156 0.933367 0.956702
v 0.202294 0.922537 0.95054
v 0.00946295 0.956599 0.93831
v 0.0302737 0.965317 0.92893
v 0.0116763 0.949759 0.945283
v 0.0140449 0.960641 0.934229
v 0.0787381 0.935551 0.956242
v 0.307835 0.947152 0.896711
v 0.111104 0.931386 0.957151
v 0.0191588 0.946082 0.948965
v 0.0248416 0.944386 0.95054
v 0.208016 0.973084 0.897745
v 0.00946295 0.951857 0.943393
v 0.0246284 0.944446 0.95054
v 0.159209 0.975821 0.904759
v 0.273362 0.961521 0.892773
v 0.0116763 0.959594 0.935604
v 0.289733 0.956211 0.893375
v 0.00946295 0.957671 0.937672
v 0.240656 0.968939 0.894299
v 0.289733 0.923953 0.926826
v 0.307837 0.928422 0.916628
v 0.0191588 0.963341 0.931986
v 0.175973 0.924547 0.954633
v 0.00946295 0.951295 0.944506
v 0.0625715 0.937947 0.955771
v 0.0140449 0.948065 0.947707
v 0.127302 0.929598 0.957588
v 0.0116763 0.949365 0.946568
v 0.0622987 0.971218 0.922116
v 0.208452 0.922208 0.95054
v 0.0246276 0.965073 0.930376
v 0.00946295 0.958792 0.937127
v 0.308107 1.01315 0.822541
v 0.0140449 0.962043 0.93395
v 0.289733 0.923583 0.927939
v 0.0302737 0.943163 0.952663
v 0.00742686 0.955495 0.940766
v 0.257003 0.966617 0.893131
v 0.0116763 0.960885 0.935231
v 0.30006 1.01564 0.822541
v 0.289733 0.957598 0.892896
v 0.00742686 0.95423 0.942122
v 0.0202572 0.945677 0.95054
v 0.00742686 0.956361 0.940025
v 0.307834 0.949793 0.895274
v 0.00946295 0.950829 0.945662
v 0.00742686 0.953551 0.943037
v 0.273455 0.921896 0.934883
v 0.289733 0.95792 0.892824
v 0.00742686 0.957287 0.93936
v 0.0191641 0.946031 0.95054
v 0.17546 0.976504 0.902528
v 0.00946295 0.959956 0.93668
v 0.257194 0.921166 0.94038
v 0.0302737 0.966938 0.929114
v 0.00742686 0.952952 0.944006
v 0.0116763 0.949082 0.947881
v 0.0464166 0.940565 0.955288
v 0.0140449 0.947885 0.949119
v 0.14351 0.927995 0.958015
v 0.00742686 0.958266 0.938776
v 0.289733 0.923122 0.929328
v 0.00946295 0.950463 0.946854
v 0.289733 0.958823 0.892622
v 0.0302737 0.967401 0.929166
v 0.0116763 0.962201 0.934969
v 0.0191588 0.965037 0.931947
v 0.00742686 0.952437 0.945023
v 0.0167092 0.946825 0.95054
v 0.0140449 0.963465 0.933791
v 0.380046 0.989674 0.822541
v 0.240943 0.920955 0.94565
v 0.273362 0.964131 0.892354
v 0.00946295 0.961153 0.936334
v 0.0462663 0.970356 0.925692
v 0.00742686 0.959291 0.938278
v 0.0302737 0.943274 0.954026
v 0.22433 0.973531 0.896074
v 0.0246276 0.966789 0.930489
v 0.0302737 0.943314 0.954187
v 0.307834 0.952494 0.894029
v 0.192206 0.923428 0.954836
v 0.00742686 0.952012 0.946081
v 0.220774 0.92155 0.95054
v 0.240659 0.971445 0.894374
v 0.00559044 0.956442 0.941782
v 0.0944918 0.976074 0.916586
v 0.110633 0.977113 0.913682
v 0.00946295 0.950201 0.948073
v 0.307837 0.925637 0.922103
v 0.00559044 0.955308 0.942997
v 0.00742686 0.960355 0.937869
v 0.0191588 0.946082 0.952115
v 0.00559044 0.957218 0.941117
v 0.0140474 0.947831 0.95054
v 0.325943 0.937486 0.903921
v 0.00559044 0.9547 0.943816
v 0.0137832 0.947931 0.95054
v 0.325944 0.935391 0.906214
v 0.0116763 0.963535 0.93482
v 0.00559044 0.958048 0.940521
v 0.191734 0.977166 0.900481
v 0.325943 0.939711 0.901769
v 0.00946295 0.962375 0.936091
v 0.0783835 0.974991 0.919671
v 0.126804 0.978111 0.910958
v 0.159727 0.926567 0.95843
v 0.0302737 0.943461 0.954781
v 0.289733 0.960635 0.892216
v 0.00742686 0.951678 0.94717
v 0.00559044 0.954163 0.944685
v 0.257004 0.969192 0.89304
v 0.224696 0.921379 0.95054
v 0.0302737 0.96875 0.929318
v 0.0787143 0.936414 0.959176
v 0.325944 0.933428 0.908627
v 0.0246276 0.944733 0.953945
v 0.00559044 0.958925 0.939998
v 0.0140449 0.964996 0.933756
v 0.325942 0.942062 0.899776
v 0.0948873 0.934314 0.959889
v 0.0191588 0.96662 0.932051
v 0.00742686 0.96145 0.937553
v 0.062554 0.938713 0.958439
v 0.00559044 0.953702 0.945597
v 0.0119171 0.948743 0.95054
v 0.313648 1.01433 0.822541
v 0.0116799 0.948863 0.95054
v 0.00559044 0.959844 0.939552
v 0.0623096 0.973863 0.922939
v 0.289733 0.961492 0.892024
v 0.143003 0.97907 0.90841
v 0.289733 0.921921 0.932947
v 0.325944 0.931593 0.911143
v 0.111072 0.932404 0.960578
v 0.00742686 0.951437 0.948285
v 0.307834 0.955191 0.892994
v 0.00946295 0.963613 0.935953
v 0.305089 1.01736 0.822541
v 0.325942 0.944527 0.897955
v 0.0302737 0.969451 0.929514
v 0.00559044 0.953321 0.946544
v 0.0246276 0.96849 0.930747
v 0.0140449 0.947885 0.951962
v 0.0116763 0.964972 0.934787
v 0.00742686 0.962567 0.937331
v 0.0464069 0.94122 0.957676
v 0.273363 0.966774 0.892087
v 0.289733 0.921768 0.933596
v 0.00559044 0.960798 0.939186
v 0.0191588 0.946281 0.953679
v 0.0302737 0.943757 0.955975
v 0.00397563 0.95749 0.942906
v 0.00967908 0.949871 0.95054
v 0.00397563 0.956502 0.943965
v 0.289733 0.96273 0.891746
v 0.00559044 0.953021 0.94752
v 0.00397563 0.958167 0.942326
v 0.00946736 0.949999 0.95054
v 0.273461 0.920707 0.940038
v 0.0140449 0.966424 0.93385
v 0.00397563 0.955972 0.944679
v 0.127269 0.930677 0.961243
v 0.289733 0.921565 0.934454
v 0.0462724 0.972689 0.926392
v 0.208445 0.922463 0.955037
v 0.00397563 0.958891 0.941807
v 0.175953 0.925305 0.958835
v 0.00559044 0.961779 0.938902
v 0.325942 0.947093 0.896314
v 0.159229 0.97999 0.906038
v 0.240662 0.973969 0.894589
v 0.00397563 0.955504 0.945436
v 0.208028 0.977808 0.898614
v 0.0191588 0.968188 0.932289
v 0.289733 0.963322 0.89168
v 0.0246276 0.945095 0.955626
v 0.00397563 0.959655 0.941351
v 0.00742686 0.963699 0.937205
v 0.00946295 0.964946 0.935923
v 0.257201 0.920393 0.945457
v 0.0302737 0.970543 0.92982
v 0.00559044 0.952806 0.948519
v 0.00397563 0.955103 0.946231
v 0.0302737 0.943981 0.95688
v 0.3997 0.985591 0.822541
v 0.325945 0.928305 0.916421
v 0.0116763 0.966313 0.934875
v 0.00397563 0.960456 0.940962
v 0.0140449 0.948065 0.953374
v 0.307838 0.923339 0.927735
v 0.257005 0.971789 0.893093
v 0.00769293 0.951067 0.95054
v 0.00559044 0.96278 0.938703
v 0.307833 0.957889 0.892148
v 0.00743187 0.951253 0.95054
v 0.00397563 0.95477 0.947057
v 0.289733 0.964197 0.891582
v 0.239723 0.920725 0.95054
v 0.0246276 0.970162 0.93115
v 0.00397563 0.961287 0.940643
v 0.0191588 0.946616 0.95523
v 0.0302737 0.944116 0.957423
v 0.325941 0.949743 0.894862
v 0.143476 0.929123 0.961884
v 0.240947 0.920683 0.95054
v 0.319725 1.01512 0.822541
v 0.289733 0.921094 0.936453
v 0.0140449 0.96784 0.934065
v 0.00742686 0.964918 0.937177
v 0.0116763 0.949082 0.9532
v 0.00397563 0.954509 0.947908
v 0.0302737 0.971453 0.930075
v 0.00946295 0.966191 0.936004
v 0.0302737 0.944254 0.957744
v 0.175479 0.980876 0.903838
v 0.00638032 0.952 0.95054
v 0.00559044 0.963794 0.93859
v 0.00397563 0.962143 0.940396
v 0.273364 0.969442 0.891969
v 0.289733 0.920948 0.937074
v 0.402417 0.985762 0.822541
v 0.00260484 0.958651 0.94415
v 0.0784007 0.977904 0.920878
v 0.0945125 0.979273 0.917914
v 0.00260484 0.957824 0.945036
v 0.0191588 0.969729 0.93266
v 0.00260484 0.959217 0.943665
v 0.310363 1.01869 0.822541
v 0.0625314 0.939756 0.961095
v 0.00260484 0.95738 0.945634
v 0.0116763 0.967642 0.935077
v 0.0786837 0.93758 0.962113
v 0.00397563 0.954321 0.948778
v 0.00260484 0.959823 0.94323
v 0.00560415 0.952651 0.95054
v 0.0246276 0.945599 0.95727
v 0.0623224 0.976471 0.924009
v 0.0140449 0.948367 0.954773
v 0.00946295 0.950201 0.953008
v 0.192187 0.9242 0.959229
v 0.110655 0.980578 0.915117
v 0.0302737 0.972087 0.930252
v 0.00260484 0.956988 0.946268
v 0.0463945 0.942122 0.960035
v 0.00397563 0.963015 0.940222
v 0.00260484 0.960463 0.942849
v 0.289733 0.965954 0.891386
v 0.00742686 0.966055 0.937252
v 0.0302737 0.972303 0.930352
v 0.0948508 0.935588 0.96309
v 0.00260484 0.956652 0.946933
v 0.325941 0.952455 0.893604
v 0.00559044 0.964886 0.938565
v 0.00495589 0.953194 0.95054
v 0.00260484 0.961133 0.942523
v 0.224341 0.978432 0.896926
v 0.307833 0.960607 0.891473
v 0.224691 0.921642 0.955236
v 0.00946295 0.967423 0.936192
v 0.0116763 0.949365 0.954513
v 0.159694 0.927734 0.962502
v 0.0462794 0.974969 0.927311
v 0.00260484 0.956374 0.947625
v 0.126828 0.981825 0.912483
v 0.0191588 0.94708 0.956746
v 0.0140449 0.969232 0.9344
v 0.325946 0.925513 0.921938
v 0.00397563 0.963899 0.940124
v 0.00260484 0.961829 0.942256
v 0.0302737 0.944751 0.958906
v 0.0246276 0.971794 0.931693
v 0.00742686 0.951437 0.952797
v 0.289733 0.966936 0.891276
v 0.289733 0.920427 0.939283
v 0.257008 0.974398 0.893287
v 0.00260484 0.956155 0.948337
v 0.111032 0.933771 0.964026
v 0.191751 0.981727 0.901808
v 0.344054 0.937437 0.903752
v 0.0116763 0.968948 0.935391
v 0.00260484 0.962545 0.942049
v 0.00398696 0.954183 0.95054
v 0.00946295 0.950463 0.954227
v 0.00559044 0.965905 0.938632
v 0.289733 0.920366 0.939707
v 0.344054 0.93534 0.906057
v 0.344053 0.939665 0.901588
v 0.00742686 0.967182 0.937423
v 0.0302737 0.94498 0.959439
v 0.0191588 0.971234 0.933161
v 0.00371456 0.954461 0.95054
v 0.0140449 0.948786 0.956142
v 0.273465 0.919945 0.945267
v 0.00260484 0.955998 0.949065
v 0.00397563 0.964851 0.940102
v 0.0302737 0.973368 0.930845
v 0.143028 0.983013 0.910011
v 0.344053 0.94202 0.899584
v 0.00260484 0.963275 0.941904
v 0.32745 1.01553 0.822541
v 0.289733 0.968013 0.891156
v 0.32594 0.955162 0.892558
v 0.00559044 0.952806 0.952562
v 0.307838 0.921523 0.933452
v 0.00946295 0.968636 0.936483
v 0.0246276 0.946242 0.958865
v 0.273364 0.972127 0.891998
v 0.00150001 0.959933 0.945524
v 0.00150001 0.959284 0.94622
v 0.00150001 0.960378 0.945144
v 0.00742686 0.951678 0.953911
v 0.0116763 0.949759 0.955798
v 0.325947 0.9243 0.924759
v 0.00150001 0.958935 0.946689
v 0.00150001 0.960853 0.944802
v 0.344055 0.931538 0.911012
v 0.127226 0.93212 0.964922
v 0.00150001 0.958628 0.947187
v 0.0140449 0.97059 0.934852
v 0.00559044 0.966915 0.938785
v 0.00150001 0.961356 0.944503
v 0.257204 0.920126 0.95054
v 0.00260484 0.964015 0.941821
v 0.344052 0.94449 0.897753
v 0.289733 0.96866 0.891153
v 0.316355 1.01969 0.822541
v 0.0302737 0.973976 0.931126
v 0.00397563 0.965739 0.94016
v 0.307833 0.963323 0.890977
v 0.00150001 0.958364 0.947709
v 0.0191588 0.947673 0.958217
v 0.208428 0.923243 0.959612
v 0.00150001 0.961882 0.944247
v 0.00742686 0.96829 0.937689
v 0.175921 0.926501 0.963098
v 0.00946295 0.950829 0.955419
v 0.002648 0.955811 0.95054
v 0.0116763 0.970223 0.935816
v 0.00150001 0.958146 0.948252
v 0.00260508 0.955873 0.95054
v 0.259279 0.920055 0.95054
v 0.40935 0.986507 0.822541
v 0.0246276 0.973373 0.932373
v 0.00252771 0.955985 0.95054
v 0.00150001 0.962428 0.944038
v 0.00559044 0.953021 0.953561
v 0.00397563 0.954321 0.952303
v 0.0302737 0.945494 0.960638
v 0.159253 0.984148 0.9077
v 0.00260484 0.964812 0.941803
v 0.00150001 0.957974 0.948811
v 0.0463799 0.943257 0.962333
v 0.289733 0.920018 0.942132
v 0.0140449 0.949321 0.95747
v 0.24067 0.979039 0.895414
v 0.0625049 0.941058 0.963704
v 0.00150001 0.96299 0.943875
v 0.344052 0.947061 0.896103
v 0.00946295 0.969818 0.936877
v 0.289733 0.96969 0.891148
v 0.00742686 0.952012 0.955
v 0.0191588 0.972691 0.933788
v 0.0302737 0.945653 0.960889
v 0.00397563 0.96662 0.940294
v 0.0623367 0.97901 0.92532
v 0.208044 0.982547 0.899948
v 0.00559044 0.967908 0.939024
v 0.0784199 0.980755 0.922353
v 0.00150001 0.957851 0.949383
v 0.32594 0.957869 0.891704
v 0.0462873 0.977174 0.928439
v 0.325947 0.923208 0.927609
v 0.240943 0.920955 0.955431
v 0.0116763 0.95026 0.957044
v 0.0302737 0.945782 0.961091
v 0.00150001 0.963563 0.943761
v 0.0786479 0.939029 0.965013
v 0.143433 0.930629 0.965779
v 0.00260484 0.965556 0.941852
v 0.0945354 0.982412 0.919538
v 0.334711 1.0154 0.822541
v 0.00397563 0.954509 0.953173
v 0.344056 0.928249 0.916314
v 0.00742686 0.969372 0.938049
v 0.0140449 0.971905 0.935418
v 0.0246276 0.947018 0.9604
v 0.00172293 0.957316 0.95054
v 0.00559044 0.953321 0.954537
v 0.00946295 0.951295 0.956576
v 0.0302737 0.975242 0.931712
v 0.00150001 0.964144 0.943696
v 0.00260484 0.955998 0.952016
v 0.00397563 0.967485 0.940502
v 0.0116763 0.971457 0.936347
v 0.0191588 0.948389 0.959632
v 0.344051 0.949717 0.894643
v 0.0015167 0.95776 0.95054
v 0.094808 0.937164 0.966262
v 0.273365 0.97482 0.892167
v 0.00260484 0.966293 0.941964
v 0.000683308 0.961348 0.94704
v 0.000683308 0.960895 0.947526
v 0.00559044 0.968877 0.939347
v 0.110681 0.983985 0.916871
v 0.307833 0.965971 0.890659
v 0.000683308 0.961658 0.946775
v 0.00742686 0.952437 0.956058
v 0.000683308 0.960651 0.947853
v 0.0302737 0.975611 0.931962
v 0.00150001 0.964769 0.943682
v 0.000683308 0.961989 0.946536
v 0.175502 0.985231 0.905546
v 0.00946295 0.970963 0.93737
v 0.000683308 0.960437 0.948201
v 0.000683308 0.96234 0.946328
v 0.289733 0.971385 0.89114
v 0.00397563 0.95477 0.954024
v 0.0140449 0.949967 0.958748
v 0.0246276 0.974889 0.933185
v 0.000683308 0.960253 0.948565
v 0.00260484 0.956155 0.952744
v 0.192158 0.925416 0.96367
v 0.000683308 0.962707 0.946149
v 0.323463 1.02032 0.822541
v 0.000683308 0.9601 0.948943
v 0.000683308 0.963088 0.946003
v 0.289733 0.919621 0.944899
v 0.0116763 0.950867 0.958243
v 0.00150001 0.965353 0.943721
v 0.00559044 0.953702 0.955485
v 0.413696 0.987335 0.822541
v 0.00742686 0.970419 0.9385
v 0.0191588 0.974088 0.934537
v 0.289733 0.919619 0.944951
v 0.00107288 0.958717 0.95054
v 0.00397563 0.96833 0.940784
v 0.00260484 0.967017 0.942138
v 0.000683308 0.959981 0.949334
v 0.289733 0.919612 0.945079
v 0.32594 0.960598 0.891022
v 0.224677 0.922425 0.959985
v 0.000683308 0.96348 0.94589
v 0.00150001 0.957851 0.951698
v 0.00946295 0.951857 0.957688
v 0.126855 0.985477 0.914352
v 0.110984 0.935455 0.96745
v 0.159651 0.929289 0.966596
v 0.000683308 0.959895 0.949733
v 0.0140449 0.973166 0.936094
v 0.342462 1.01475 0.822541
v 0.000683308 0.96388 0.94581
v 0.344051 0.952434 0.89338
v 0.00559044 0.969815 0.939751
v 0.00260484 0.956374 0.953457
v 0.289733 0.972461 0.891135
v 0.00150001 0.965931 0.943808
v 0.00397563 0.955103 0.95485
v 0.0302737 0.946771 0.962645
v 0.0116763 0.972641 0.936982
v 0.273466 0.919691 0.95054
v 0.224354 0.983337 0.898253
v 0.00742686 0.952952 0.957075
v 0.0302737 0.94683 0.962736
v 0.000683308 0.964285 0.945765
v 0.0246276 0.947921 0.961863
v 0.00150001 0.957974 0.95227
v 0.00260484 0.967724 0.942373
v 0.344057 0.925456 0.921854
v 0.00946295 0.972062 0.937959
v 0.0463638 0.944613 0.964541
v 0.000698447 0.959831 0.95054
v 0.0191588 0.949222 0.960981
v 0.00397563 0.969148 0.941136
v 0.257013 0.979629 0.894076
v 0.000683308 0.964722 0.945755
v 0.00559044 0.954163 0.956396
v 0.00150001 0.9665 0.943945
v 0.00742686 0.971423 0.939039
v 0.00057435 0.9602 0.95054
v 0.00260484 0.956652 0.954148
v 0.0302737 0.976951 0.932868
v 0.0140449 0.950719 0.959965
v 0.0462956 0.979279 0.929771
v 0.191772 0.986266 0.903549
v 0.00150001 0.958146 0.952829
v 0.000683308 0.965129 0.945782
v 0.0624758 0.942601 0.966231
v 0.0116763 0.951573 0.959386
v 0.289733 0.97367 0.891129
v 0.307833 0.968708 0.890478
v 0.143055 0.986893 0.911978
v 0.0302737 0.977138 0.932994
v 0.0623519 0.981447 0.926867
v 0.00397563 0.955504 0.955645
v 0.00559044 0.970716 0.940233
v 0.325948 0.921386 0.933363
v 0.0246276 0.97633 0.934124
v 0.00260484 0.968409 0.942668
v 0.000683308 0.959895 0.951348
v 0.127176 0.933896 0.96858
v 0.257201 0.920393 0.955624
v 0.00946295 0.952512 0.958749
v 0.00150001 0.967055 0.94413
v 0.362164 0.937433 0.903735
v 0.273367 0.977515 0.892473
v 0.0191588 0.975417 0.935403
v 0.000683308 0.965533 0.945843
v 0.34405 0.955146 0.892329
v 0.362164 0.935336 0.906042
v 0.0302737 0.947372 0.963589
v 0.362163 0.939661 0.901569
v 0.41682 0.988274 0.822541
v 0.00742686 0.953551 0.958044
v 0.351289 1.01351 0.822541
v 0.279527 0.919536 0.95054
v 0.000177145 0.962904 0.948709
v 0.000177145 0.962667 0.948963
v 0.325939 0.963327 0.890526
v 0.000177145 0.963066 0.94857
v 0.330662 1.02048 0.822541
v 0.00397563 0.969932 0.941556
v 0.0140449 0.974366 0.936876
v 0.000177145 0.96254 0.949134
v 0.0784405 0.983499 0.924097
v 0.000177145 0.96324 0.948445
v 0.00150001 0.958364 0.953372
v 0.000683308 0.959981 0.951747
v 0.000177145 0.962427 0.949316
v 0.00260484 0.956988 0.954813
v 0.000177145 0.963423 0.948336
v 0.000177145 0.962331 0.949507
v 0.362164 0.933372 0.90847
v 0.0116763 0.973767 0.937715
v 0.000177145 0.963615 0.948242
v 0.362163 0.942015 0.899564
v 0.000299454 0.961378 0.95054
v 0.208402 0.924469 0.964219
v 0.000683308 0.96593 0.945939
v 0.00559044 0.9547 0.957265
v 0.35347 1.01309 0.822541
v 0.000177145 0.962251 0.949705
v 0.0786084 0.940737 0.967838
v 0.000177145 0.963815 0.948166
v 0.00150001 0.967592 0.944361
v 0.00946295 0.973107 0.938639
v 0.17588 0.928092 0.967374
v 0.000177145 0.962189 0.949909
v 0.000177145 0.96402 0.948107
v 0.000683308 0.9601 0.952138
v 0.00260484 0.969066 0.94302
v 0.000177145 0.962144 0.950118
v 0.00742686 0.972378 0.93966
v 0.000177145 0.964229 0.948065
v 0.00397563 0.955972 0.956402
v 0.000683308 0.966317 0.946067
v 0.362165 0.931537 0.911001
v 0.0302737 0.947846 0.964133
v 0.00150001 0.958628 0.953894
v 0.000177145 0.964441 0.948041
v 0.0246276 0.948946 0.963243
v 0.00559044 0.971572 0.940791
v 0.0191588 0.950167 0.962253
v 0.0945598 0.985439 0.92146
v 0.362162 0.944485 0.897731
v 0.000196814 0.962111 0.95054
v 0.000177145 0.96467 0.948036
v 0.000683308 0.960253 0.952516
v 0.0302737 0.97813 0.933665
v 0.289733 0.975229 0.891286
v 0.0140449 0.951572 0.961114
v 0.00260484 0.95738 0.955447
v 0.00150001 0.968108 0.944637
v 0.15928 0.988236 0.909749
v 0.0116763 0.952373 0.960464
v 0.00397563 0.970679 0.942042
v 0.000177145 0.964883 0.94805
v 0.000683308 0.966692 0.946229
v 0.00946295 0.953255 0.959749
v 0.240932 0.921735 0.960348
v 0.000177145 0.962144 0.950963
v 0.0302737 0.948148 0.96448
v 0.00742686 0.95423 0.958959
v 0.000177145 0.965094 0.948082
v 0.143382 0.932479 0.969651
v 0.00260484 0.96969 0.943427
v 0.0947608 0.939016 0.969362
v 0.325948 0.920658 0.936252
v 0.000683308 0.960437 0.952881
v 0.00150001 0.958936 0.954391
v 0.24068 0.984099 0.896723
v 0.000177145 0.962189 0.951172
v 0.00559044 0.955308 0.958085
v 0.34405 0.957859 0.891473
v 0.418955 0.989274 0.822541
v 0.000177145 0.965302 0.948132
v 7.61747e-05 0.962972 0.95054
v 0.362739 1.01131 0.822541
v 0.000683308 0.967052 0.946422
v 0.00397563 0.956503 0.957116
v 0.208062 0.987254 0.901706
v 0.362162 0.947057 0.896082
v 0.0246276 0.977686 0.935182
v 0.000177145 0.962251 0.951376
v 0.0191588 0.976668 0.936379
v 0.0302737 0.978592 0.934101
v 0.0302737 0.978598 0.934107
v 0.00150001 0.968598 0.944957
v 0.0140449 0.975495 0.937756
v 0.000177145 0.965505 0.9482
v 0.0116763 0.974826 0.938542
v 0.307834 0.971455 0.890441
v 0.00946295 0.97409 0.939407
v 0.110708 0.987272 0.918953
v 0.00260484 0.957824 0.956045
v 0.000683308 0.960651 0.953228
v 0.000177145 0.962331 0.951574
v 0.00742686 0.973277 0.940362
v 0.0463469 0.946173 0.96663
v 0.338495 1.02012 0.822541
v 0.00559044 0.972377 0.941419
v 0.000177145 0.965701 0.948284
v 0.32594 0.965989 0.890217
v 0.000683308 0.967394 0.946644
v 0.00150001 0.959284 0.954861
v 0.00397563 0.97138 0.94259
v 0.000177145 0.962427 0.951765
v 0.0463045 0.981255 0.9313
v 0.00260484 0.970278 0.943885
v 0.000177145 0.965889 0.948385
v 0.362166 0.92825 0.916307
v 0.000683308 0.960895 0.953555
v 0.289733 0.919339 0.95054
v 0.000177145 0.96254 0.951947
v 0.00150001 0.969059 0.945317
v 0.289733 0.976826 0.891447
v 0.273368 0.980204 0.89291
v 0.307839 0.919373 0.94491
v 0.000177145 0.966068 0.948502
v 0.000683308 0.967715 0.946895
v 0.000177145 0.962667 0.952118
v 0.362161 0.949713 0.894622
v 0.000177145 0.966236 0.948633
v 0.19212 0.927031 0.968114
v 0.110932 0.937431 0.970806
v 0.175527 0.98951 0.907661
v 0.374975 1.00833 0.822541
v 0.420324 0.990307 0.822541
v 0.062445 0.944365 0.968641
v 3.45707e-06 0.964613 0.95054
v 0.0623677 0.98374 0.928646
v 0.000177145 0.966393 0.948778
v 0.000683308 0.968014 0.947173
v 0.000177145 0.962904 0.952372
v 0.00150001 0.969488 0.945714
v 0.224655 0.923652 0.964747
v 0.126883 0.989003 0.916577
v 0.00260484 0.970824 0.944392
v 0.000683308 0.961348 0.954041
v 0.00397563 0.972033 0.943195
v 0.00150001 0.959933 0.955557
v 0.00559044 0.973126 0.942113
v 0.34405 0.960593 0.890791
v 0.273465 0.919945 0.955814
v 0.000177145 0.966537 0.948936
v 0.00742686 0.974112 0.941136
v 0.325949 0.920053 0.939139
v 0.00260484 0.958651 0.956931
v 0.000177145 0.963066 0.952511
v 0.159601 0.931198 0.970664
v 0.00946295 0.975004 0.940254
v 0.00397563 0.95749 0.958175
v 0.0116763 0.975811 0.939455
v 0.0302737 0.949324 0.965829
v 0.0140449 0.976544 0.938729
v 0.00559044 0.956442 0.959299
v 0.00742686 0.955494 0.960315
v 0.000177145 0.966666 0.949106
v 0.000683308 0.968289 0.947475
v 0.289733 0.977999 0.891565
v 0.0191588 0.97783 0.937456
v 0.000177145 0.96324 0.952636
v 0.00946295 0.954639 0.961232
v 0.34632 1.01928 0.822541
v 0.000683308 0.961658 0.954306
v 0.0116763 0.953864 0.962062
v 2.07424e-05 0.965424 0.95054
v 0.0246276 0.978947 0.936351
v 0.0140449 0.953161 0.962816
v 0.000177145 0.966781 0.949286
v 0.00150001 0.969881 0.946147
v 0.386399 1.005 0.822541
v 0.000177145 0.963423 0.952745
v 0.0302737 0.949632 0.966092
v 0.0191588 0.951926 0.96414
v 0.0302737 0.979939 0.935372
v 0.00150001 0.960378 0.955937
v 0.0784619 0.986083 0.926108
v 0.420054 0.99156 0.822541
v 0.000177145 0.96688 0.949475
v 0.362161 0.952431 0.893359
v 0.000683308 0.968537 0.947799
v 0.00260484 0.971325 0.944943
v 0.000177145 0.963615 0.952838
v 0.0246276 0.950854 0.965289
v 0.000683308 0.961989 0.954544
v 0.0302737 0.980091 0.935515
v 0.00260484 0.959217 0.957416
v 0.0785668 0.942682 0.970547
v 0.32594 0.968744 0.890046
v 0.00397563 0.972631 0.943853
v 0.000177145 0.966963 0.949672
v 0.224369 0.988199 0.900015
v 0.421151 0.991475 0.822541
v 0.0302737 0.949894 0.966314
v 0.000177145 0.963815 0.952915
v 0.398165 1.00105 0.822541
v 0.00397563 0.958167 0.958754
v 0.12712 0.935975 0.972169
v 0.00559044 0.973812 0.942869
v 0.420086 0.992131 0.822541
v 0.000177145 0.967028 0.949876
v 0.00150001 0.970236 0.946612
v 0.362166 0.925461 0.921852
v 0.000683308 0.968756 0.948143
v 0.000177145 0.96402 0.952974
v 0.25702 0.984834 0.895355
v 0.257194 0.921166 0.960701
v 0.000683308 0.96234 0.954753
v 0.00150001 0.960853 0.956279
v 0.409303 0.996808 0.822541
v 0.00742686 0.974878 0.941979
v 0.00559044 0.957218 0.959964
v 0.143084 0.990637 0.914329
v 0.000177145 0.967076 0.950084
v 0.000177145 0.964229 0.953016
v 0.35347 1.01816 0.822541
v 0.00946295 0.975842 0.941176
v 0.00742686 0.956361 0.961056
v 0.000177145 0.967106 0.950295
v 0.00260484 0.971777 0.945535
v 0.000177145 0.964441 0.95304
v 0.000683308 0.968945 0.948505
v 0.0116763 0.976714 0.940449
v 0.191795 0.990719 0.905714
v 0.000683308 0.962707 0.954932
v 0.00260484 0.959823 0.957851
v 0.00946295 0.955586 0.962043
v 0.000177145 0.967117 0.950509
v 0.289733 0.979625 0.891729
v 0.355127 1.0179 0.822541
v 0.0463297 0.947918 0.968572
v 0.000237465 0.96711 0.95054
v 0.0302737 0.980674 0.936065
v 0.0945853 0.988289 0.923684
v 0.000177145 0.96467 0.953045
v 0.000177145 0.967117 0.950572
v 0.0140449 0.977506 0.939788
v 0.00150001 0.97055 0.947105
v 0.344049 0.963328 0.890297
v 0.0463133 0.983069 0.933016
v 0.289733 0.919443 0.953852
v 0.0116763 0.954885 0.962937
v 0.00150001 0.961356 0.956578
v 0.325949 0.919574 0.942019
v 0.000177145 0.964883 0.953031
v 0.00397563 0.973172 0.944561
v 0.000177145 0.967106 0.950785
v 0.000683308 0.969103 0.948881
v 0.0140449 0.954248 0.963748
v 0.000177145 0.965094 0.952999
v 0.0191588 0.978896 0.938629
v 0.000177145 0.967076 0.950997
v 0.362161 0.955144 0.89231
v 0.208369 0.926097 0.968816
v 0.421407 0.992739 0.822541
v 0.00397563 0.95889 0.959274
v 0.000683308 0.963088 0.955078
v 0.000177145 0.965302 0.952949
v 0.000177145 0.967028 0.951205
v 0.175833 0.930044 0.97162
v 0.00559044 0.974432 0.94368
v 0.0947111 0.941119 0.972347
v 0.000177145 0.965505 0.952881
v 0.000177145 0.966963 0.951409
v 0.0246276 0.980102 0.937623
v 0.00260484 0.972178 0.946163
v 0.0191588 0.953131 0.965171
v 0.000177145 0.965701 0.952797
v 0.000177145 0.96688 0.951606
v 0.362167 0.924249 0.924685
v 0.38027 0.937473 0.903872
v 0.00150001 0.970822 0.947623
v 0.000683308 0.969228 0.94927
v 0.00559044 0.958048 0.96056
v 0.000177145 0.965889 0.952696
v 0.000177145 0.966781 0.951795
v 0.000683308 0.96348 0.955191
v 0.380271 0.935381 0.90617
v 0.000177145 0.966068 0.952579
v 0.000177145 0.966666 0.951975
v 0.00260484 0.960463 0.958232
v 0.38027 0.939698 0.901716
v 0.00150001 0.961882 0.956833
v 0.000177145 0.966236 0.952448
v 0.000177145 0.966537 0.952145
v 0.000177145 0.966393 0.952303
v 0.00742686 0.97557 0.942885
v 0.000386596 0.96827 0.95054
v 0.0302737 0.981177 0.936724
v 0.0246276 0.952161 0.966407
v 0.299338 0.986334 0.882541
v 0.00742686 0.957287 0.961721
v 0.299707 0.986246 0.882541
v 0.289733 0.980757 0.891956
v 0.000683308 0.969319 0.949668
v 0.00946295 0.976599 0.942166
v 0.38027 0.942049 0.899718
v 0.240915 0.922957 0.965252
v 0.000683308 0.96388 0.955271
v 0.00397563 0.97365 0.945311
v 0.143325 0.934644 0.973453
v 0.295953 0.987574 0.882541
v 0.295409 0.987773 0.882541
v 0.0623837 0.985838 0.930651
v 0.365109 1.01589 0.822541
v 0.159308 0.992178 0.912207
v 0.00150001 0.971048 0.948163
v 0.0302737 0.9513 0.967509
v 0.304037 0.985215 0.882541
v 0.304087 0.985203 0.882541
v 0.0302737 0.951304 0.967512
v 0.110736 0.990365 0.921373
v 0.00397563 0.959655 0.95973
v 0.0624139 0.946328 0.970901
v 0.00946295 0.956599 0.962771
v 0.0116763 0.97753 0.941516
v 0.00150001 0.962428 0.957043
v 0.32594 0.971509 0.890021
v 0.0302737 0.981437 0.937064
v 0.00260484 0.972523 0.946824
v 0.421063 0.994195 0.822541
v 0.000683308 0.969377 0.950072
v 0.000683308 0.964285 0.955316
v 0.380271 0.931588 0.911112
v 0.00260484 0.961133 0.958558
v 0.307834 0.976949 0.890783
v 0.0140449 0.978375 0.940925
v 0.00559044 0.974981 0.944542
v 0.0116763 0.955977 0.96372
v 0.292924 0.989059 0.882541
v 0.380269 0.944515 0.897894
v 0.307841 0.919146 0.95054
v 0.000683308 0.969399 0.95048
v 0.292246 0.98941 0.882541
v 0.000750661 0.969377 0.95054
v 0.00559044 0.958925 0.961083
v 0.000683308 0.964722 0.955326
v 0.36216 0.957857 0.891456
v 0.00150001 0.971227 0.94872
v 0.000683308 0.969399 0.950601
v 0.0140449 0.955412 0.964583
v 0.257188 0.921718 0.963225
v 0.240691 0.989104 0.898475
v 0.00150001 0.96299 0.957206
v 0.34405 0.966 0.889992
v 0.289733 0.919678 0.955994
v 0.362167 0.923158 0.927547
v 0.00742686 0.976183 0.943846
v 0.310101 0.984276 0.882541
v 0.0191588 0.979859 0.939889
v 0.00397563 0.974063 0.9461
v 0.289733 0.919692 0.956122
v 0.310638 0.984193 0.882541
v 0.325949 0.919225 0.944884
v 0.110876 0.939671 0.974045
v 0.000683308 0.965129 0.955299
v 0.000683308 0.969377 0.951009
v 0.208082 0.991867 0.903905
v 0.00260484 0.972811 0.947511
v 0.00397563 0.960456 0.960118
v 0.00742686 0.958266 0.962305
v 0.0302737 0.95199 0.968095
v 0.0302674 0.952006 0.968105
v 0.00260484 0.961829 0.958825
v 0.0191588 0.95442 0.966097
v 0.419984 0.995831 0.822541
v 0.376442 1.0131 0.822541
v 0.290523 0.990654 0.882541
v 0.00150001 0.971358 0.94929
v 0.000683308 0.965533 0.955238
v 0.000683308 0.969319 0.951413
v 0.00946295 0.977269 0.943218
v 0.289733 0.982221 0.892251
v 0.380269 0.947082 0.896252
v 0.00150001 0.963563 0.95732
v 0.0246276 0.981147 0.938989
v 0.0784835 0.988439 0.928383
v 0.289845 0.991143 0.882541
v 0.000683308 0.96593 0.955142
v 0.000683308 0.969228 0.951811
v 0.00946295 0.95767 0.963409
v 0.00559044 0.975454 0.945447
v 0.273372 0.985546 0.894147
v 0.126913 0.992316 0.919173
v 0.0116763 0.978252 0.942649
v 0.192076 0.929012 0.972519
v 0.0246276 0.953559 0.967411
v 0.0463219 0.984692 0.934902
v 0.0785247 0.944839 0.9731
v 0.000683308 0.966317 0.955014
v 0.000683308 0.969103 0.9522
v 0.00559044 0.959844 0.961529
v 0.0463131 0.949827 0.97034
v 0.00260484 0.973039 0.948221
v 0.00150001 0.97144 0.94987
v 0.0302737 0.982296 0.938189
v 0.273461 0.920707 0.961043
v 0.00397563 0.974407 0.946922
v 0.380272 0.928307 0.916401
v 0.00150001 0.964144 0.957385
v 0.000683308 0.966692 0.954852
v 0.00260484 0.962545 0.959032
v 0.000683308 0.968945 0.952576
v 0.0116763 0.957131 0.964408
v 0.001297 0.971039 0.95054
v 0.224627 0.925282 0.969481
v 0.418132 0.997543 0.822541
v 0.00397563 0.961287 0.960438
v 0.0140449 0.979144 0.942133
v 0.000683308 0.967052 0.954659
v 0.000683308 0.968756 0.952938
v 0.175554 0.993631 0.91021
v 0.388139 1.00969 0.822541
v 0.159545 0.93343 0.974658
v 0.00742686 0.976711 0.944856
v 0.000683308 0.967394 0.954436
v 0.000683308 0.968537 0.953282
v 0.288761 0.992253 0.882541
v 0.0302737 0.952792 0.968578
v 0.000683308 0.967715 0.954185
v 0.000683308 0.968289 0.953606
v 0.000683308 0.968014 0.953908
v 0.317278 0.983621 0.882541
v 0.31735 0.983615 0.882541
v 0.00150001 0.971472 0.950454
v 0.0140449 0.956642 0.965316
v 0.00153208 0.971455 0.95054
v 0.380269 0.949734 0.894799
v 0.00742686 0.959291 0.962803
v 0.36216 0.960592 0.890778
v 0.00150001 0.964769 0.957399
v 0.00150001 0.971472 0.950627
v 0.00260484 0.973206 0.948948
v 0.288175 0.992853 0.882541
v 0.0302737 0.98269 0.938703
v 0.0302737 0.953091 0.968759
v 0.00260484 0.963275 0.959177
v 0.00559044 0.975849 0.946389
v 0.414832 0.999659 0.822541
v 0.00946295 0.977846 0.944323
v 0.400206 1.00563 0.822541
v 0.0191588 0.98071 0.941227
v 0.159323 0.994062 0.913599
v 0.0302737 0.9828 0.938848
v 0.00397563 0.974679 0.94777
v 0.00559044 0.960797 0.961895
v 0.00150001 0.965353 0.957361
v 0.127062 0.938332 0.97564
v 0.00150001 0.97144 0.951211
v 0.410203 1.00184 0.822541
v 0.31985 0.983535 0.882541
v 0.00946295 0.958792 0.963954
v 0.00397563 0.962142 0.960685
v 0.0946109 0.990878 0.92621
v 0.0191588 0.955782 0.966909
v 0.32595 0.919009 0.947727
v 0.0116763 0.978874 0.94384
v 0.00260484 0.973311 0.949686
v 0.00150001 0.965931 0.957273
v 0.00150001 0.971358 0.951791
v 0.0246276 0.982071 0.94044
v 0.00260484 0.964015 0.95926
v 0.257182 0.922374 0.965736
v 0.00742686 0.977151 0.945908
v 0.0623994 0.987692 0.932858
v 0.0116763 0.95834 0.964995
v 0.287288 0.994183 0.882541
v 0.143114 0.994148 0.917084
v 0.289733 0.920003 0.958952
v 0.0946606 0.943448 0.975173
v 0.00742686 0.960355 0.963211
v 0.0623835 0.948467 0.972974
v 0.380268 0.952448 0.893543
v 0.0140449 0.979808 0.943401
v 0.00150001 0.9665 0.957136
v 0.00150001 0.971227 0.952361
v 0.0246276 0.955036 0.968291
v 0.00397563 0.974879 0.948638
v 0.224386 0.992956 0.902233
v 0.00559044 0.976162 0.947362
v 0.00397563 0.963015 0.960859
v 0.286912 0.994748 0.882541
v 0.00260484 0.973352 0.95043
v 0.00559044 0.961779 0.962179
v 0.0302737 0.983276 0.93974
v 0.257028 0.989972 0.897083
v 0.0140449 0.957929 0.965941
v 0.00260484 0.973353 0.95054
v 0.00150001 0.967055 0.956951
v 0.00150001 0.971048 0.952918
v 0.00260484 0.964812 0.959278
v 0.362168 0.921338 0.933322
v 0.00946295 0.978328 0.945473
v 0.380273 0.925523 0.921928
v 0.00260484 0.973352 0.950651
v 0.00150001 0.967592 0.95672
v 0.00150001 0.970822 0.953458
v 0.00946295 0.959956 0.964401
v 0.0302737 0.954371 0.96953
v 0.36216 0.963328 0.890285
v 0.19182 0.995001 0.908337
v 0.00150001 0.968108 0.956443
v 0.289733 0.920111 0.95994
v 0.00150001 0.97055 0.953976
v 0.0191588 0.981445 0.942632
v 0.208331 0.928093 0.973362
v 0.00397563 0.975004 0.949519
v 0.17578 0.932328 0.975786
v 0.00150001 0.968598 0.956124
v 0.00742686 0.9775 0.946993
v 0.00150001 0.970236 0.954469
v 0.0463302 0.986107 0.936925
v 0.00260484 0.965556 0.959229
v 0.289733 0.985517 0.892914
v 0.00260484 0.973311 0.951395
v 0.0116763 0.979393 0.945079
v 0.00397563 0.963899 0.960957
v 0.00150001 0.969059 0.955764
v 0.00150001 0.969881 0.954934
v 0.00150001 0.969488 0.955367
v 0.110765 0.993162 0.924132
v 0.00559044 0.976391 0.948358
v 0.0462973 0.951878 0.971908
v 0.00742686 0.96145 0.963528
v 0.0191588 0.957209 0.967601
v 0.0116763 0.959594 0.965477
v 0.0302737 0.983687 0.940511
v 0.00559044 0.96278 0.962378
v 0.328143 0.983268 0.882541
v 0.143266 0.937098 0.977133
v 0.380268 0.955156 0.892501
v 0.0302737 0.954987 0.969901
v 0.00260484 0.966293 0.959117
v 0.325941 0.977037 0.890391
v 0.00260484 0.973206 0.952133
v 0.0140449 0.980361 0.944722
v 0.0785047 0.990498 0.930892
v 0.286168 0.996535 0.882541
v 0.0246276 0.982868 0.941964
v 0.240894 0.924578 0.970109
v 0.34405 0.971542 0.889806
v 0.00397563 0.975053 0.950409
v 0.00946295 0.97871 0.94666
v 0.00399208 0.97504 0.95054
v 0.32595 0.918954 0.95054
v 0.289733 0.986227 0.893124
v 0.307839 0.919373 0.956171
v 0.286036 0.996855 0.882541
v 0.0140449 0.959265 0.966455
v 0.00397563 0.964851 0.960979
v 0.00397563 0.975053 0.950672
v 0.159337 0.995866 0.915103
v 0.00946295 0.961153 0.964747
v 0.110821 0.94215 0.977119
v 0.00260484 0.967017 0.958943
v 0.0246276 0.956583 0.969043
v 0.00418985 0.975281 0.95054
v 0.00260484 0.973039 0.95286
v 0.0784836 0.947185 0.975457
v 0.307834 0.982394 0.891642
v 0.00559044 0.976534 0.949369
v 0.00742686 0.977756 0.948105
v 0.330807 0.983267 0.882541
v 0.398371 0.93756 0.904167
v 0.289733 0.920405 0.961365
v 0.00559044 0.963794 0.962491
v 0.00742686 0.962567 0.96375
v 0.398371 0.935473 0.906445
v 0.398371 0.939778 0.90203
v 0.00260484 0.967724 0.958708
v 0.0302737 0.984144 0.941366
v 0.00260484 0.972811 0.95357
v 0.0116763 0.979805 0.946359
v 0.143129 0.995776 0.918617
v 0.00397563 0.965739 0.960921
v 0.00397563 0.975004 0.951562
v 0.0191588 0.982058 0.944095
v 0.398371 0.933516 0.908844
v 0.289733 0.920492 0.961785
v 0.0116763 0.960885 0.96585
v 0.00260484 0.968409 0.958413
v 0.398371 0.942121 0.900051
v 0.36216 0.966003 0.889979
v 0.00260484 0.972523 0.954257
v 0.0302737 0.956028 0.970318
v 0.32994 0.918912 0.95054
v 0.0191588 0.958689 0.96817
v 0.00260484 0.969066 0.958061
v 0.00946295 0.978989 0.947876
v 0.00559044 0.97659 0.950389
v 0.00260484 0.972178 0.954917
v 0.126943 0.995298 0.922146
v 0.380268 0.957865 0.891653
v 0.00562787 0.976549 0.95054
v 0.0624144 0.989284 0.935216
v 0.240705 0.993991 0.900696
v 0.0140449 0.980799 0.946085
v 0.224395 0.995266 0.903527
v 0.398371 0.931689 0.911345
v 0.0302737 0.984452 0.941944
v 0.00260484 0.96969 0.957654
v 0.00742686 0.977916 0.949233
v 0.00260484 0.971777 0.955546
v 0.00946295 0.962375 0.96499
v 0.00559044 0.964886 0.962516
v 0.00397563 0.96662 0.960787
v 0.289733 0.987528 0.893509
v 0.00397563 0.974879 0.952443
v 0.00559044 0.97659 0.950692
v 0.00260484 0.970278 0.957196
v 0.00260484 0.971325 0.956138
v 0.00260484 0.970824 0.956689
v 0.39837 0.944579 0.898244
v 0.208103 0.996293 0.906586
v 0.00742686 0.963699 0.963876
v 0.0140449 0.960641 0.966852
v 0.285693 0.998807 0.882541
v 0.062355 0.950757 0.974827
v 0.273455 0.921896 0.966198
v 0.0246276 0.983532 0.94355
v 0.0946362 0.993118 0.929003
v 0.0302737 0.984596 0.942368
v 0.192028 0.931332 0.976837
v 0.191832 0.997041 0.909835
v 0.00649095 0.97731 0.95054
v 0.00397563 0.967485 0.960579
v 0.0463378 0.987311 0.939057
v 0.00397563 0.974679 0.953311
v 0.0116763 0.980106 0.947669
v 0.273376 0.990804 0.895837
v 0.0302737 0.956971 0.970695
v 0.0246276 0.958189 0.969659
v 0.159487 0.935962 0.978527
v 0.285602 0.999322 0.882541
v 0.224595 0.927282 0.97415
v 0.00559044 0.965905 0.962449
v 0.0116763 0.962201 0.966112
v 0.301126 0.985853 0.892626
v 0.303537 0.985312 0.89242
v 0.00559044 0.976534 0.951712
v 0.304088 0.98521 0.892379
v 0.362169 0.920008 0.939116
v 0.0462832 0.954045 0.973252
v 0.299341 0.986346 0.892808
v 0.298867 0.986477 0.892856
v 0.00946295 0.979164 0.949111
v 0.306098 0.984838 0.892233
v 0.39837 0.947137 0.896617
v 0.00742686 0.977979 0.950372
v 0.32595 0.919009 0.953354
v 0.127003 0.94094 0.97894
v 0.00397563 0.96833 0.960297
v 0.0946115 0.945978 0.97779
v 0.00397563 0.974407 0.954159
v 0.0191588 0.982544 0.945605
v 0.00745606 0.977935 0.95054
v 0.297521 0.986927 0.89302
v 0.307834 0.984575 0.892124
v 0.00946295 0.963613 0.965128
v 0.0302737 0.984834 0.943067
v 0.00742686 0.964918 0.963904
v 0.308798 0.984429 0.892064
v 0.00742686 0.977979 0.950709
v 0.0140449 0.98112 0.947481
v 0.0191588 0.960213 0.96861
v 0.310638 0.984194 0.891963
v 0.00397563 0.969148 0.959945
v 0.310769 0.984177 0.891956
v 0.295784 0.98761 0.893265
v 0.295768 0.987617 0.893267
v 0.398372 0.928416 0.916593
v 0.00397563 0.974063 0.95498
v 0.159352 0.997571 0.91672
v 0.00559044 0.966915 0.962295
v 0.295413 0.987781 0.893326
v 0.0302737 0.95774 0.971002
v 0.00559044 0.976391 0.952723
v 0.0140449 0.962043 0.967131
v 0.339869 0.983262 0.882541
v 0.380267 0.960595 0.89098
v 0.289733 0.92095 0.964009
v 0.00397563 0.969932 0.959525
v 0.00397563 0.97365 0.955769
v 0.0116763 0.980294 0.949
v 0.294152 0.988362 0.893536
v 0.143144 0.997293 0.920252
v 0.00397563 0.970679 0.959039
v 0.00397563 0.973172 0.95652
v 0.39837 0.94978 0.895179
v 0.257167 0.923979 0.9707
v 0.00946295 0.979233 0.950356
v 0.314819 0.98378 0.89177
v 0.0116763 0.963535 0.966261
v 0.0785248 0.992244 0.933568
v 0.00742686 0.966055 0.963829
v 0.00397563 0.97138 0.958491
v 0.00397563 0.972631 0.957228
v 0.0246276 0.984059 0.945188
v 0.0302737 0.958234 0.9712
v 0.00742686 0.977916 0.951848
v 0.00397563 0.972033 0.957886
v 0.00559044 0.967908 0.962057
v 0.00559044 0.976162 0.953719
v 0.00946295 0.979234 0.95054
v 0.126958 0.996624 0.923764
v 0.00946295 0.964946 0.965158
v 0.289733 0.921079 0.964634
v 0.00946295 0.979233 0.950725
v 0.285701 1.00122 0.882541
v 0.29263 0.98918 0.893834
v 0.0246276 0.959841 0.970137
v 0.110793 0.995559 0.92719
v 0.317351 0.983632 0.891684
v 0.0302737 0.985265 0.944338
v 0.292252 0.989421 0.893923
v 0.0191588 0.982899 0.947151
v 0.0140449 0.981321 0.948899
v 0.285719 1.00158 0.882541
v 0.00559044 0.968877 0.961734
v 0.078445 0.949693 0.977574
v 0.00559044 0.975849 0.954692
v 0.31893 0.983539 0.89163
v 0.0140449 0.963465 0.96729
v 0.00742686 0.967182 0.963658
v 0.0191588 0.961766 0.968919
v 0.0302737 0.959011 0.971372
v 0.00742686 0.977756 0.952976
v 0.224404 0.997511 0.904955
v 0.0116763 0.980369 0.950341
v 0.0624282 0.990622 0.93768
v 0.291223 0.990078 0.894167
v 0.0302737 0.985427 0.944814
v 0.0117014 0.980318 0.95054
v 0.00559044 0.969815 0.96133
v 0.257037 0.994976 0.899292
v 0.00559044 0.975454 0.955634
v 0.0463446 0.988305 0.941271
v 0.344916 0.983393 0.882541
v 0.00946295 0.966191 0.965077
v 0.175725 0.934921 0.979822
v 0.0116763 0.964972 0.966294
v 0.39837 0.952484 0.893935
v 0.00946295 0.979164 0.95197
v 0.0116763 0.980369 0.95074
v 0.208288 0.930434 0.977813
v 0.110766 0.944843 0.979976
v 0.0302737 0.959512 0.971483
v 0.143206 0.939816 0.980639
v 0.344051 0.977091 0.890191
v 0.325949 0.919225 0.956197
v 0.191845 0.998987 0.911462
v 0.00559044 0.970716 0.960848
v 0.380267 0.963327 0.890489
v 0.00559044 0.974981 0.956539
v 0.398372 0.925638 0.922081
v 0.00742686 0.96829 0.963392
v 0.0623295 0.95317 0.976425
v 0.0302737 0.985583 0.945272
v 0.00742686 0.9775 0.954088
v 0.273378 0.993383 0.896863
v 0.325941 0.982515 0.891282
v 0.0462716 0.956298 0.974352
v 0.00559044 0.971572 0.96029
v 0.00559044 0.974432 0.957401
v 0.0133286 0.981106 0.95054
v 0.289733 0.921385 0.966123
v 0.0246276 0.984444 0.946865
v 0.323199 0.983392 0.891517
v 0.175596 0.999249 0.914922
v 0.0140449 0.9814 0.950328
v 0.28994 0.991062 0.89454
v 0.00559044 0.972377 0.959662
v 0.00559044 0.973812 0.958212
v 0.00559044 0.973126 0.958968
v 0.289846 0.991144 0.894571
v 0.362161 0.971551 0.889794
v 0.0140549 0.981374 0.95054
v 0.289733 0.991241 0.894609
v 0.240868 0.92657 0.974884
v 0.0246276 0.961526 0.970472
v 0.0191588 0.983122 0.948722
v 0.00946295 0.967423 0.964889
v 0.00946295 0.978989 0.953205
v 0.0140449 0.964996 0.967324
v 0.00742686 0.969372 0.963032
v 0.00742686 0.977151 0.955173
v 0.159367 0.999155 0.91845
v 0.0140449 0.9814 0.950753
v 0.0116763 0.966313 0.966206
v 0.0191588 0.963341 0.969095
v 0.289733 0.921538 0.966632
v 0.0946603 0.994993 0.931979
v 0.0116763 0.980294 0.952081
v 0.289378 0.991587 0.894761
v 0.325941 0.983322 0.891457
v 0.143159 0.998683 0.921982
v 0.286263 1.00368 0.882541
v 0.0302737 0.985763 0.946359
v 0.126972 0.997831 0.925453
v 0.00742686 0.970419 0.962581
v 0.39837 0.955183 0.892903
v 0.0165464 0.982342 0.950316
v 0.00742686 0.976711 0.956225
v 0.286313 1.00388 0.882541
v 0.398373 0.924433 0.924887
v 0.0165626 0.982299 0.95054
v 0.00946295 0.968636 0.964598
v 0.0302737 0.985805 0.946612
v 0.36217 0.919183 0.944874
v 0.327717 0.983276 0.891418
v 0.00946295 0.97871 0.954421
v 0.288696 0.992251 0.895054
v 0.0302737 0.961103 0.971837
v 0.328143 0.983272 0.891411
v 0.0165464 0.982342 0.950764
v 0.00742686 0.971423 0.962043
v 0.00742686 0.976183 0.957235
v 0.0302737 0.961309 0.971883
v 0.0116763 0.967642 0.966004
v 0.0945655 0.948683 0.98015
v 0.289733 0.921792 0.967477
v 0.0140449 0.966424 0.967231
v 0.0116763 0.980106 0.953412
v 0.0140449 0.981321 0.952182
v 0.00742686 0.972378 0.96142
v 0.00742686 0.97557 0.958196
v 0.018198 0.982903 0.95054
v 0.0246276 0.984685 0.948568
v 0.0191588 0.983209 0.950306
v 0.380268 0.965996 0.890178
v 0.00742686 0.973277 0.960719
v 0.00742686 0.974878 0.959102
v 0.00946295 0.969818 0.964204
v 0.0785435 0.99369 0.936347
v 0.0302737 0.96165 0.971958
v 0.00946295 0.978328 0.955608
v 0.00742686 0.974112 0.959944
v 0.28819 0.992866 0.895331
v 0.0191658 0.983187 0.95054
v 0.0246276 0.963234 0.970663
v 0.0463504 0.989084 0.943546
v 0.0191588 0.965037 0.969134
v 0.273447 0.923474 0.971255
v 0.0191588 0.983209 0.950776
v 0.416463 0.937692 0.904621
v 0.126945 0.943777 0.982015
v 0.416463 0.935612 0.906867
v 0.416463 0.9399 0.902514
v 0.0624405 0.991711 0.940214
v 0.159428 0.938771 0.982216
v 0.224413 0.999671 0.906524
v 0.0116763 0.968948 0.965689
v 0.2878 0.99334 0.895545
v 0.191977 0.933969 0.98102
v 0.00946295 0.970963 0.963711
v 0.0116763 0.979805 0.954722
v 0.00946295 0.977846 0.956758
v 0.325949 0.919574 0.959062
v 0.398373 0.923347 0.927723
v 0.257042 0.997398 0.900597
v 0.332869 0.983219 0.891335
v 0.398369 0.957883 0.892062
v 0.0140449 0.96784 0.967016
v 0.0462629 0.958608 0.975193
v 0.0140449 0.98112 0.9536
v 0.416463 0.942232 0.900564
v 0.0784105 0.952333 0.979407
v 0.191858 1.00082 0.913221
v 0.224559 0.92963 0.978714
v 0.00946295 0.972062 0.963122
v 0.00946295 0.977269 0.957863
v 0.3997 0.985591 0.861191
v 0.0302737 0.986107 0.94843
v 0.0302737 0.986108 0.948432
v 0.416463 0.93184 0.9117
v 0.27338 0.995914 0.89802
v 0.17561 1.00089 0.916736
v 0.110819 0.997541 0.930448
v 0.287259 1.00586 0.882541
v 0.0623083 0.955672 0.977739
v 0.0116763 0.970223 0.965265
v 0.0116763 0.979393 0.956002
v 0.00946295 0.973107 0.962442
v 0.00946295 0.976599 0.958914
v 0.287303 0.994107 0.895901
v 0.0246276 0.98478 0.950286
v 0.0302737 0.963138 0.972061
v 0.159382 1.0006 0.920282
v 0.0302737 0.98616 0.948747
v 0.0302737 0.96321 0.972066
v 0.416463 0.944678 0.898784
v 0.0242853 0.98469 0.95054
v 0.0191588 0.96662 0.96903
v 0.00946295 0.97409 0.961675
v 0.143174 0.999939 0.92379
v 0.00946295 0.975842 0.959905
v 0.36217 0.91897 0.947722
v 0.0191588 0.983122 0.952359
v 0.00946295 0.975004 0.960827
v 0.0246284 0.984779 0.95054
v 0.0140449 0.969232 0.966681
v 0.287458 1.00628 0.882541
v 0.0140449 0.980799 0.954996
v 0.0246276 0.965073 0.970705
v 0.287046 0.994505 0.896086
v 0.0246276 0.98478 0.950795
v 0.0116763 0.971457 0.964734
v 0.0116763 0.978874 0.957241
v 0.286917 0.994751 0.896203
v 0.25715 0.925951 0.975564
v 0.402417 0.985762 0.861191
v 0.416463 0.947222 0.897181
v 0.0116763 0.972641 0.964099
v 0.0116763 0.978252 0.958432
v 0.0140449 0.97059 0.966229
v 0.110715 0.947725 0.982559
v 0.0140449 0.980361 0.956359
v 0.398369 0.960604 0.891396
v 0.286686 0.995191 0.896414
v 0.0463547 0.989646 0.945863
v 0.0191588 0.968188 0.968792
v 0.0946826 0.996527 0.935058
v 0.416463 0.928574 0.916883
v 0.0116763 0.973767 0.963366
v 0.0191588 0.982899 0.953929
v 0.0116763 0.97753 0.959565
v 0.0302737 0.964613 0.972162
v 0.0302737 0.986223 0.950268
v 0.360422 0.983798 0.882541
v 0.339869 0.983263 0.891275
v 0.340077 0.983264 0.891273
v 0.0116763 0.974826 0.962539
v 0.0116763 0.976714 0.960632
v 0.0116763 0.975811 0.961626
v 0.0302737 0.986234 0.95054
v 0.0140449 0.971905 0.965663
v 0.0246276 0.966789 0.970592
v 0.0302737 0.965103 0.972122
v 0.0140449 0.979808 0.95768
v 0.143147 0.942776 0.98391
v 0.0246276 0.984685 0.952513
v 0.0302737 0.986216 0.950813
v 0.0462577 0.960941 0.975763
v 0.0302737 0.965313 0.972105
v 0.344052 0.98259 0.8911
v 0.0624509 0.992558 0.94279
v 0.175668 0.937803 0.983673
v 0.0785602 0.994856 0.939186
v 0.416463 0.949851 0.895763
v 0.325949 0.920053 0.961941
v 0.28871 1.008 0.882541
v 0.362161 0.977107 0.89018
v 0.0140449 0.973166 0.964986
v 0.0140449 0.979144 0.958948
v 0.0191588 0.96973 0.968421
v 0.208243 0.933101 0.982121
v 0.0191588 0.982544 0.955476
v 0.224423 1.00172 0.90824
v 0.363023 0.983916 0.882541
v 0.127001 0.999897 0.928976
v 0.208137 1.00228 0.911617
v 0.0945244 0.951532 0.982201
v 0.362171 0.918927 0.95054
v 0.257046 0.999745 0.902049
v 0.191871 1.0025 0.915112
v 0.398373 0.92154 0.933448
v 0.0140449 0.974366 0.964205
v 0.0140449 0.978375 0.960155
v 0.289032 1.00844 0.882541
v 0.286168 0.996446 0.897034
v 0.143189 1.00107 0.925654
v 0.175624 1.00238 0.918664
v 0.159396 1.00189 0.922199
v 0.344052 0.983342 0.891267
v 0.0140449 0.975495 0.963324
v 0.0140449 0.977506 0.961293
v 0.286121 0.996614 0.897121
v 0.0140449 0.976544 0.962352
v 0.0622925 0.958225 0.978746
v 0.0246276 0.96849 0.970334
v 0.0246276 0.984444 0.954216
v 0.307838 0.921523 0.967629
v 0.289733 0.923079 0.971768
v 0.24084 0.928912 0.979541
v 0.398369 0.963324 0.890905
v 0.0783819 0.955067 0.98092
v 0.0191588 0.971234 0.96792
v 0.380268 0.971533 0.889982
v 0.286052 0.996861 0.897249
v 0.0302737 0.966941 0.971973
v 0.0191588 0.982058 0.956986
v 0.0302737 0.986089 0.95265
v 0.0302737 0.986089 0.952652
v 0.416462 0.95254 0.894536
v 0.416463 0.925802 0.922309
v 0.0463575 0.989985 0.948201
v 0.289733 0.923208 0.972197
v 0.0302737 0.967405 0.971936
v 0.0191588 0.972691 0.967292
v 0.0191588 0.981445 0.958449
v 0.0302737 0.98603 0.953503
v 0.347735 0.983415 0.891262
v 0.126891 0.946817 0.984801
v 0.40935 0.986507 0.861191
v 0.110844 0.999143 0.933811
v 0.0246276 0.970162 0.969931
v 0.0302737 0.9681 0.971879
v 0.0246276 0.984059 0.955893
v 0.0462567 0.96327 0.976056
v 0.285814 0.99772 0.897695
v 0.290502 1.00988 0.882541
v 0.0191588 0.974088 0.966544
v 0.0191588 0.98071 0.959854
v 0.0420798 0.989103 0.95054
v 0.0302737 0.968758 0.971716
v 0.0302737 0.985816 0.954468
v 0.289733 0.923581 0.973141
v 0.15937 0.941837 0.985663
v 0.0624587 0.993164 0.945385
v 0.290862 1.01023 0.882541
v 0.273438 0.925417 0.97619
v 0.0302737 0.985761 0.954718
v 0.416462 0.955225 0.893516
v 0.0191588 0.975417 0.965678
v 0.0191588 0.979859 0.961192
v 0.36217 0.91897 0.953358
v 0.0302737 0.969447 0.971545
v 0.0947024 0.99775 0.938187
v 0.0246276 0.971794 0.969388
v 0.325948 0.920658 0.964829
v 0.0246276 0.983532 0.957531
v 0.191925 0.936907 0.985011
v 0.0191588 0.976668 0.964702
v 0.0191588 0.978896 0.962452
v 0.398369 0.96598 0.890585
v 0.143203 1.00207 0.92756
v 0.0191588 0.97783 0.963625
v 0.0785741 0.995754 0.942051
v 0.370883 0.918932 0.95054
v 0.159411 1.00305 0.924179
v 0.175637 1.0037 0.920682
v 0.0463629 0.99008 0.95054
v 0.224432 1.00364 0.910107
v 0.208149 1.004 0.913575
v 0.191884 1.00402 0.917125
v 0.110669 0.950765 0.984809
v 0.224521 0.93231 0.983127
v 0.0302737 0.970548 0.971272
v 0.0622832 0.96079 0.979427
v 0.0302737 0.985416 0.956269
v 0.0246276 0.973373 0.968708
v 0.0246276 0.982868 0.959117
v 0.257051 1.002 0.903655
v 0.285618 0.999087 0.898442
v 0.285616 0.999096 0.898447
v 0.0302737 0.985308 0.956758
v 0.0462582 0.965623 0.976083
v 0.0302737 0.985272 0.956919
v 0.398373 0.920221 0.939196
v 0.413696 0.987335 0.861191
v 0.0302737 0.971496 0.971037
v 0.285614 0.999321 0.898578
v 0.0246276 0.974889 0.967896
v 0.434542 0.93787 0.905234
v 0.0246276 0.982071 0.960641
v 0.416462 0.957911 0.892685
v 0.434542 0.935799 0.907435
v 0.0944901 0.954482 0.983898
v 0.0783604 0.957851 0.982083
v 0.434543 0.940067 0.90317
v 0.0302737 0.97229 0.970697
v 0.434542 0.933856 0.909755
v 0.0302737 0.984835 0.958011
v 0.355864 0.983645 0.891303
v 0.25713 0.928275 0.980295
v 0.0246276 0.97633 0.966957
v 0.0246276 0.981147 0.962092
v 0.127027 1.00155 0.932607
v 0.434543 0.942385 0.901259
v 0.143092 0.945956 0.986879
v 0.0302737 0.984561 0.958697
v 0.293392 1.01215 0.882541
v 0.0246276 0.977686 0.965899
v 0.0246276 0.980102 0.963458
v 0.434542 0.932039 0.912177
v 0.0246276 0.978947 0.96473
v 0.0624638 0.993527 0.947976
v 0.0302737 0.973369 0.970234
v 0.293687 1.01237 0.882541
v 0.0540122 0.991825 0.95054
v 0.0463575 0.989985 0.95288
v 0.36217 0.919183 0.956207
v 0.0302737 0.973984 0.969971
v 0.0302737 0.984151 0.959722
v 0.434543 0.944814 0.899514
v 0.362162 0.982611 0.891092
v 0.175614 0.940957 0.987274
v 0.0302737 0.983973 0.960167
v 0.285602 1.00045 0.899233
v 0.0302737 0.974711 0.969659
v 0.0302737 0.983721 0.960586
v 0.159424 1.00407 0.926202
v 0.0462615 0.967993 0.975857
v 0.110866 1.0004 0.937217
v 0.0302737 0.975221 0.969334
v 0.325948 0.921386 0.967718
v 0.0785848 0.99639 0.944915
v 0.0622813 0.963333 0.97977
v 0.0302737 0.975597 0.969095
v 0.0302737 0.98327 0.961334
v 0.416462 0.960617 0.892024
v 0.380269 0.977077 0.890356
v 0.41682 0.988274 0.861191
v 0.175651 1.00487 0.922767
v 0.208197 0.936079 0.986231
v 0.360422 0.983806 0.891355
v 0.0947189 0.998682 0.941329
v 0.434543 0.947339 0.897942
v 0.191896 1.00537 0.919236
v 0.0302737 0.982653 0.962357
v 0.0302737 0.976961 0.968226
v 0.434541 0.92878 0.917269
v 0.20816 1.00555 0.915665
v 0.0302737 0.977152 0.968105
v 0.0302737 0.982319 0.962912
v 0.224441 1.0054 0.912125
v 0.0302737 0.982167 0.963163
v 0.126842 0.95003 0.987233
v 0.0302737 0.977662 0.96778
v 0.0302737 0.981442 0.964017
v 0.0302737 0.981165 0.964343
v 0.0302737 0.978588 0.966973
v 0.0302737 0.978595 0.966968
v 0.289733 0.925007 0.976746
v 0.362162 0.983868 0.891375
v 0.0302737 0.980107 0.965587
v 0.0302737 0.979972 0.965746
v 0.0302737 0.979902 0.965829
v 0.0463547 0.989646 0.955218
v 0.257056 1.00413 0.905426
v 0.240811 0.931593 0.984038
v 0.285723 1.00151 0.899885
v 0.285731 1.00158 0.899928
v 0.307838 0.923339 0.973346
v 0.0624692 0.993631 0.95054
v 0.0783478 0.96064 0.982869
v 0.434541 0.927335 0.919915
v 0.434543 0.949948 0.896551
v 0.296555 1.01402 0.882541
v 0.0462663 0.970356 0.975389
v 0.39837 0.971484 0.890369
v 0.285758 1.00181 0.900074
v 0.364436 0.983948 0.891401
v 0.143229 1.00375 0.931444
v 0.110631 0.953916 0.986676
v 0.418955 0.989274 0.861191
v 0.297014 1.01429 0.882541
v 0.416462 0.96332 0.891529
v 0.0944644 0.957485 0.985205
v 0.159316 0.94514 0.988795
v 0.0660768 0.994402 0.95054
v 0.398374 0.919407 0.944912
v 0.0622841 0.965923 0.979796
v 0.289733 0.925501 0.977994
v 0.0463504 0.989084 0.957535
v 0.434541 0.926012 0.922611
v 0.273428 0.927713 0.980977
v 0.434544 0.952617 0.895345
v 0.0785916 0.99677 0.947753
v 0.386112 0.98496 0.882541
v 0.175664 1.00591 0.9249
v 0.0462724 0.972689 0.974689
v 0.191875 0.940133 0.988745
v 0.12705 1.00283 0.936276
v 0.285972 1.00279 0.900714
v 0.0702455 0.995252 0.95054
v 0.191908 1.00655 0.921419
v 0.420324 0.990307 0.861191
v 0.289733 0.925859 0.978715
v 0.0624638 0.993527 0.953105
v 0.0947317 0.999338 0.944453
v 0.208171 1.00691 0.91786
v 0.110884 1.00136 0.940624
v 0.224483 0.935315 0.987336
v 0.0463446 0.988305 0.95981
v 0.224451 1.00696 0.914283
v 0.434541 0.924811 0.925348
v 0.300073 1.01561 0.882541
v 0.416462 0.965952 0.891198
v 0.143043 0.949327 0.989474
v 0.240748 1.00669 0.91076
v 0.0462794 0.974969 0.97377
v 0.0783452 0.963396 0.983262
v 0.434544 0.955283 0.89434
v 0.300735 1.0159 0.882541
v 0.0622899 0.968561 0.979522
v 0.257061 1.0061 0.907367
v 0.371579 0.984257 0.891528
v 0.421151 0.991475 0.861191
v 0.286321 1.00385 0.901459
v 0.286328 1.00387 0.901475
v 0.0463378 0.987311 0.962024
v 0.15945 1.00576 0.930323
v 0.25711 0.930945 0.984857
v 0.362169 0.920008 0.961965
v 0.0462873 0.977174 0.972642
v 0.0785978 0.996876 0.95054
v 0.434541 0.92373 0.928118
v 0.126802 0.953369 0.989254
v 0.0624587 0.993164 0.955696
v 0.286446 1.00423 0.901725
v 0.0944493 0.960491 0.986091
v 0.175562 0.944367 0.99055
v 0.175676 1.0068 0.927062
v 0.0463302 0.986107 0.964156
v 0.380269 0.98257 0.891256
v 0.0462956 0.979279 0.97131
v 0.110602 0.957128 0.988116
v 0.421407 0.992739 0.861191
v 0.434544 0.95795 0.893516
v 0.19192 1.00758 0.923652
v 0.0463219 0.984692 0.966179
v 0.0463045 0.981255 0.969781
v 0.143253 1.00503 0.935362
v 0.0622987 0.971218 0.978965
v 0.452609 0.938095 0.905995
v 0.0463133 0.983069 0.968065
v 0.0828989 0.997712 0.95054
v 0.208153 0.939361 0.990079
v 0.452609 0.940277 0.903984
v 0.325947 0.923208 0.973472
v 0.208182 1.00809 0.920133
v 0.0947398 0.999725 0.947532
v 0.078349 0.966218 0.98329
v 0.39837 0.976998 0.890718
v 0.434541 0.92277 0.930912
v 0.305097 1.01734 0.882541
v 0.398374 0.919184 0.95054
v 0.45261 0.942578 0.902122
v 0.452607 0.932289 0.912767
v 0.22446 1.00833 0.916555
v 0.127069 1.00378 0.939936
v 0.289733 0.927273 0.981562
v 0.421063 0.994195 0.861191
v 0.0624509 0.992558 0.958291
v 0.110898 1.00202 0.943999
v 0.305734 1.01755 0.882541
v 0.240755 1.00827 0.912978
v 0.240781 0.93461 0.988325
v 0.159268 0.948653 0.991536
v 0.0785916 0.99677 0.953328
v 0.452611 0.944986 0.900421
v 0.287088 1.00562 0.902792
v 0.434544 0.960635 0.892857
v 0.0623096 0.973863 0.978142
v 0.257066 1.00789 0.909479
v 0.38027 0.984679 0.891743
v 0.399073 0.98556 0.882541
v 0.175688 1.00759 0.929242
v 0.419984 0.995831 0.861191
v 0.307837 0.925637 0.978978
v 0.3997 0.985591 0.882541
v 0.452605 0.929035 0.917746
v 0.0944463 0.963459 0.986535
v 0.287367 1.00609 0.903181
v 0.452611 0.947488 0.898887
v 0.43454 0.92193 0.933722
v 0.0624405 0.991711 0.960867
v 0.416462 0.971402 0.890952
v 0.191932 1.00848 0.925918
v 0.287475 1.00627 0.903332
v 0.308863 1.01836 0.882541
v 0.078357 0.969115 0.982976
v 0.418132 0.997543 0.861191
v 0.191828 0.943634 0.992146
v 0.143002 0.952839 0.991636
v 0.273418 0.930359 0.985584
v 0.0623224 0.976471 0.977072
v 0.0947437 0.999847 0.95054
v 0.289733 0.928176 0.98338
v 0.208192 1.00912 0.92246
v 0.0957142 1.00002 0.95054
v 0.159473 1.00703 0.934476
v 0.110586 0.960344 0.989096
v 0.310368 1.01867 0.882541
v 0.452612 0.950071 0.897528
v 0.414832 0.999659 0.861191
v 0.384359 0.984877 0.891844
v 0.434544 0.963314 0.892356
v 0.126772 0.956778 0.990818
v 0.0785848 0.99639 0.956166
v 0.0624282 0.990622 0.963401
v 0.410203 1.00184 0.861191
v 0.325947 0.9243 0.976322
v 0.224469 1.0095 0.918909
v 0.287888 1.00696 0.90391
v 0.224446 0.938639 0.991277
v 0.0623367 0.97901 0.975761
v 0.110907 1.00241 0.947313
v 0.386112 0.984958 0.8919
v 0.143272 1.00598 0.939264
v 0.289733 0.92863 0.984126
v 0.240762 1.00963 0.915318
v 0.31253 1.01911 0.882541
v 0.127084 1.00444 0.943552
v 0.0624144 0.989284 0.965864
v 0.452613 0.952714 0.896347
v 0.0783687 0.972051 0.982342
v 0.0623519 0.981447 0.974214
v 0.0944507 0.966509 0.986568
v 0.257071 1.00947 0.911749
v 0.175516 0.948007 0.993421
v 0.288361 1.00761 0.904506
v 0.362168 0.921338 0.967759
v 0.0623994 0.987692 0.968223
v 0.257089 0.93396 0.989202
v 0.191943 1.00924 0.928202
v 0.0623677 0.98374 0.972435
v 0.0785741 0.995754 0.95903
v 0.434544 0.965912 0.892012
v 0.0623837 0.985838 0.970429
v 0.0947398 0.999725 0.953549
v 0.273395 1.00901 0.908281
v 0.398374 0.919407 0.956169
v 0.316129 1.01966 0.882541
v 0.316356 1.01969 0.882541
v 0.208202 1.00999 0.924821
v 0.43454 0.920617 0.939363
v 0.398371 0.982461 0.891588
v 0.288842 1.00818 0.905062
v 0.452613 0.955356 0.895357
v 0.208111 0.942939 0.993586
v 0.1087 1.00218 0.95054
v 0.110582 0.963521 0.989589
v 0.0783835 0.974991 0.98141
v 0.159228 0.952326 0.993824
v 0.289043 1.00842 0.905294
v 0.17571 1.00883 0.933617
v 0.224478 1.01051 0.921321
v 0.110912 1.00252 0.95054
v 0.0785602 0.994856 0.961895
v 0.289733 0.929885 0.986187
v 0.325946 0.925513 0.979143
v 0.0944602 0.969655 0.986223
v 0.289394 1.00884 0.9057
v 0.319973 1.02008 0.882541
v 0.142971 0.956436 0.993313
v 0.126754 0.960199 0.991885
v 0.240769 1.01079 0.917746
v 0.416463 0.976862 0.891262
v 0.159492 1.00795 0.938608
v 0.240752 0.937962 0.99234
v 0.0947317 0.999338 0.956628
v 0.127093 1.00482 0.947096
v 0.452614 0.958 0.894541
v 0.0784007 0.977904 0.980203
v 0.143287 1.00662 0.943113
v 0.289733 1.00919 0.906068
v 0.257076 1.01082 0.914149
v 0.330539 1.01781 0.882541
v 0.0785435 0.99369 0.964734
v 0.470661 0.936322 0.90897
v 0.470663 0.938368 0.90689
v 0.323465 1.02031 0.882541
v 0.191786 0.947388 0.99513
v 0.208212 1.01074 0.927202
v 0.47066 0.934396 0.911165
v 0.470664 0.940533 0.904941
v 0.273398 1.01058 0.910595
v 0.289733 1.00965 0.90664
v 0.324632 1.02038 0.882541
v 0.470659 0.932591 0.913461
v 0.307837 0.928422 0.984452
v 0.0784199 0.980755 0.978728
v 0.273407 0.933361 0.989967
v 0.470666 0.942811 0.903136
v 0.398371 0.985525 0.892293
v 0.110587 0.966795 0.989634
v 0.289733 1.00991 0.907028
v 0.224486 1.01136 0.92377
v 0.0944742 0.972856 0.985523
v 0.452615 0.960657 0.89388
v 0.121866 1.00419 0.95054
v 0.110907 1.00241 0.953768
v 0.0785248 0.992244 0.967513
v 0.399073 0.985558 0.892316
v 0.470657 0.930908 0.915846
v 0.290552 1.00994 0.907011
v 0.289733 1.01002 0.907186
v 0.434544 0.971284 0.891727
v 0.0947189 0.998682 0.959752
v 0.470667 0.945193 0.901485
v 0.289733 0.931158 0.988278
v 0.43454 0.919806 0.944987
v 0.0784405 0.983499 0.976984
v 0.191962 1.01045 0.932786
v 0.224411 0.94228 0.99487
v 0.175478 0.951829 0.995821
v 0.290863 1.01023 0.907369
v 0.470656 0.929346 0.918307
v 0.240776 1.01178 0.920235
v 0.0785047 0.990498 0.970189
v 0.329273 1.02049 0.882541
v 0.0784619 0.986083 0.974973
v 0.291034 1.01038 0.907565
v 0.0784835 0.988439 0.972698
v 0.126751 0.963583 0.992429
v 0.1271 1.00493 0.95054
v 0.330662 1.02046 0.882541
v 0.470668 0.947667 0.899995
v 0.402417 0.985765 0.892453
v 0.175728 1.00972 0.937968
v 0.402653 0.98578 0.892463
v 0.257081 1.01197 0.916642
v 0.470654 0.927905 0.920834
v 0.159198 0.9561 0.995604
v 0.398373 0.920221 0.961885
v 0.0944918 0.976074 0.984495
v 0.452615 0.963306 0.89337
v 0.289733 0.931903 0.989286
v 0.142953 0.960055 0.994463
v 0.143297 1.00699 0.946881
v 0.362167 0.923158 0.973534
v 0.257069 0.937328 0.993271
v 0.159507 1.00857 0.942681
v 0.333529 1.02041 0.882541
v 0.0947024 0.99775 0.962893
v 0.47067 0.950219 0.898671
v 0.110598 0.970181 0.989264
v 0.110898 1.00202 0.957083
v 0.2734 1.01192 0.913047
v 0.224494 1.01208 0.92624
v 0.470653 0.926584 0.923417
v 0.208074 0.946794 0.996665
v 0.289733 1.01131 0.90909
v 0.344057 0.925456 0.979227
v 0.135221 1.00606 0.95054
v 0.406055 0.986088 0.892635
v 0.338454 1.02012 0.882541
v 0.338495 1.02012 0.882541
v 0.416463 0.982275 0.892085
v 0.289733 1.0116 0.909522
v 0.0945125 0.979273 0.983167
v 0.292304 1.01138 0.909045
v 0.240783 1.0126 0.922765
v 0.470671 0.95283 0.897518
v 0.289733 1.0117 0.909674
v 0.452614 0.965862 0.893009
v 0.0946826 0.996527 0.966023
v 0.470652 0.925384 0.926046
v 0.289733 0.932861 0.990584
v 0.208229 1.01189 0.931981
v 0.127093 1.00482 0.953985
v 0.292597 1.01161 0.909386
v 0.432748 0.9195 0.95054
v 0.126756 0.967076 0.992489
v 0.240724 0.941653 0.996002
v 0.343888 1.01959 0.882541
v 0.257086 1.01292 0.919202
v 0.19175 0.951347 0.997627
v 0.110613 0.973634 0.988509
v 0.110884 1.00136 0.960457
v 0.0945354 0.982412 0.981543
v 0.325945 0.928305 0.984661
v 0.346317 1.01926 0.882541
v 0.40927 0.986495 0.892834
v 0.434539 0.919528 0.95054
v 0.409349 0.986508 0.89284
v 0.0946603 0.994993 0.969102
v 0.191979 1.01129 0.937345
v 0.470672 0.955444 0.896546
v 0.143303 1.00709 0.95054
v 0.434543 0.976667 0.891984
v 0.47065 0.924304 0.928713
v 0.362167 0.924249 0.976396
v 0.349167 1.01888 0.882541
v 0.14295 0.963645 0.995056
v 0.273403 1.01304 0.915599
v 0.289733 0.933721 0.99175
v 0.175742 1.0103 0.942257
v 0.289733 1.01249 0.911248
v 0.159516 1.00892 0.946667
v 0.17545 0.955772 0.997692
v 0.0945598 0.985439 0.979621
v 0.0946362 0.993118 0.972077
v 0.411267 0.986824 0.892983
v 0.273397 0.936733 0.99407
v 0.15918 0.959912 0.99683
v 0.293695 1.01236 0.910712
v 0.240789 1.01328 0.925318
v 0.0945853 0.988289 0.977397
v 0.355126 1.0179 0.882541
v 0.0946109 0.990878 0.974871
v 0.355345 1.01786 0.882541
v 0.148777 1.00778 0.95054
v 0.470649 0.923344 0.93141
v 0.289733 1.01288 0.912034
v 0.224379 0.946223 0.998029
v 0.470674 0.958059 0.895735
v 0.127084 1.00444 0.957529
v 0.110633 0.977113 0.987399
v 0.110866 1.0004 0.963863
v 0.294082 1.01263 0.91118
v 0.289733 0.934361 0.992617
v 0.307836 0.931702 0.989685
v 0.126767 0.970694 0.992103
v 0.151239 1.00808 0.95054
v 0.294218 1.01272 0.911344
v 0.413281 0.987238 0.893159
v 0.361917 1.01657 0.882541
v 0.25709 1.01371 0.921805
v 0.413694 0.987344 0.893202
v 0.224509 1.01316 0.931202
v 0.365095 1.01583 0.882541
v 0.398373 0.92154 0.967633
v 0.289733 1.01341 0.913105
v 0.452613 0.971132 0.892679
v 0.143297 1.00699 0.9542
v 0.470647 0.922504 0.934129
v 0.414765 0.987622 0.893314
v 0.470675 0.960684 0.895071
v 0.289733 1.01354 0.913455
v 0.257051 0.941058 0.996983
v 0.110655 0.980578 0.985964
v 0.208043 0.950879 0.999247
v 0.273405 1.01395 0.918221
v 0.415156 0.987723 0.893355
v 0.110844 0.999143 0.96727
v 0.208244 1.01267 0.936736
v 0.374218 1.01369 0.882541
v 0.142955 0.967354 0.995135
v 0.362166 0.925461 0.97923
v 0.240795 1.01383 0.927882
v 0.376429 1.01306 0.882541
v 0.416463 0.987596 0.893362
v 0.159522 1.00901 0.95054
v 0.127069 1.00378 0.961145
v 0.289733 0.935683 0.994093
v 0.191992 1.01182 0.941841
v 0.175751 1.01062 0.946456
v 0.126783 0.974387 0.991302
v 0.416463 0.988158 0.893524
v 0.289733 1.01396 0.914632
v 0.386527 1.01019 0.882541
v 0.191724 0.95545 0.999581
v 0.416819 0.988277 0.89357
v 0.470646 0.921785 0.936863
v 0.388129 1.00966 0.882541
v 0.43454 0.919806 0.956094
v 0.416881 0.988298 0.893578
v 0.159176 0.963707 0.997473
v 0.110681 0.983985 0.98421
v 0.295848 1.01368 0.913394
v 0.110819 0.997541 0.970633
v 0.295887 1.0137 0.913442
v 0.417175 0.988412 0.893622
v 0.257095 1.01434 0.924433
v 0.470676 0.963297 0.894548
v 0.344056 0.928249 0.984767
v 0.289733 0.936224 0.994697
v 0.175433 0.959771 0.99899
v 0.434543 0.982006 0.892742
v 0.39851 1.00623 0.882541
v 0.400194 1.0056 0.882541
v 0.165584 1.00969 0.95054
v 0.2407 0.945674 0.999223
v 0.410168 1.00185 0.882541
v 0.410203 1.00184 0.882541
v 0.289733 1.01435 0.915748
v 0.143287 1.00662 0.957968
v 0.110708 0.987272 0.982127
v 0.418297 0.988915 0.89381
v 0.110793 0.995559 0.97389
v 0.273407 1.0147 0.920889
v 0.2408 1.01428 0.930449
v 0.12705 1.00283 0.964805
v 0.110736 0.990365 0.979708
v 0.470645 0.921188 0.939607
v 0.110765 0.993162 0.97695
v 0.126804 0.978111 0.990123
v 0.142966 0.971195 0.994741
v 0.418947 0.989286 0.893947
v 0.470675 0.965802 0.89417
v 0.325944 0.931593 0.989938
v 0.297017 1.01427 0.914944
v 0.419295 0.989485 0.894021
v 0.159516 1.00892 0.954413
v 0.224521 1.01387 0.936144
v 0.289733 1.01481 0.917046
v 0.273388 0.940492 0.997815
v 0.224353 0.950424 1.00068
v 0.289733 1.01487 0.917294
v 0.452612 0.976417 0.892871
v 0.257098 1.01485 0.927075
v 0.41984 0.989877 0.894164
v 0.175756 1.0107 0.95054
v 0.289733 0.937721 0.996368
v 0.208255 1.01315 0.941431
v 0.297563 1.01455 0.91567
v 0.289733 0.937797 0.996453
v 0.192 1.01211 0.946247
v 0.29768 1.01461 0.915825
v 0.159182 0.967627 0.997576
v 0.127027 1.00155 0.968474
v 0.420314 0.990317 0.894324
v 0.470643 0.920714 0.942352
v 0.126828 0.981825 0.988598
v 0.143272 1.00598 0.961817
v 0.420483 0.990473 0.894381
v 0.20802 0.955134 1.00127
v 0.488723 0.955544 0.897881
v 0.180188 1.01114 0.95054
v 0.27341 1.01529 0.923587
v 0.398373 0.923347 0.973358
v 0.420771 0.990824 0.894508
v 0.175429 0.963768 0.999683
v 0.307836 0.935491 0.994569
v 0.142983 0.975116 0.993906
v 0.191709 0.95963 1.00094
v 0.257034 0.945146 1.00025
v 0.380273 0.925523 0.979153
v 0.126855 0.985477 0.986729
v 0.421142 0.991456 0.894739
v 0.127001 0.999897 0.972105
v 0.421149 0.991475 0.894746
v 0.159507 1.00857 0.958399
v 0.257102 1.01526 0.929722
v 0.43454 0.920617 0.961718
v 0.289733 1.01551 0.920034
v 0.470642 0.920365 0.945094
v 0.273383 0.942518 0.999524
v 0.299053 1.01522 0.917789
v 0.325944 0.933428 0.992454
v 0.421331 0.992014 0.894944
v 0.289733 1.0156 0.920418
v 0.362166 0.92825 0.984774
v 0.434542 0.987258 0.893945
v 0.470673 0.970952 0.893789
v 0.143253 1.00503 0.965719
v 0.24081 1.01491 0.935566
v 0.126883 0.989003 0.984504
v 0.175751 1.01062 0.954624
v 0.126972 0.997831 0.975628
v 0.159193 0.971683 0.997181
v 0.24068 0.949982 1.00193
v 0.289733 0.939969 0.998422
v 0.421403 0.992687 0.895195
v 0.143003 0.97907 0.992671
v 0.289733 0.939998 0.998448
v 0.191706 0.961727 1.00139
v 0.421407 0.992725 0.895209
v 0.421406 0.992739 0.895214
v 0.126958 0.996624 0.977317
v 0.273412 1.01575 0.9263
v 0.506741 0.937051 0.910946
v 0.22453 1.01429 0.941029
v 0.506738 0.935153 0.912983
v 0.192004 1.01218 0.95054
v 0.506744 0.93906 0.909019
v 0.126913 0.992316 0.981908
v 0.126943 0.995298 0.978935
v 0.208262 1.0134 0.94604
v 0.488728 0.960715 0.896407
v 0.506735 0.933368 0.915119
v 0.421375 0.993142 0.895367
v 0.506747 0.941178 0.907213
v 0.398373 0.924433 0.976193
v 0.506732 0.9317 0.917344
v 0.344055 0.931538 0.99007
v 0.47064 0.920145 0.947826
v 0.289733 1.01601 0.922164
v 0.195071 1.01245 0.95054
v 0.50675 0.943399 0.90554
v 0.257026 0.947312 1.0017
v 0.452611 0.981662 0.893548
v 0.175434 0.967896 0.999814
v 0.307835 0.937579 0.99684
v 0.421171 0.99393 0.895671
v 0.224334 0.954824 1.00277
v 0.506728 0.930148 0.91965
v 0.159492 1.00795 0.962473
v 0.289733 1.0161 0.922781
v 0.300326 1.01574 0.919783
v 0.421054 0.994192 0.895774
v 0.143229 1.00375 0.969637
v 0.506753 0.945715 0.904005
v 0.42092 0.994491 0.895892
v 0.143028 0.983013 0.99107
v 0.191706 0.963829 1.00169
v 0.208006 0.959491 1.0027
v 0.273379 0.944637 1.00111
v 0.30064 1.01586 0.920335
v 0.506725 0.928714 0.922026
v 0.300735 1.01589 0.920501
v 0.159209 0.975821 0.996322
v 0.289733 0.941567 0.99987
v 0.273414 1.0161 0.92902
v 0.506756 0.948114 0.902615
v 0.420334 0.995402 0.896262
v 0.240671 0.952226 1.00308
v 0.175742 1.0103 0.958823
v 0.325944 0.935391 0.994867
v 0.506722 0.927398 0.924463
v 0.470638 0.920103 0.95054
v 0.419966 0.995818 0.896437
v 0.289733 0.942012 1.0002
v 0.257109 1.0158 0.935004
v 0.143203 1.00207 0.973521
v 0.289733 0.942275 1.00039
v 0.143055 0.986893 0.989102
v 0.419445 0.996405 0.896684
v 0.506759 0.950587 0.901372
v 0.192 1.01211 0.954834
v 0.289733 1.01642 0.925178
v 0.301483 1.01618 0.921815
v 0.488727 0.965734 0.895474
v 0.470672 0.97612 0.893906
v 0.224327 0.957076 1.00359
v 0.240817 1.01526 0.940634
v 0.25702 0.949552 1.00301
v 0.289733 1.01647 0.925562
v 0.506719 0.926201 0.926952
v 0.159473 1.00703 0.966605
v 0.398372 0.925638 0.979
v 0.208265 1.01346 0.95054
v 0.143189 1.00107 0.975427
v 0.224536 1.0145 0.945834
v 0.208003 0.961686 1.00317
v 0.43454 0.92193 0.967359
v 0.418322 0.997394 0.89712
v 0.175445 0.972161 0.999425
v 0.418125 0.997535 0.897186
v 0.210254 1.01361 0.95054
v 0.417837 0.997741 0.897281
v 0.143174 0.999939 0.977292
v 0.143084 0.990637 0.986752
v 0.434542 0.992383 0.895571
v 0.506762 0.953116 0.90028
v 0.159229 0.97999 0.995043
v 0.307835 0.939797 0.99897
v 0.380272 0.928307 0.98468
v 0.273375 0.946844 1.00257
v 0.416738 0.998527 0.897645
v 0.143159 0.998683 0.979099
v 0.506716 0.925123 0.929487
v 0.416463 0.99869 0.897726
v 0.47064 0.920145 0.953255
v 0.143114 0.994148 0.983997
v 0.143144 0.997293 0.980829
v 0.240664 0.954519 1.00408
v 0.143129 0.995776 0.982464
v 0.19171 0.968162 1.00185
v 0.175728 1.00972 0.963113
v 0.41485 0.999649 0.898196
v 0.414832 0.999658 0.898201
v 0.289733 1.01675 0.927608
v 0.302513 1.01654 0.923895
v 0.41379 1.00021 0.898482
v 0.506765 0.955656 0.899342
v 0.413761 1.00022 0.898489
v 0.289733 0.944173 1.00177
v 0.45261 0.986826 0.894658
v 0.362165 0.931537 0.99008
v 0.224322 0.959353 1.00425
v 0.208003 0.96389 1.00349
v 0.15945 1.00576 0.970758
v 0.325943 0.937486 0.99716
v 0.506713 0.924163 0.932058
v 0.289733 1.01681 0.928344
v 0.411267 1.00139 0.899118
v 0.257014 0.951856 1.00417
v 0.159253 0.984148 0.993381
v 0.289733 0.944714 1.00217
v 0.191992 1.01182 0.95924
v 0.410168 1.00185 0.899381
v 0.220292 1.01429 0.95054
v 0.416463 1.00016 0.898538
v 0.303016 1.01671 0.925101
v 0.273417 1.01654 0.934456
v 0.17546 0.976504 0.998553
v 0.434541 0.92277 0.970169
v 0.408178 1.00263 0.899852
v 0.406484 1.0033 0.900253
v 0.488724 0.970749 0.895037
v 0.506769 0.9582 0.898542
v 0.208262 1.0134 0.955041
v 0.470642 0.920365 0.955987
v 0.289733 0.945243 1.00256
v 0.257114 1.01608 0.940246
v 0.50671 0.923322 0.934659
v 0.289733 1.01694 0.930013
v 0.22454 1.01454 0.95054
v 0.240822 1.01542 0.945631
v 0.344054 0.93534 0.995024
v 0.240659 0.956852 1.00492
v 0.273372 0.949132 1.0039
v 0.303405 1.01684 0.926035
v 0.159424 1.00407 0.974879
v 0.402135 1.00492 0.901367
v 0.307835 0.94214 1.00094
v 0.401263 1.00524 0.901591
v 0.47067 0.981254 0.894488
v 0.17571 1.00883 0.967463
v 0.22432 0.961645 1.00475
v 0.15928 0.988236 0.991332
v 0.398506 1.00622 0.902372
v 0.398371 1.00627 0.90241
v 0.19172 0.972627 1.00148
v 0.289733 1.01704 0.931351
v 0.159411 1.00305 0.976902
v 0.506772 0.960748 0.897865
v 0.289733 0.946417 1.00323
v 0.506707 0.9226 0.937284
v 0.396216 1.00703 0.90302
v 0.396188 1.00704 0.903029
v 0.30387 1.01699 0.927344
v 0.257009 0.954219 1.00519
v 0.175479 0.980876 0.997243
v 0.159396 1.00189 0.978882
v 0.48665 0.920358 0.95054
v 0.394158 1.00773 0.90365
v 0.362164 0.933372 0.992611
v 0.159308 0.992178 0.988874
v 0.325943 0.939711 0.999312
v 0.398373 1.007 0.903049
v 0.416463 1.00246 0.899971
v 0.191979 1.01129 0.963736
v 0.470643 0.920714 0.958729
v 0.208007 0.968424 1.00369
v 0.416463 0.925802 0.978772
v 0.159382 1.0006 0.980799
v 0.159323 0.994062 0.987482
v 0.289733 0.947275 1.00373
v 0.434541 0.92373 0.972963
v 0.390498 1.00893 0.904859
v 0.240655 0.959216 1.0056
v 0.434541 0.997314 0.897665
v 0.159367 0.999155 0.982631
v 0.159337 0.995866 0.985978
v 0.159352 0.997571 0.984361
v 0.389788 1.00917 0.905093
v 0.22432 0.963951 1.00509
v 0.398372 0.928416 0.984488
v 0.506773 0.963276 0.897313
v 0.273369 0.951495 1.00508
v 0.506704 0.921998 0.939925
v 0.236856 1.01526 0.95054
v 0.175688 1.00759 0.971839
v 0.289733 1.01711 0.933925
v 0.208255 1.01315 0.95965
v 0.386525 1.01019 0.906298
v 0.38576 1.01043 0.906581
v 0.304558 1.0172 0.929696
v 0.452609 0.991869 0.896182
v 0.344054 0.937437 0.997329
v 0.273419 1.01674 0.939864
v 0.385189 1.0106 0.906818
v 0.224536 1.0145 0.955247
v 0.488722 0.975785 0.895071
v 0.304612 1.01722 0.929945
v 0.380271 0.931588 0.989969
v 0.307835 0.944597 1.00275
v 0.175502 0.985231 0.995534
v 0.289733 1.01714 0.934934
v 0.240824 1.01544 0.95054
v 0.191734 0.977166 1.0006
v 0.175676 1.0068 0.974019
v 0.289733 0.948746 1.00458
v 0.257006 0.956629 1.00606
v 0.506772 0.965661 0.896898
v 0.381941 1.01156 0.908168
v 0.506701 0.921516 0.942577
v 0.470645 0.921188 0.961474
v 0.224321 0.966298 1.00529
v 0.240654 0.961603 1.00613
v 0.380375 1.01201 0.908899
v 0.380273 1.01204 0.908947
v 0.398373 1.00882 0.904908
v 0.191962 1.01045 0.968295
v 0.416463 1.00462 0.901544
v 0.175664 1.00591 0.976181
v 0.289733 0.949659 1.0051
v 0.362164 0.935336 0.995039
v 0.434541 0.924811 0.975733
v 0.434541 0.999677 0.898908
v 0.470668 0.986314 0.89549
v 0.378331 1.01259 0.909854
v 0.325942 0.942062 1.0013
v 0.289733 0.949869 1.00519
v 0.175527 0.98951 0.99342
v 0.208016 0.973084 1.00334
v 0.273366 0.953923 1.00612
v 0.305089 1.01736 0.932143
v 0.175651 1.00487 0.978314
v 0.50677 0.968089 0.896594
v 0.376017 1.01321 0.911071
v 0.506698 0.921156 0.945234
v 0.208244 1.01267 0.964345
v 0.374924 1.0135 0.911646
v 0.191751 0.981727 0.999273
v 0.224323 0.968683 1.00533
v 0.175637 1.0037 0.980399
v 0.374217 1.01369 0.912063
v 0.257003 0.95908 1.00677
v 0.175554 0.993631 0.99087
v 0.289733 0.951162 1.00576
v 0.240654 0.964011 1.0065
v 0.344053 0.939665 0.999493
v 0.253875 1.01607 0.95054
v 0.307835 0.947152 1.00437
v 0.175624 1.00238 0.982418
v 0.22453 1.01429 0.960052
v 0.470646 0.921785 0.964217
v 0.380274 1.01319 0.911082
v 0.372106 1.01423 0.913309
v 0.289733 1.01727 0.939466
v 0.289733 1.01727 0.93949
v 0.17561 1.00089 0.984344
v 0.175596 0.999249 0.986159
v 0.191943 1.00924 0.972879
v 0.240822 1.01542 0.95545
v 0.398373 1.01042 0.906887
v 0.257118 1.01619 0.95054
v 0.506769 0.970529 0.896403
v 0.305469 1.01747 0.934732
v 0.289733 1.01727 0.939963
v 0.416463 1.00661 0.903235
v 0.305481 1.01747 0.934875
v 0.488719 0.980794 0.895549
v 0.370302 1.01468 0.914481
v 0.434541 1.00195 0.900296
v 0.506695 0.920919 0.947891
v 0.273364 0.95641 1.007
v 0.434541 0.926012 0.97847
v 0.289733 0.952573 1.00638
v 0.208028 0.977808 1.00247
v 0.416463 0.928574 0.984198
v 0.191772 0.986266 0.997532
v 0.368731 1.01505 0.915605
v 0.325942 0.944527 1.00313
v 0.362164 0.937433 0.997346
v 0.191932 1.00848 0.975163
v 0.452608 0.996728 0.898165
v 0.257002 0.961562 1.00732
v 0.240655 0.966458 1.00671
v 0.367902 1.01525 0.916199
v 0.398371 0.931689 0.989736
v 0.208229 1.01189 0.9691
v 0.506767 0.972975 0.896322
v 0.289733 0.953639 1.00684
v 0.19192 1.00758 0.977429
v 0.470647 0.922504 0.966952
v 0.305705 1.01754 0.937514
v 0.289733 0.953987 1.007
v 0.365759 1.01574 0.917932
v 0.22433 0.973531 1.00501
v 0.365708 1.01575 0.917973
v 0.50669 0.920864 0.95054
v 0.542796 0.936145 0.915111
v 0.542801 0.938 0.913252
v 0.307834 0.949793 1.00581
v 0.470666 0.991261 0.896894
v 0.398374 1.0118 0.908974
v 0.542792 0.934395 0.917066
v 0.344053 0.94202 1.0015
v 0.305735 1.01755 0.938075
v 0.542805 0.939955 0.911496
v 0.191795 0.990719 0.995367
v 0.380271 0.935381 0.99491
v 0.542788 0.932753 0.919112
v 0.224521 1.01387 0.964937
v 0.416463 1.00841 0.905051
v 0.191908 1.00655 0.979662
v 0.273363 0.958945 1.00773
v 0.542809 0.942007 0.90985
v 0.434541 1.00409 0.901818
v 0.240656 0.968939 1.00678
v 0.542783 0.931222 0.921239
v 0.271399 1.01672 0.95054
v 0.208044 0.982547 1.00113
v 0.257002 0.964071 1.00771
v 0.363728 1.01619 0.919799
v 0.542814 0.94415 0.908322
v 0.240817 1.01526 0.960447
v 0.289733 0.95525 1.00739
v 0.434541 0.927335 0.981166
v 0.191896 1.00537 0.981845
v 0.506765 0.975422 0.89635
v 0.363269 1.01629 0.920288
v 0.542779 0.929805 0.923442
v 0.273422 1.01678 0.95054
v 0.19182 0.995001 0.992744
v 0.542818 0.946377 0.906915
v 0.325942 0.947093 1.00477
v 0.191884 1.00402 0.983956
v 0.362163 0.939661 0.999512
v 0.208212 1.01074 0.973879
v 0.506695 0.920919 0.95319
v 0.191832 0.997041 0.991246
v 0.362169 1.01652 0.921462
v 0.542774 0.928503 0.925711
v 0.289733 0.956214 1.00769
v 0.361954 1.01657 0.921691
v 0.191871 1.0025 0.985969
v 0.361917 1.01657 0.921735
v 0.488717 0.985736 0.896429
v 0.191845 0.998987 0.989619
v 0.191858 1.00082 0.98786
v 0.470649 0.923344 0.969671
v 0.398371 0.933516 0.992237
v 0.542823 0.948678 0.905633
v 0.313339 1.01765 0.938638
v 0.470665 0.993674 0.897759
v 0.361406 1.01668 0.92234
v 0.398374 1.01297 0.911151
v 0.240659 0.971445 1.00671
v 0.54277 0.927315 0.928039
v 0.273362 0.961521 1.00831
v 0.224341 0.978432 1.00416
v 0.307834 0.952494 1.00705
v 0.416463 1.01002 0.906993
v 0.257003 0.966617 1.00795
v 0.208202 1.00999 0.97626
v 0.208062 0.987254 0.999375
v 0.344052 0.94449 1.00333
v 0.434541 1.00605 0.903449
v 0.542827 0.951045 0.904477
v 0.224509 1.01316 0.969879
v 0.360079 1.01695 0.924082
v 0.38027 0.937473 0.997209
v 0.289733 0.957932 1.00822
v 0.542766 0.926244 0.930419
v 0.506698 0.921156 0.955847
v 0.434541 0.92878 0.983812
v 0.208192 1.00912 0.978621
v 0.359449 1.01708 0.92506
v 0.240662 0.973969 1.00649
v 0.542831 0.953467 0.903448
v 0.24081 1.01491 0.965515
v 0.289733 0.958815 1.0085
v 0.320712 1.01774 0.939046
v 0.416463 0.93184 0.989381
v 0.358928 1.01718 0.925867
v 0.325941 0.949743 1.00622
v 0.289733 0.959036 1.00857
v 0.542761 0.92529 0.932843
v 0.398374 1.01396 0.913396
v 0.47065 0.924304 0.972368
v 0.470664 0.996034 0.898745
v 0.36217 1.01708 0.925064
v 0.208082 0.991867 0.997176
v 0.257004 0.969192 1.00804
v 0.362163 0.942015 1.00152
v 0.257114 1.01608 0.960835
v 0.273362 0.964131 1.00873
v 0.208182 1.00809 0.980948
v 0.506762 0.980294 0.896715
v 0.289733 1.01723 0.95054
v 0.416463 1.01142 0.909054
v 0.224354 0.983337 1.00283
v 0.542836 0.955913 0.902544
v 0.398371 0.935473 0.994636
v 0.307834 0.955191 1.00809
v 0.324901 1.01777 0.939205
v 0.357943 1.01737 0.927711
v 0.208171 1.00691 0.983221
v 0.43454 1.00784 0.905202
v 0.542757 0.924451 0.935305
v 0.325948 1.01778 0.939225
v 0.289733 0.96063 1.00888
v 0.506701 0.921516 0.958504
v 0.208103 0.996293 0.994495
v 0.224494 1.01208 0.974841
v 0.344052 0.947061 1.00498
v 0.20816 1.00555 0.985416
v 0.325949 1.01779 0.939888
v 0.488714 0.990575 0.897698
v 0.54284 0.958368 0.901751
v 0.38027 0.939698 0.999365
v 0.257005 0.971789 1.00799
v 0.208149 1.004 0.987506
v 0.289733 0.961492 1.00905
v 0.208137 1.00228 0.989464
v 0.398374 1.01479 0.915689
v 0.357119 1.01753 0.929624
v 0.297733 1.0174 0.95054
v 0.542752 0.923729 0.937798
v 0.273363 0.966774 1.00899
v 0.330539 1.01781 0.939314
v 0.357019 1.01755 0.929904
v 0.24067 0.979039 1.00567
v 0.470663 0.998327 0.899862
v 0.224486 1.01136 0.977311
v 0.325941 0.952455 1.00748
v 0.331885 1.01782 0.93934
v 0.305735 1.01755 0.948506
v 0.470652 0.925384 0.975035
v 0.356789 1.01759 0.930547
v 0.2408 1.01428 0.970632
v 0.224369 0.988199 1.00107
v 0.416463 1.01262 0.911212
v 0.333571 1.01783 0.939347
v 0.308372 1.01759 0.94822
v 0.542845 0.960822 0.901059
v 0.362162 0.944485 1.00335
v 0.307833 0.957889 1.00893
v 0.506704 0.921998 0.961156
v 0.43454 1.00946 0.907092
v 0.289733 0.963323 1.00941
v 0.542748 0.923122 0.940317
v 0.257008 0.974398 1.00779
v 0.257109 1.0158 0.966077
v 0.36217 1.01754 0.92991
v 0.224478 1.01051 0.97976
v 0.398371 0.93756 0.996914
v 0.289733 0.963799 1.0095
v 0.524803 0.975038 0.897725
v 0.356221 1.0177 0.932496
v 0.305735 1.01755 0.95054
v 0.273419 1.01674 0.961217
v 0.398374 1.01546 0.918017
v 0.506759 0.985108 0.897464
v 0.289733 0.964193 1.00954
v 0.273364 0.969442 1.00911
v 0.240795 1.01383 0.973199
v 0.344051 0.949717 1.00644
v 0.316208 1.01769 0.947473
v 0.542847 0.963251 0.900475
v 0.530317 0.921459 0.95054
v 0.224386 0.992956 0.998848
v 0.224469 1.0095 0.982172
v 0.470662 1.00054 0.901121
v 0.341373 1.01786 0.939258
v 0.38027 0.942049 1.00136
v 0.542744 0.922632 0.942855
v 0.452605 0.929035 0.983335
v 0.24068 0.984099 1.00436
v 0.434542 0.932039 0.988904
v 0.32594 0.955162 1.00852
v 0.355799 1.01777 0.934506
v 0.470653 0.926584 0.977664
v 0.224395 0.995266 0.997554
v 0.305735 1.01755 0.952574
v 0.355754 1.01778 0.934834
v 0.22446 1.00833 0.984527
v 0.289733 0.965951 1.00971
v 0.240789 1.01328 0.975763
v 0.307833 0.960607 1.00961
v 0.506707 0.9226 0.963797
v 0.542845 0.965503 0.900025
v 0.43454 1.0109 0.909117
v 0.323568 1.01776 0.946938
v 0.416463 0.935612 0.994214
v 0.224404 0.997511 0.996126
v 0.273364 0.972127 1.00908
v 0.398375 1.01601 0.920371
v 0.362162 0.947057 1.005
v 0.224451 1.00696 0.986798
v 0.308372 1.01759 0.952861
v 0.325949 1.01778 0.946825
v 0.289733 0.966935 1.0098
v 0.452605 1.0071 0.905363
v 0.224413 0.999671 0.994557
v 0.542739 0.922258 0.945409
v 0.224441 1.0054 0.988956
v 0.355512 1.01783 0.936579
v 0.224423 1.00172 0.992841
v 0.224432 1.00364 0.990974
v 0.257013 0.979629 1.007
v 0.398371 0.939778 0.999051
v 0.350124 1.01786 0.938962
v 0.257102 1.01526 0.971359
v 0.240783 1.0126 0.978316
v 0.542843 0.967773 0.899671
v 0.362171 1.01777 0.934839
v 0.344051 0.952434 1.0077
v 0.470661 1.0026 0.902503
v 0.330539 1.01781 0.946608
v 0.330621 1.01781 0.946604
v 0.240691 0.989104 1.00261
v 0.524799 0.979766 0.897972
v 0.289733 0.968496 1.00995
v 0.289733 0.96866 1.00995
v 0.273417 1.01654 0.966625
v 0.289733 1.01726 0.961118
v 0.32594 0.957869 1.00938
v 0.273365 0.97482 1.00891
v 0.307833 0.963323 1.0101
v 0.380269 0.944515 1.00319
v 0.50671 0.923322 0.966421
v 0.542735 0.922001 0.947972
v 0.470654 0.927905 0.980247
v 0.289733 1.01726 0.961591
v 0.355345 1.01786 0.938719
v 0.43454 1.01213 0.911247
v 0.434542 0.933856 0.991326
v 0.240776 1.01178 0.980846
v 0.334561 1.01784 0.946499
v 0.506756 0.98983 0.898587
v 0.289733 0.96969 1.00995
v 0.542841 0.970057 0.899413
v 0.257098 1.01485 0.974006
v 0.316208 1.01769 0.953608
v 0.289733 1.01726 0.962607
v 0.452605 1.00875 0.907188
v 0.416463 0.937692 0.99646
v 0.560783 0.925153 0.935667
v 0.362161 0.949713 1.00646
v 0.240769 1.01079 0.983335
v 0.240705 0.993991 1.00039
v 0.25702 0.984834 1.00573
v 0.289733 0.971384 1.00994
v 0.273367 0.977515 1.00861
v 0.470661 1.00448 0.903969
v 0.542729 0.921911 0.95054
v 0.34405 0.955146 1.00875
v 0.341327 1.01786 0.94645
v 0.398371 0.942121 1.00103
v 0.398375 1.0168 0.925139
v 0.542839 0.972348 0.899249
v 0.307833 0.965971 1.01042
v 0.257095 1.01434 0.976647
v 0.240762 1.00963 0.985763
v 0.32594 0.960598 1.01006
v 0.289733 0.972461 1.00993
v 0.434539 1.01317 0.913459
v 0.506713 0.924163 0.969023
v 0.506754 0.99214 0.899302
v 0.362172 1.01785 0.939885
v 0.452607 0.932289 0.988314
v 0.240755 1.00827 0.988103
v 0.323568 1.01776 0.954143
v 0.470656 0.929346 0.982774
v 0.380269 0.947082 1.00483
v 0.434542 0.935799 0.993646
v 0.273368 0.980204 1.00817
v 0.289733 1.01714 0.966146
v 0.524796 0.984446 0.898583
v 0.452604 1.01023 0.909167
v 0.273414 1.0161 0.972061
v 0.240748 1.00669 0.990321
v 0.560773 0.923825 0.94054
v 0.25709 1.01371 0.979276
v 0.325949 1.01778 0.954256
v 0.289733 0.974181 1.00993
v 0.542735 0.922001 0.953109
v 0.542837 0.974642 0.899178
v 0.348234 1.01786 0.946551
v 0.362161 0.952431 1.00772
v 0.289733 1.01711 0.967156
v 0.416463 0.9399 0.998567
v 0.47066 1.00624 0.905544
v 0.257028 0.989972 1.004
v 0.307833 0.968708 1.0106
v 0.289733 0.975231 1.00981
v 0.34405 0.957859 1.00961
v 0.325939 0.963327 1.01056
v 0.578855 0.937391 0.917454
v 0.57885 0.935695 0.919222
v 0.434539 1.01404 0.915732
v 0.578859 0.939182 0.915779
v 0.506752 0.994403 0.90013
v 0.578845 0.934099 0.921078
v 0.257086 1.01292 0.981879
v 0.330539 1.01781 0.954473
v 0.305735 1.01755 0.963006
v 0.330621 1.01781 0.954477
v 0.578864 0.941061 0.914198
v 0.506716 0.925123 0.971594
v 0.39837 0.944579 1.00284
v 0.273412 1.01575 0.974781
v 0.578841 0.932607 0.923018
v 0.305705 1.01754 0.963567
v 0.578868 0.943023 0.912716
v 0.289733 0.976827 1.00965
v 0.578836 0.931222 0.925036
v 0.398376 1.01726 0.929976
v 0.452603 1.01151 0.911264
v 0.542739 0.922258 0.955672
v 0.355345 1.01786 0.946779
v 0.578873 0.945064 0.911335
v 0.470657 0.930908 0.985236
v 0.334561 1.01784 0.954582
v 0.380269 0.949734 1.00628
v 0.257081 1.01197 0.984438
v 0.578832 0.929946 0.927125
v 0.289733 0.978 1.00953
v 0.257037 0.994976 1.00179
v 0.307834 0.971455 1.01064
v 0.273372 0.985546 1.00693
v 0.313339 1.01765 0.962443
v 0.289733 1.01699 0.970519
v 0.434542 0.93787 0.995847
v 0.560764 0.92295 0.94551
v 0.578877 0.947176 0.910056
v 0.470659 1.00791 0.907291
v 0.355356 1.01786 0.947781
v 0.27341 1.01529 0.977494
v 0.362161 0.955144 1.00877
v 0.289733 1.01695 0.971069
v 0.32594 0.965989 1.01086
v 0.578827 0.928781 0.929277
v 0.434539 1.01476 0.918049
v 0.34405 0.960593 1.01029
v 0.257042 0.997398 1.00048
v 0.257076 1.01082 0.986932
v 0.506751 0.996609 0.901085
v 0.305481 1.01747 0.966205
v 0.289733 0.979531 1.00937
v 0.355345 1.01786 0.94866
v 0.355365 1.01785 0.94866
v 0.416463 0.942232 1.00052
v 0.542833 0.979222 0.899306
v 0.305469 1.01747 0.966349
v 0.524792 0.989043 0.899553
v 0.578822 0.927728 0.931488
v 0.506719 0.926201 0.974128
v 0.257046 0.999745 0.999032
v 0.341327 1.01786 0.954631
v 0.257071 1.00947 0.989332
v 0.355356 1.01786 0.949539
v 0.542744 0.922632 0.958225
v 0.289733 1.01681 0.972737
v 0.289733 0.980757 1.00912
v 0.320712 1.01774 0.962035
v 0.39837 0.947137 1.00446
v 0.578887 0.95159 0.90781
v 0.257051 1.002 0.997426
v 0.273407 1.0147 0.980192
v 0.257066 1.00789 0.991602
v 0.257056 1.00413 0.995655
v 0.257061 1.0061 0.993714
v 0.355345 1.01786 0.95054
v 0.578818 0.926787 0.933749
v 0.325949 1.01779 0.961193
v 0.289733 1.0167 0.973984
v 0.289733 0.982221 1.00883
v 0.324901 1.01777 0.961876
v 0.470659 0.932591 0.98762
v 0.32594 0.968744 1.01103
v 0.380268 0.952448 1.00754
v 0.434539 1.01535 0.9204
v 0.305089 1.01736 0.968938
v 0.273376 0.990804 1.00524
v 0.560872 0.969815 0.901017
v 0.470658 1.00945 0.909217
v 0.325948 1.01778 0.961855
v 0.355356 1.01786 0.951542
v 0.36216 0.957857 1.00962
v 0.398376 1.01749 0.934895
v 0.344049 0.963328 1.01078
v 0.506749 0.998743 0.902178
v 0.434543 0.940067 0.997911
v 0.348234 1.01786 0.95453
v 0.578813 0.925958 0.936055
v 0.289733 1.01648 0.975519
v 0.273405 1.01395 0.98286
v 0.560753 0.922569 0.95054
v 0.355345 1.01786 0.952421
v 0.355365 1.01785 0.952421
v 0.289733 1.01643 0.975903
v 0.542748 0.923122 0.960764
v 0.307834 0.976949 1.0103
v 0.273378 0.993383 1.00422
v 0.330539 1.01781 0.961767
v 0.578896 0.956205 0.905967
v 0.416463 0.944678 1.0023
v 0.506722 0.927398 0.976618
v 0.304612 1.01722 0.971136
v 0.362173 1.01781 0.95054
v 0.304558 1.0172 0.971385
v 0.331885 1.01782 0.961741
v 0.355356 1.01786 0.9533
v 0.289733 0.98548 1.00818
v 0.542829 0.983762 0.899777
v 0.273403 1.01304 0.985482
v 0.333571 1.01783 0.961734
v 0.434538 1.01582 0.922777
v 0.32594 0.971509 1.01106
v 0.289733 0.986227 1.00796
v 0.39837 0.94978 1.0059
v 0.27338 0.995914 1.00306
v 0.355345 1.01786 0.954301
v 0.289733 1.01608 0.978298
v 0.470657 1.01078 0.911275
v 0.34405 0.966 1.01109
v 0.380268 0.955156 1.00858
v 0.506748 1.00072 0.903382
v 0.289733 0.987528 1.00757
v 0.47066 0.934396 0.989916
v 0.36216 0.960592 1.0103
v 0.30387 1.01699 0.973737
v 0.2734 1.01192 0.988034
v 0.560868 0.974244 0.900693
v 0.578804 0.924634 0.94078
v 0.452609 0.938095 0.995085
v 0.289733 1.01593 0.979374
v 0.542752 0.923729 0.963283
v 0.488704 1.00697 0.907412
v 0.578906 0.960903 0.904474
v 0.434543 0.942385 0.999822
v 0.303405 1.01684 0.975046
v 0.273398 1.01058 0.990485
v 0.289733 1.01561 0.980665
v 0.434538 1.01619 0.925174
v 0.398376 1.01756 0.939927
v 0.341373 1.01786 0.961823
v 0.289733 1.01552 0.981048
v 0.506725 0.928714 0.979055
v 0.303016 1.01671 0.97598
v 0.416463 0.947222 1.0039
v 0.273395 1.00901 0.9928
v 0.294152 0.988362 1.00754
v 0.295413 0.987781 1.00776
v 0.295784 0.98761 1.00782
v 0.295768 0.987617 1.00781
v 0.29263 0.98918 1.00725
v 0.297521 0.986927 1.00806
v 0.292252 0.989421 1.00716
v 0.307834 0.982394 1.00944
v 0.291223 0.990078 1.00691
v 0.298867 0.986477 1.00822
v 0.299341 0.986346 1.00827
v 0.28994 0.991062 1.00654
v 0.560764 0.92295 0.955571
v 0.289846 0.991144 1.00651
v 0.289733 0.991241 1.00647
v 0.569438 0.922885 0.95054
v 0.301126 0.985853 1.00846
v 0.289378 0.991587 1.00632
v 0.302513 1.01654 0.977186
v 0.470656 1.01192 0.913439
v 0.288696 0.992251 1.00603
v 0.506746 1.0025 0.904639
v 0.39837 0.952484 1.00715
v 0.28819 0.992866 1.00575
v 0.303537 0.985312 1.00866
v 0.304088 0.98521 1.0087
v 0.2878 0.99334 1.00554
v 0.36216 0.963328 1.01079
v 0.380268 0.957865 1.00943
v 0.287303 0.994107 1.00518
v 0.306098 0.984838 1.00885
v 0.287046 0.994505 1.00499
v 0.286917 0.994751 1.00488
v 0.289733 1.01486 0.983782
v 0.542757 0.924451 0.965776
v 0.286686 0.995191 1.00467
v 0.307834 0.984575 1.00896
v 0.542824 0.988232 0.900588
v 0.325941 0.977037 1.01069
v 0.301483 1.01618 0.979266
v 0.470661 0.936322 0.992111
v 0.578795 0.92375 0.94562
v 0.308798 0.984429 1.00902
v 0.289733 1.0147 0.984415
v 0.488703 1.00856 0.909279
v 0.286168 0.996446 1.00405
v 0.286121 0.996614 1.00396
v 0.578906 0.965341 0.903381
v 0.452609 0.940277 0.997097
v 0.286052 0.996861 1.00383
v 0.310638 0.984194 1.00912
v 0.310769 0.984177 1.00912
v 0.596867 0.93081 0.927881
v 0.560864 0.978673 0.900703
v 0.289733 1.01436 0.985336
v 0.285814 0.99772 1.00339
v 0.300735 1.01589 0.98058
v 0.30064 1.01586 0.980746
v 0.350124 1.01786 0.962119
v 0.434543 0.944814 1.00157
v 0.300326 1.01574 0.981298
v 0.34405 0.971542 1.01128
v 0.285618 0.999087 1.00264
v 0.285616 0.999096 1.00263
v 0.289733 1.01395 0.986447
v 0.506728 0.930148 0.981431
v 0.285614 0.999321 1.0025
v 0.314819 0.98378 1.00931
v 0.470655 1.01289 0.915685
v 0.506744 1.0042 0.905994
v 0.285602 1.00045 1.00185
v 0.416463 0.949851 1.00532
v 0.289733 1.01352 0.98762
v 0.36216 0.966003 1.0111
v 0.299053 1.01522 0.983292
v 0.285723 1.00151 1.0012
v 0.285731 1.00158 1.00115
v 0.317351 0.983632 1.0094
v 0.384649 1.01768 0.95054
v 0.285758 1.00181 1.00101
v 0.596859 0.928624 0.932067
v 0.289733 1.01328 0.98829
v 0.434538 1.01669 0.930025
v 0.39837 0.955183 1.00818
v 0.542822 0.990426 0.901134
v 0.380267 0.960595 1.0101
v 0.31893 0.983539 1.00945
v 0.285972 1.00279 1.00037
v 0.289733 1.01289 0.989051
v 0.542761 0.92529 0.968238
v 0.355345 1.01786 0.962362
v 0.29768 1.01461 0.985256
v 0.289733 1.01249 0.989832
v 0.297563 1.01455 0.985411
v 0.286321 1.00385 0.999622
v 0.286328 1.00387 0.999606
v 0.286446 1.00423 0.999356
v 0.488701 1.00996 0.911294
v 0.297017 1.01427 0.986137
v 0.578902 0.969577 0.902662
v 0.287088 1.00562 0.998289
v 0.470663 0.938368 0.994191
v 0.289733 1.0116 0.991562
v 0.560773 0.923825 0.960541
v 0.295887 1.0137 0.987638
v 0.289733 1.01155 0.991666
v 0.295848 1.01368 0.987687
v 0.287367 1.00609 0.9979
v 0.287475 1.00627 0.997749
v 0.323199 0.983392 1.00956
v 0.289733 1.01132 0.991999
v 0.362172 1.01785 0.961196
v 0.578784 0.923347 0.95054
v 0.287888 1.00696 0.997171
v 0.45261 0.942578 0.998959
v 0.325941 0.982515 1.0098
v 0.288361 1.00761 0.996575
v 0.294218 1.01272 0.989736
v 0.470654 1.01369 0.917993
v 0.294082 1.01263 0.989901
v 0.289733 1.01001 0.993889
v 0.288842 1.00818 0.996019
v 0.293695 1.01236 0.990369
v 0.289733 1.0099 0.994045
v 0.289043 1.00842 0.995787
v 0.289394 1.00884 0.995381
v 0.596851 0.926874 0.936468
v 0.289733 1.00947 0.994661
v 0.506743 1.00594 0.907563
v 0.292597 1.01161 0.991695
v 0.289733 1.00919 0.995013
v 0.292304 1.01138 0.992036
v 0.325941 0.983322 1.00962
v 0.434543 0.947339 1.00314
v 0.290552 1.00994 0.99407
v 0.506732 0.9317 0.983737
v 0.290863 1.01023 0.993712
v 0.355512 1.01783 0.964502
v 0.291034 1.01038 0.993516
v 0.560859 0.983073 0.901032
v 0.54282 0.992583 0.901786
v 0.327717 0.983276 1.00966
v 0.380267 0.963327 1.01059
v 0.416462 0.95254 1.00654
v 0.328143 0.983272 1.00967
v 0.398369 0.957883 1.00902
v 0.542766 0.926244 0.970662
v 0.344051 0.977091 1.01089
v 0.355754 1.01778 0.966247
v 0.355799 1.01777 0.966575
v 0.332869 0.983219 1.00975
v 0.434537 1.01695 0.934956
v 0.470653 1.01434 0.920346
v 0.398377 1.01749 0.95054
v 0.578897 0.973851 0.902253
v 0.362161 0.971551 1.01129
v 0.470664 0.940533 0.99614
v 0.596843 0.925558 0.941038
v 0.542818 0.994692 0.902557
v 0.506741 1.0076 0.909367
v 0.452611 0.944986 1.00066
v 0.380268 0.965996 1.0109
v 0.299707 0.986245 1.01854
v 0.29935 0.98637 1.01854
v 0.506735 0.933368 0.985962
v 0.295948 0.98756 1.01854
v 0.434543 0.949948 1.00453
v 0.295429 0.987813 1.01854
v 0.30404 0.985228 1.01854
v 0.30409 0.98522 1.01854
v 0.362171 1.01777 0.966241
v 0.356221 1.0177 0.968585
v 0.398369 0.960604 1.00969
v 0.416462 0.955225 1.00757
v 0.578795 0.92375 0.955461
v 0.54277 0.927315 0.973042
v 0.292914 0.98904 1.01854
v 0.292278 0.98946 1.01854
v 0.339869 0.983263 1.00981
v 0.340077 0.983264 1.00981
v 0.310101 0.984273 1.01854
v 0.560783 0.925153 0.965414
v 0.560855 0.987414 0.901685
v 0.310641 0.984224 1.01854
v 0.470652 1.01488 0.922734
v 0.290506 0.99063 1.01854
v 0.344052 0.98259 1.00998
v 0.289889 0.991191 1.01854
v 0.542816 0.996739 0.903461
v 0.356789 1.01759 0.970534
v 0.344052 0.983342 1.00981
v 0.288741 0.992233 1.01854
v 0.50674 1.00906 0.911335
v 0.317279 0.983633 1.01854
v 0.596834 0.924667 0.94574
v 0.31735 0.98363 1.01854
v 0.578893 0.978132 0.902147
v 0.614926 0.937295 0.921502
v 0.614929 0.938911 0.919916
v 0.614923 0.935769 0.923173
v 0.357019 1.01755 0.971177
v 0.470666 0.942811 0.997945
v 0.288235 0.992899 1.01854
v 0.614932 0.94061 0.918416
v 0.614919 0.934338 0.924928
v 0.357119 1.01753 0.971457
v 0.434537 1.01704 0.939989
v 0.452611 0.947488 1.00219
v 0.31985 0.983514 1.01854
v 0.614935 0.942385 0.917002
v 0.398369 0.963324 1.01018
v 0.614916 0.933007 0.92676
v 0.506738 0.935153 0.988098
v 0.347735 0.983415 1.00982
v 0.434544 0.952617 1.00574
v 0.362161 0.977107 1.0109
v 0.416462 0.957911 1.0084
v 0.542774 0.928503 0.97537
v 0.614938 0.944231 0.915673
v 0.470651 1.0153 0.925149
v 0.287268 0.99417 1.01854
v 0.614913 0.931778 0.928666
v 0.524777 1.00485 0.907755
v 0.286982 0.99478 1.01854
v 0.36217 1.01754 0.971171
v 0.542814 0.998621 0.904464
v 0.357943 1.01737 0.97337
v 0.380268 0.971533 1.0111
v 0.614945 0.948112 0.913269
v 0.506738 1.01032 0.913439
v 0.328144 0.983308 1.01854
v 0.578804 0.924634 0.960301
v 0.614907 0.929633 0.932673
v 0.286159 0.996531 1.01854
v 0.398369 0.96598 1.01049
v 0.286086 0.996866 1.01854
v 0.330807 0.983242 1.01854
v 0.355864 0.983645 1.00978
v 0.596824 0.924237 0.95054
v 0.470667 0.945193 0.999596
v 0.416462 0.960617 1.00906
v 0.578889 0.982394 0.902339
v 0.358928 1.01718 0.975214
v 0.452612 0.950071 1.00355
v 0.434544 0.955283 1.00674
v 0.542779 0.929805 0.977639
v 0.614951 0.952214 0.911196
v 0.542812 1.0003 0.905495
v 0.506741 0.937051 0.990135
v 0.524775 1.00657 0.909492
v 0.359449 1.01708 0.976021
v 0.285663 0.998802 1.01854
v 0.362162 0.982611 1.00999
v 0.614901 0.927911 0.936903
v 0.360422 0.983806 1.00973
v 0.285668 0.999322 1.01854
v 0.398376 1.01756 0.961154
v 0.506736 1.0114 0.915651
v 0.36217 1.01708 0.976017
v 0.360079 1.01695 0.976998
v 0.47065 1.01588 0.930043
v 0.362162 0.983868 1.00971
v 0.339869 0.983317 1.01854
v 0.614957 0.956524 0.909428
v 0.364436 0.983948 1.00968
v 0.54281 1.00195 0.906618
v 0.416462 0.96332 1.00955
v 0.380269 0.977077 1.01073
v 0.285685 1.00122 1.01854
v 0.434544 0.95795 1.00756
v 0.470668 0.947667 1.00109
v 0.542783 0.931222 0.979841
v 0.452613 0.952714 1.00473
v 0.361406 1.01668 0.978741
v 0.285766 1.00157 1.01854
v 0.614894 0.926608 0.941314
v 0.506744 0.93906 0.992062
v 0.344917 0.983359 1.01854
v 0.361917 1.01657 0.979346
v 0.578885 0.986606 0.902834
v 0.361954 1.01657 0.97939
v 0.578813 0.925958 0.965025
v 0.596834 0.924667 0.955341
v 0.39837 0.971484 1.01071
v 0.362169 1.01652 0.979619
v 0.506735 1.0123 0.917946
v 0.605209 0.92465 0.95054
v 0.614964 0.960985 0.907929
v 0.371579 0.984257 1.00955
v 0.416462 0.965952 1.00988
v 0.542808 1.00373 0.907997
v 0.434536 1.01699 0.95054
v 0.286258 1.00369 1.01854
v 0.363269 1.01629 0.980793
v 0.286339 1.00387 1.01854
v 0.398376 1.01749 0.966186
v 0.363728 1.01619 0.981282
v 0.434544 0.960635 1.00822
v 0.578883 0.988683 0.903207
v 0.470648 1.0162 0.935012
v 0.596924 0.977611 0.903625
v 0.542788 0.932753 0.981969
v 0.437382 1.01695 0.95054
v 0.452613 0.955356 1.00572
v 0.47067 0.950219 1.00241
v 0.578818 0.926787 0.967332
v 0.614888 0.925713 0.945869
v 0.380269 0.98257 1.00982
v 0.506733 1.01304 0.920303
v 0.506747 0.941178 0.993868
v 0.287235 1.00587 1.01854
v 0.365708 1.01575 0.983108
v 0.614964 0.965188 0.906797
v 0.365759 1.01574 0.983149
v 0.287493 1.00626 1.01854
v 0.38027 0.984679 1.00934
v 0.542806 1.00551 0.909667
v 0.578881 0.990731 0.903677
v 0.39837 0.976998 1.01036
v 0.434544 0.963314 1.00873
v 0.596843 0.925558 0.960042
v 0.632973 0.932857 0.929473
v 0.360422 0.983823 1.01854
v 0.506732 1.01365 0.922705
v 0.452614 0.958 1.00654
v 0.578822 0.927728 0.969593
v 0.542792 0.934395 0.984015
v 0.367902 1.01525 0.984882
v 0.384359 0.984877 1.00924
v 0.470671 0.95283 1.00356
v 0.398376 1.01726 0.971105
v 0.59692 0.981738 0.903685
v 0.288684 1.00802 1.01854
v 0.363024 0.9839 1.01854
v 0.416462 0.971402 1.01013
v 0.368731 1.01505 0.985476
v 0.386112 0.984958 1.00918
v 0.614879 0.925265 0.95054
v 0.289061 1.00841 1.01854
v 0.50675 0.943399 0.995541
v 0.63297 0.930764 0.933302
v 0.470646 1.01633 0.940064
v 0.614961 0.969131 0.905994
v 0.578879 0.992743 0.904258
v 0.542804 1.0071 0.911534
v 0.434544 0.965912 1.00907
v 0.370302 1.01468 0.9866
v 0.50673 1.01415 0.925141
v 0.290486 1.0099 1.01854
v 0.578827 0.928781 0.971804
v 0.452615 0.960657 1.0072
v 0.632967 0.929078 0.937361
v 0.290882 1.01021 1.01854
v 0.372106 1.01423 0.987772
v 0.398371 0.982461 1.00949
v 0.542796 0.936145 0.98597
v 0.470672 0.955444 1.00453
v 0.578877 0.994704 0.904965
v 0.614959 0.973116 0.905435
v 0.398375 1.0168 0.975942
v 0.506753 0.945715 0.997076
v 0.596917 0.985828 0.904029
v 0.374217 1.01369 0.989018
v 0.596851 0.926874 0.964613
v 0.542802 1.00848 0.91357
v 0.374924 1.0135 0.989435
v 0.434537 1.01704 0.961092
v 0.416463 0.976862 1.00982
v 0.614888 0.925713 0.955212
v 0.398371 0.985525 1.00879
v 0.293381 1.01217 1.01854
v 0.632964 0.927793 0.941607
v 0.376017 1.01321 0.99001
v 0.399073 0.985558 1.00876
v 0.452615 0.963306 1.00771
v 0.578832 0.929946 0.973957
v 0.578875 0.996494 0.905761
v 0.293698 1.01236 1.01854
v 0.470674 0.958059 1.00535
v 0.542801 0.938 0.987829
v 0.378331 1.01259 0.991227
v 0.402417 0.985765 1.00863
v 0.434544 0.971284 1.00935
v 0.402653 0.98578 1.00862
v 0.380274 1.01319 0.989999
v 0.506727 1.01484 0.930085
v 0.614956 0.977121 0.905122
v 0.5428 1.00967 0.915741
v 0.506756 0.948114 0.998466
v 0.398375 1.01601 0.980709
v 0.578873 0.998077 0.906574
v 0.380273 1.01204 0.992134
v 0.380375 1.01201 0.992182
v 0.296541 1.01405 1.01854
v 0.452614 0.965862 1.00807
v 0.406055 0.986088 1.00845
v 0.297023 1.01427 1.01854
v 0.632961 0.926899 0.946009
v 0.578836 0.931222 0.976045
v 0.381941 1.01156 0.992913
v 0.398374 1.01546 0.983064
v 0.416463 0.982275 1.009
v 0.434537 1.01695 0.966125
v 0.470675 0.960684 1.00601
v 0.386112 0.984963 1.01854
v 0.40927 0.986495 1.00825
v 0.409349 0.986508 1.00824
v 0.542805 0.939955 0.989585
v 0.596859 0.928624 0.969014
v 0.470641 1.01625 0.95054
v 0.614894 0.926608 0.959767
v 0.578871 0.99966 0.90748
v 0.385189 1.0106 0.994263
v 0.488723 0.955544 1.0032
v 0.38576 1.01043 0.9945
v 0.542798 1.01067 0.918016
v 0.30006 1.01564 1.01854
v 0.411267 0.986824 1.0081
v 0.651042 0.939222 0.923824
v 0.386525 1.01019 0.994783
v 0.398374 1.01479 0.985392
v 0.651042 0.937798 0.925328
v 0.506759 0.950587 0.999709
v 0.300743 1.01587 1.01854
v 0.614954 0.981122 0.905059
v 0.651043 0.936459 0.92691
v 0.65104 0.942301 0.921056
v 0.651044 0.935209 0.928568
v 0.434543 0.976667 1.0091
v 0.413281 0.987238 1.00792
v 0.578841 0.932607 0.978063
v 0.651045 0.934052 0.930298
v 0.413694 0.987344 1.00788
v 0.651038 0.945636 0.918587
v 0.506724 1.01524 0.935099
v 0.398374 1.01396 0.987685
v 0.389788 1.00917 0.995988
v 0.632956 0.926413 0.95054
v 0.470676 0.963297 1.00653
v 0.390498 1.00893 0.996222
v 0.414765 0.987622 1.00777
v 0.415156 0.987723 1.00773
v 0.578869 1.00147 0.908679
v 0.59691 0.99373 0.905799
v 0.416463 0.987596 1.00772
v 0.542809 0.942007 0.991231
v 0.651036 0.949184 0.916396
v 0.398374 1.01297 0.98993
v 0.651047 0.932024 0.933953
v 0.452613 0.971132 1.0084
v 0.542795 1.01151 0.920369
v 0.416463 0.988158 1.00756
v 0.434538 1.01669 0.971056
v 0.416819 0.988277 1.00751
v 0.305089 1.01736 1.01854
v 0.416881 0.988298 1.0075
v 0.394158 1.00773 0.997431
v 0.417175 0.988412 1.00746
v 0.305734 1.01755 1.01854
v 0.398374 1.0118 0.992107
v 0.506762 0.953116 1.0008
v 0.396188 1.00704 0.998052
v 0.396216 1.00703 0.998061
v 0.418297 0.988915 1.00727
v 0.578845 0.934099 0.980003
v 0.399073 0.98556 1.01854
v 0.398373 1.01042 0.994194
v 0.614951 0.985095 0.905262
v 0.651034 0.952913 0.914459
v 0.470675 0.965802 1.00691
v 0.418947 0.989286 1.00713
v 0.3997 0.985591 1.01854
v 0.398371 1.00627 0.998671
v 0.398506 1.00622 0.998709
v 0.614901 0.927911 0.964178
v 0.398373 1.00882 0.996173
v 0.398373 1.007 0.998032
v 0.651048 0.930383 0.937839
v 0.419295 0.989485 1.00706
v 0.310425 1.01762 1.01854
v 0.596867 0.93081 0.973199
v 0.434543 0.982006 1.00834
v 0.41984 0.989877 1.00692
v 0.638501 0.926765 0.95054
v 0.578867 1.00334 0.910217
v 0.401263 1.00524 0.99949
v 0.542794 1.0122 0.922778
v 0.420314 0.990317 1.00676
v 0.402135 1.00492 0.999713
v 0.488728 0.960715 1.00467
v 0.420483 0.990473 1.0067
v 0.310363 1.01869 1.01854
v 0.542814 0.94415 0.992759
v 0.50672 1.01542 0.940171
v 0.632961 0.926899 0.955072
v 0.420771 0.990824 1.00657
v 0.61495 0.987063 0.905473
v 0.651033 0.956864 0.912742
v 0.421142 0.991456 1.00634
v 0.421149 0.991475 1.00634
v 0.596906 0.997019 0.907208
v 0.406484 1.0033 1.00083
v 0.506765 0.955656 1.00174
v 0.434538 1.01619 0.975907
v 0.421331 0.992014 1.00614
v 0.408178 1.00263 1.00123
v 0.65105 0.929124 0.941917
v 0.57885 0.935695 0.981859
v 0.452612 0.976417 1.00821
v 0.421403 0.992687 1.00589
v 0.421407 0.992725 1.00587
v 0.421406 0.992739 1.00587
v 0.410168 1.00185 1.0017
v 0.421375 0.993142 1.00571
v 0.411267 1.00139 1.00196
v 0.421171 0.99393 1.00541
v 0.421054 0.994192 1.00531
v 0.542791 1.01276 0.925229
v 0.42092 0.994491 1.00519
v 0.614948 0.98901 0.90577
v 0.413761 1.00022 1.00259
v 0.41379 1.00021 1.0026
v 0.578865 1.00502 0.911982
v 0.420334 0.995402 1.00482
v 0.414832 0.999658 1.00288
v 0.41485 0.999649 1.00288
v 0.316355 1.01969 1.01854
v 0.419966 0.995818 1.00464
v 0.416463 0.99869 1.00336
v 0.419445 0.996405 1.0044
v 0.416738 0.998527 1.00344
v 0.417837 0.997741 1.0038
v 0.418125 0.997535 1.0039
v 0.418322 0.997394 1.00396
v 0.434538 1.01582 0.978304
v 0.434542 0.987258 1.00714
v 0.651031 0.961066 0.911247
v 0.470646 1.01633 0.961017
v 0.542818 0.946377 0.994166
v 0.416463 1.01262 0.989869
v 0.416463 1.00016 1.00254
v 0.470673 0.970952 1.00729
v 0.506769 0.9582 1.00254
v 0.614907 0.929633 0.968408
v 0.416463 1.01142 0.992027
v 0.416463 1.00246 1.00111
v 0.651052 0.928234 0.946158
v 0.495964 1.01572 0.95054
v 0.614947 0.990931 0.906169
v 0.578855 0.937391 0.983627
v 0.434539 1.01535 0.980681
v 0.416463 1.00462 0.999537
v 0.416463 1.01002 0.994088
v 0.632964 0.927793 0.959474
v 0.416463 1.00661 0.997846
v 0.416463 1.00841 0.99603
v 0.330539 1.01781 1.01854
v 0.488727 0.965734 1.00561
v 0.33117 1.01782 1.01854
v 0.323463 1.02032 1.01854
v 0.578863 1.00651 0.913943
v 0.651031 0.965057 0.910103
v 0.452611 0.981662 1.00753
v 0.434542 0.992383 1.00551
v 0.434539 1.01476 0.983032
v 0.542823 0.948678 0.995448
v 0.614946 0.992814 0.906685
v 0.506772 0.960748 1.00322
v 0.542787 1.01357 0.930212
v 0.470648 1.0162 0.966069
v 0.578859 0.939182 0.985302
v 0.434539 1.01404 0.985349
v 0.651049 0.927754 0.95054
v 0.330662 1.02048 1.01854
v 0.470672 0.97612 1.00717
v 0.651032 0.968761 0.909252
v 0.669128 0.935371 0.931133
v 0.578861 1.00778 0.916064
v 0.434541 0.997314 1.00342
v 0.434539 1.01317 0.987622
v 0.506713 1.01541 0.95054
v 0.63299 0.984426 0.906524
v 0.45261 0.986826 1.00642
v 0.614913 0.931778 0.972415
v 0.506773 0.963276 1.00377
v 0.542827 0.951045 0.996604
v 0.434541 0.999677 1.00217
v 0.669135 0.93342 0.93462
v 0.632967 0.929078 0.96372
v 0.338495 1.02012 1.01854
v 0.43454 1.01213 0.989834
v 0.488724 0.970749 1.00604
v 0.434541 1.00195 1.00078
v 0.614943 0.99603 0.907912
v 0.578864 0.941061 0.986883
v 0.43454 1.0109 0.991964
v 0.651032 0.972508 0.908587
v 0.434541 1.00409 0.999263
v 0.43454 1.00946 0.993989
v 0.578859 1.00887 0.918308
v 0.434541 1.00605 0.997631
v 0.34632 1.01928 1.01854
v 0.43454 1.00784 0.995879
v 0.47065 1.01588 0.971038
v 0.669142 0.931835 0.938334
v 0.651052 0.928234 0.954923
v 0.47067 0.981254 1.00659
v 0.542783 1.01406 0.935255
v 0.506772 0.965661 1.00418
v 0.614916 0.933007 0.974321
v 0.452609 0.991869 1.0049
v 0.614942 0.997548 0.908644
v 0.542831 0.953467 0.997633
v 0.355127 1.0179 1.01854
v 0.355345 1.01786 1.01854
v 0.632989 0.988248 0.906881
v 0.578868 0.943023 0.988365
v 0.669149 0.930609 0.942241
v 0.651033 0.976282 0.908114
v 0.361909 1.01654 1.01854
v 0.578857 1.00979 0.920643
v 0.365109 1.01589 1.01854
v 0.50677 0.968089 1.00449
v 0.488722 0.975785 1.00601
v 0.63297 0.930764 0.967778
v 0.614919 0.934338 0.976153
v 0.452608 0.996728 1.00292
v 0.614941 0.999344 0.909696
v 0.470651 1.0153 0.975932
v 0.374209 1.01365 1.01854
v 0.376442 1.0131 1.01854
v 0.542836 0.955913 0.998537
v 0.470668 0.986314 1.00559
v 0.65105 0.929124 0.959164
v 0.386519 1.01016 1.01854
v 0.388139 1.00969 1.01854
v 0.542779 1.01431 0.940329
v 0.669156 0.929729 0.946316
v 0.452603 1.01151 0.989817
v 0.578873 0.945064 0.989746
v 0.506769 0.970529 1.00468
v 0.578855 1.01055 0.923046
v 0.632988 0.991978 0.907624
v 0.651034 0.980065 0.907849
v 0.470652 1.01488 0.978347
v 0.398501 1.0062 1.01854
v 0.400206 1.00563 1.01854
v 0.452604 1.01023 0.991914
v 0.410168 1.00185 1.01854
v 0.410203 1.00184 1.01854
v 0.614923 0.935769 0.977908
v 0.452605 1.00875 0.993893
v 0.452605 1.0071 0.995718
v 0.614939 1.00125 0.911118
v 0.50672 1.01542 0.96091
v 0.54284 0.958368 0.99933
v 0.488719 0.980794 1.00553
v 0.470653 1.01434 0.980735
v 0.470666 0.991261 1.00419
v 0.3997 0.985591 1.03989
v 0.506767 0.972975 1.00476
v 0.578853 1.01117 0.925495
v 0.578877 0.947176 0.991025
v 0.669163 0.929182 0.95054
v 0.632973 0.932857 0.971608
v 0.402417 0.985762 1.03989
v 0.470654 1.01369 0.983088
v 0.470665 0.993674 1.00332
v 0.669856 0.929236 0.95054
v 0.651034 0.983838 0.907808
v 0.614926 0.937295 0.979579
v 0.687194 0.941507 0.926099
v 0.632986 0.995134 0.908689
v 0.687207 0.939007 0.928894
v 0.687181 0.944274 0.923585
v 0.614938 1.00297 0.912787
v 0.651048 0.930383 0.963242
v 0.506765 0.975422 1.00473
v 0.542845 0.960822 1.00002
v 0.470664 0.996034 1.00234
v 0.687168 0.947252 0.921325
v 0.470655 1.01289 0.985396
v 0.687219 0.936817 0.931968
v 0.488717 0.985736 1.00465
v 0.687156 0.950398 0.919285
v 0.506724 1.01524 0.965982
v 0.470663 0.998327 1.00122
v 0.632986 0.996619 0.909361
v 0.470656 1.01192 0.987642
v 0.687232 0.934959 0.935292
v 0.40935 0.986507 1.03989
v 0.614929 0.938911 0.981165
v 0.470662 1.00054 0.99996
v 0.470657 1.01078 0.989806
v 0.687143 0.953691 0.917435
v 0.651035 0.987578 0.90803
v 0.669156 0.929729 0.954765
v 0.542847 0.963251 1.00061
v 0.614936 1.00451 0.914671
v 0.470661 1.0026 0.998577
v 0.470658 1.00945 0.991864
v 0.470661 1.00448 0.997112
v 0.470659 1.00791 0.99379
v 0.687245 0.93344 0.938838
v 0.47066 1.00624 0.995537
v 0.578849 1.01209 0.930482
v 0.299707 0.986245 1.07854
v 0.295948 0.98756 1.07854
v 0.632985 0.998389 0.910357
v 0.30404 0.985228 1.07854
v 0.506762 0.980294 1.00437
v 0.488714 0.990575 1.00338
v 0.68713 0.957223 0.915734
v 0.54277 1.01435 0.95054
v 0.578887 0.95159 0.993271
v 0.292914 0.98904 1.07854
v 0.413696 0.987335 1.03989
v 0.651047 0.932024 0.967128
v 0.310101 0.984273 1.07854
v 0.614932 0.94061 0.982665
v 0.290506 0.99063 1.07854
v 0.542845 0.965503 1.00106
v 0.506727 1.01484 0.970996
v 0.687257 0.932257 0.942575
v 0.614935 1.00584 0.916731
v 0.288741 0.992233 1.07854
v 0.317279 0.983633 1.07854
v 0.687117 0.961144 0.914251
v 0.41682 0.988274 1.03989
v 0.651036 0.991243 0.908615
v 0.632985 1.00028 0.911732
v 0.524803 0.975038 1.00336
v 0.31985 0.983514 1.07854
v 0.669149 0.930609 0.958839
v 0.542843 0.967773 1.00141
v 0.287268 0.99417 1.07854
v 0.506759 0.985108 1.00362
v 0.614935 0.942385 0.984079
v 0.550401 1.01413 0.95054
v 0.418955 0.989274 1.03989
v 0.68727 0.931394 0.946481
v 0.578845 1.01266 0.93552
v 0.299455 0.991435 1.07854
v 0.651036 0.992903 0.909047
v 0.303454 0.990369 1.07854
v 0.614934 1.00697 0.918927
v 0.295889 0.99292 1.07854
v 0.687116 0.964956 0.91313
v 0.50673 1.01415 0.97594
v 0.309489 0.989333 1.07854
v 0.293664 0.994241 1.07854
v 0.286159 0.996531 1.07854
v 0.488701 1.00996 0.989787
v 0.651045 0.934052 0.970783
v 0.420324 0.990307 1.03989
v 0.29285 0.994869 1.07854
v 0.632984 1.002 0.913357
v 0.542841 0.970057 1.00167
v 0.330807 0.983242 1.07854
v 0.488703 1.00856 0.991802
v 0.578896 0.956205 0.995114
v 0.651037 0.994357 0.909544
v 0.488704 1.00697 0.993669
v 0.31573 0.988697 1.07854
v 0.614938 0.944231 0.985408
v 0.291519 0.996265 1.07854
v 0.506732 1.01365 0.978376
v 0.506756 0.98983 1.00249
v 0.524799 0.979766 1.00311
v 0.421151 0.991475 1.03989
v 0.687121 0.96849 0.912278
v 0.687277 0.930893 0.95054
v 0.285663 0.998802 1.07854
v 0.614933 1.00793 0.921226
v 0.669142 0.931835 0.962747
v 0.290647 0.997823 1.07854
v 0.542839 0.972348 1.00183
v 0.651037 0.995809 0.910177
v 0.651044 0.935209 0.972513
v 0.421407 0.992739 1.03989
v 0.323235 0.988375 1.07854
v 0.506754 0.99214 1.00178
v 0.506733 1.01304 0.980778
v 0.578841 1.01297 0.940558
v 0.542779 1.01431 0.960752
v 0.705298 0.940454 0.929857
v 0.290252 0.999533 1.07854
v 0.421063 0.994195 1.03989
v 0.285685 1.00122 1.07854
v 0.506752 0.994403 1.00095
v 0.687126 0.972064 0.911563
v 0.506735 1.0123 0.983135
v 0.705317 0.938398 0.93279
v 0.542837 0.974642 1.0019
v 0.669088 0.987007 0.909206
v 0.614931 1.00873 0.923597
v 0.651037 0.997536 0.911135
v 0.344917 0.983359 1.07854
v 0.419984 0.995831 1.03989
v 0.524796 0.984446 1.0025
v 0.651043 0.936459 0.974171
v 0.506751 0.996609 0.999996
v 0.290387 1.00124 1.07854
v 0.506736 1.0114 0.98543
v 0.705335 0.936646 0.935961
v 0.68727 0.931394 0.9546
v 0.418132 0.997543 1.03989
v 0.578906 0.960903 0.996607
v 0.506749 0.998743 0.998903
v 0.286258 1.00369 1.07854
v 0.414832 0.999659 1.03989
v 0.614945 0.948112 0.987812
v 0.506738 1.01032 0.987642
v 0.669135 0.93342 0.966461
v 0.336613 0.988219 1.07854
v 0.410203 1.00184 1.03989
v 0.290886 1.00274 1.07854
v 0.506748 1.00072 0.997699
v 0.687131 0.975668 0.910997
v 0.705353 0.935207 0.939344
v 0.61493 1.0094 0.92602
v 0.50674 1.00906 0.989747
v 0.506746 1.0025 0.996442
v 0.651038 0.99939 0.91247
v 0.560872 0.969815 1.00006
v 0.506744 1.0042 0.995087
v 0.651042 0.937798 0.975753
v 0.578837 1.01309 0.945569
v 0.506741 1.0076 0.991714
v 0.35347 0.983615 1.07854
v 0.542783 1.01406 0.965826
v 0.506743 1.00594 0.993518
v 0.669091 0.990618 0.909648
v 0.524792 0.989043 1.00153
v 0.542833 0.979222 1.00178
v 0.287235 1.00587 1.07854
v 0.291977 1.00459 1.07854
v 0.705372 0.934076 0.942913
v 0.687257 0.932257 0.958506
v 0.687136 0.979289 0.910597
v 0.651042 0.939222 0.977257
v 0.651038 1.00109 0.914056
v 0.699634 0.932068 0.95054
v 0.293483 1.00622 1.07854
v 0.578906 0.965341 0.9977
v 0.288684 1.00802 1.07854
v 0.363024 0.9839 1.07854
v 0.669128 0.935371 0.969948
v 0.560868 0.974244 1.00039
v 0.542787 1.01357 0.970869
v 0.70539 0.933239 0.946649
v 0.614951 0.952214 0.989885
v 0.57883 1.01304 0.95054
v 0.542829 0.983762 1.0013
v 0.35347 0.988585 1.07854
v 0.614927 1.01039 0.930955
v 0.355179 0.988622 1.07854
v 0.295886 1.0081 1.07854
v 0.687141 0.982913 0.910383
v 0.290486 1.0099 1.07854
v 0.651039 1.0026 0.915863
v 0.687245 0.93344 0.962243
v 0.705403 0.932721 0.95054
v 0.524777 1.00485 0.993326
v 0.524775 1.00657 0.991589
v 0.578902 0.969577 0.998419
v 0.65104 0.942301 0.980025
v 0.542824 0.988232 1.00049
v 0.298931 1.00986 1.07854
v 0.542791 1.01276 0.975852
v 0.560864 0.978673 1.00038
v 0.293381 1.01217 1.07854
v 0.651039 1.00391 0.917852
v 0.687146 0.986524 0.910388
v 0.578837 1.01309 0.955512
v 0.542822 0.990426 0.999947
v 0.542794 1.0122 0.978303
v 0.614925 1.01102 0.93593
v 0.723372 0.944183 0.928217
v 0.723348 0.946561 0.925888
v 0.614957 0.956524 0.991653
v 0.723395 0.942022 0.930783
v 0.723325 0.949106 0.923765
v 0.302526 1.0114 1.07854
v 0.54282 0.992583 0.999295
v 0.723418 0.940117 0.933589
v 0.723302 0.95178 0.921807
v 0.687232 0.934959 0.965789
v 0.70539 0.933239 0.954432
v 0.296541 1.01405 1.07854
v 0.542795 1.01151 0.980712
v 0.651039 1.00504 0.919981
v 0.723279 0.954568 0.919983
v 0.560859 0.983073 1.00005
v 0.542818 0.994692 0.998524
v 0.578897 0.973851 0.998828
v 0.723441 0.938488 0.936617
v 0.687152 0.990089 0.910705
v 0.542798 1.01067 0.983065
v 0.723255 0.957617 0.918255
v 0.651038 0.945636 0.982494
v 0.542816 0.996739 0.99762
v 0.578841 1.01297 0.960522
v 0.308107 1.01315 1.07854
v 0.30006 1.01564 1.07854
v 0.723465 0.937142 0.939844
v 0.5428 1.00967 0.98534
v 0.542814 0.998621 0.996617
v 0.723243 0.959368 0.917457
v 0.687154 0.991726 0.911008
v 0.614922 1.01138 0.94088
v 0.65104 1.006 0.922215
v 0.542812 1.0003 0.995586
v 0.542802 1.00848 0.987511
v 0.380046 0.989674 1.07854
v 0.72323 0.961223 0.916772
v 0.54281 1.00195 0.994463
v 0.614964 0.960985 0.993151
v 0.542804 1.0071 0.989547
v 0.705372 0.934076 0.958168
v 0.542808 1.00373 0.993084
v 0.560855 0.987414 0.999396
v 0.542806 1.00551 0.991414
v 0.687219 0.936817 0.969113
v 0.687157 0.993168 0.911449
v 0.723488 0.936074 0.94325
v 0.578893 0.978132 0.998934
v 0.601613 1.01216 0.95054
v 0.313648 1.01433 1.07854
v 0.305089 1.01736 1.07854
v 0.65104 1.0068 0.924524
v 0.723229 0.964877 0.915706
v 0.578845 1.01266 0.965561
v 0.687159 0.994555 0.912073
v 0.3997 0.985591 1.07854
v 0.651036 0.949184 0.984685
v 0.723512 0.935273 0.946817
v 0.61492 1.01154 0.945759
v 0.319725 1.01512 1.07854
v 0.402417 0.985762 1.07854
v 0.705353 0.935207 0.961737
v 0.310363 1.01869 1.07854
v 0.578889 0.982394 0.998743
v 0.65104 1.00747 0.926884
v 0.687162 0.996145 0.913007
v 0.614964 0.965188 0.994284
v 0.687207 0.939007 0.972187
v 0.723528 0.934774 0.95054
v 0.578849 1.01209 0.970599
v 0.32745 1.01553 1.07854
v 0.316355 1.01969 1.07854
v 0.723248 0.971755 0.914202
v 0.687164 0.997854 0.914293
v 0.40935 0.986507 1.07854
v 0.614915 1.01152 0.95054
v 0.578885 0.986606 0.998247
v 0.651034 0.952913 0.986622
v 0.705335 0.936646 0.96512
v 0.334711 1.0154 1.07854
v 0.596924 0.977611 0.997456
v 0.741439 0.947833 0.926919
v 0.741467 0.945679 0.929183
v 0.614961 0.969131 0.995087
v 0.741412 0.950132 0.924834
v 0.578883 0.988683 0.997874
v 0.741494 0.943716 0.93166
v 0.741385 0.952542 0.92289
v 0.723512 0.935273 0.954264
v 0.723257 0.975239 0.91361
v 0.323463 1.02032 1.07854
v 0.651041 1.00848 0.931692
v 0.413696 0.987335 1.07854
v 0.687194 0.941507 0.974983
v 0.578853 1.01117 0.975586
v 0.687167 0.999424 0.915816
v 0.741357 0.955051 0.921054
v 0.741522 0.941981 0.934353
v 0.342462 1.01475 1.07854
v 0.578881 0.990731 0.997404
v 0.74133 0.957833 0.919293
v 0.578855 1.01055 0.978035
v 0.741549 0.94049 0.937249
v 0.731199 0.935643 0.95054
v 0.41682 0.988274 1.07854
v 0.741316 0.959484 0.918481
v 0.351289 1.01351 1.07854
v 0.330662 1.02048 1.07854
v 0.61492 1.01154 0.955322
v 0.578879 0.992743 0.996823
v 0.35347 1.01309 1.07854
v 0.723266 0.978743 0.913147
v 0.59692 0.981738 0.997396
v 0.705317 0.938398 0.968291
v 0.687169 1.00083 0.91755
v 0.741301 0.961266 0.9178
v 0.578857 1.00979 0.980438
v 0.651033 0.956864 0.988339
v 0.741576 0.939252 0.94033
v 0.614959 0.973116 0.995646
v 0.578877 0.994704 0.996116
v 0.723488 0.936074 0.957832
v 0.418955 0.989274 1.07854
v 0.362739 1.01131 1.07854
v 0.741294 0.963099 0.91722
v 0.338495 1.02012 1.07854
v 0.578859 1.00887 0.982773
v 0.578875 0.996494 0.99532
v 0.651042 1.00914 0.936526
v 0.687181 0.944274 0.977496
v 0.578873 0.998077 0.994507
v 0.374975 1.00833 1.07854
v 0.420324 0.990307 1.07854
v 0.741604 0.938261 0.943579
v 0.7413 0.964844 0.916772
v 0.578861 1.00778 0.985017
v 0.723275 0.982259 0.912831
v 0.578871 0.99966 0.993601
v 0.687172 1.00206 0.919457
v 0.34632 1.01928 1.07854
v 0.596917 0.985828 0.997052
v 0.386399 1.005 1.07854
v 0.578863 1.00651 0.987138
v 0.420054 0.99156 1.07854
v 0.578869 1.00147 0.992402
v 0.614922 1.01138 0.960201
v 0.578865 1.00502 0.989099
v 0.578867 1.00334 0.990864
v 0.421151 0.991475 1.07854
v 0.398165 1.00105 1.07854
v 0.420086 0.992131 1.07854
v 0.409303 0.996808 1.07854
v 0.35347 1.01816 1.07854
v 0.614956 0.977121 0.995959
v 0.705298 0.940454 0.971224
v 0.355127 1.0179 1.07854
v 0.723465 0.937142 0.961237
v 0.741631 0.937505 0.946983
v 0.421407 0.992739 1.07854
v 0.651031 0.961066 0.989834
v 0.687174 1.00311 0.921499
v 0.723284 0.985775 0.912692
v 0.365109 1.01589 1.07854
v 0.421063 0.994195 1.07854
v 0.651043 1.00953 0.941312
v 0.687168 0.947252 0.979756
v 0.419984 0.995831 1.07854
v 0.376442 1.0131 1.07854
v 0.741321 0.971638 0.915344
v 0.74165 0.937036 0.95054
v 0.614925 1.01102 0.96515
v 0.614954 0.981122 0.996022
v 0.418132 0.997543 1.07854
v 0.687177 1.00401 0.92364
v 0.388139 1.00969 1.07854
v 0.723441 0.938488 0.964464
v 0.59691 0.99373 0.995282
v 0.414832 0.999659 1.07854
v 0.400206 1.00563 1.07854
v 0.723293 0.989272 0.912807
v 0.410203 1.00184 1.07854
v 0.651031 0.965057 0.990978
v 0.596906 0.997019 0.993873
v 0.651043 1.00972 0.945996
v 0.723298 0.99091 0.913021
v 0.759504 0.951229 0.925783
v 0.759534 0.949196 0.927849
v 0.687179 1.00477 0.925852
v 0.759474 0.953356 0.923833
v 0.741631 0.937505 0.954098
v 0.759565 0.947286 0.930069
v 0.687156 0.950398 0.981796
v 0.759444 0.955566 0.921968
v 0.614927 1.01039 0.970126
v 0.614951 0.985095 0.995819
v 0.759429 0.956721 0.921057
v 0.759595 0.945542 0.932474
v 0.759414 0.958063 0.920157
v 0.723302 0.992369 0.913475
v 0.759625 0.943994 0.93507
v 0.759399 0.959609 0.919326
v 0.723418 0.940117 0.967492
v 0.61495 0.987063 0.995608
v 0.687182 1.00541 0.928111
v 0.759382 0.961311 0.918644
v 0.759655 0.942659 0.937849
v 0.651032 0.968761 0.991829
v 0.650271 1.00981 0.95054
v 0.723307 0.993691 0.914175
v 0.614948 0.98901 0.995311
v 0.651044 1.00976 0.95054
v 0.759374 0.963086 0.91808
v 0.741604 0.938261 0.957502
v 0.61493 1.0094 0.975061
v 0.759686 0.941544 0.940795
v 0.687143 0.953691 0.983646
v 0.75938 0.964814 0.917662
v 0.614947 0.990931 0.994912
v 0.723312 0.995087 0.915149
v 0.614931 1.00873 0.977484
v 0.723395 0.942022 0.970298
v 0.614946 0.992814 0.994396
v 0.759716 0.940643 0.943896
v 0.614933 1.00793 0.979855
v 0.651032 0.972508 0.992494
v 0.687187 1.00637 0.932706
v 0.741576 0.939252 0.960751
v 0.651043 1.00972 0.955085
v 0.723316 0.996565 0.916424
v 0.614943 0.99603 0.993169
v 0.614934 1.00697 0.982153
v 0.759746 0.939947 0.947144
v 0.614942 0.997548 0.992437
v 0.614935 1.00584 0.98435
v 0.63299 0.984426 0.994557
v 0.68713 0.957223 0.985347
v 0.614941 0.999344 0.991385
v 0.614936 1.00451 0.98641
v 0.759404 0.97154 0.91634
v 0.614939 1.00125 0.989963
v 0.614938 1.00297 0.988294
v 0.723372 0.944183 0.972864
v 0.723321 0.997929 0.917908
v 0.651033 0.976282 0.992966
v 0.759774 0.939453 0.95054
v 0.741549 0.94049 0.963832
v 0.651043 1.00953 0.959769
v 0.687192 1.00701 0.937314
v 0.632989 0.988248 0.9942
v 0.761224 0.939646 0.95054
v 0.723325 0.999151 0.919579
v 0.687117 0.961144 0.98683
v 0.77757 0.954225 0.92462
v 0.777539 0.956118 0.922706
v 0.723348 0.946561 0.975193
v 0.777523 0.95711 0.921763
v 0.777602 0.9524 0.926597
v 0.759746 0.939947 0.953937
v 0.777507 0.958312 0.920829
v 0.777633 0.950654 0.928666
v 0.651034 0.980065 0.993232
v 0.632988 0.991978 0.993457
v 0.741522 0.941981 0.966728
v 0.759427 0.978359 0.915336
v 0.777664 0.949009 0.930861
v 0.777492 0.959743 0.919972
v 0.651042 1.00914 0.964555
v 0.72333 1.00022 0.921403
v 0.777696 0.947503 0.933213
v 0.777474 0.961359 0.919284
v 0.687197 1.0074 0.941858
v 0.777727 0.946163 0.93573
v 0.632986 0.995134 0.992392
v 0.777466 0.963072 0.918736
v 0.299455 0.991435 1.14187
v 0.303454 0.990369 1.14187
v 0.295889 0.99292 1.14187
v 0.632986 0.996619 0.99172
v 0.759439 0.981794 0.914991
v 0.723335 1.00115 0.923344
v 0.759716 0.940643 0.957185
v 0.651034 0.983838 0.993272
v 0.309489 0.989333 1.14187
v 0.777758 0.945001 0.938406
v 0.293664 0.994241 1.14187
v 0.777473 0.964786 0.918355
v 0.632985 0.998389 0.990724
v 0.723325 0.949106 0.977316
v 0.687116 0.964956 0.987951
v 0.29285 0.994869 1.14187
v 0.632985 1.00028 0.989349
v 0.741494 0.943716 0.969421
v 0.632984 1.002 0.987724
v 0.651041 1.00848 0.969389
v 0.31573 0.988697 1.14187
v 0.291519 0.996265 1.14187
v 0.77779 0.944025 0.94123
v 0.687202 1.00761 0.946281
v 0.723339 1.00194 0.925373
v 0.290647 0.997823 1.14187
v 0.759451 0.985241 0.914778
v 0.323235 0.988375 1.14187
v 0.651035 0.987578 0.993051
v 0.759686 0.941544 0.960286
v 0.777821 0.94323 0.944195
v 0.290252 0.999533 1.14187
v 0.687121 0.96849 0.988803
v 0.65104 1.00747 0.974196
v 0.723302 0.95178 0.979274
v 0.723344 1.00261 0.927463
v 0.741467 0.945679 0.971898
v 0.777497 0.971457 0.91717
v 0.290387 1.00124 1.14187
v 0.777853 0.942607 0.947297
v 0.759462 0.988688 0.91476
v 0.687205 1.00762 0.95054
v 0.65104 1.0068 0.976557
v 0.651036 0.991243 0.992466
v 0.759655 0.942659 0.963232
v 0.723348 1.00317 0.929594
v 0.336613 0.988219 1.14187
v 0.651036 0.992903 0.992034
v 0.290886 1.00274 1.14187
v 0.65104 1.006 0.978866
v 0.759468 0.990344 0.914925
v 0.651037 0.994357 0.991537
v 0.687126 0.972064 0.989518
v 0.777873 0.942214 0.95054
v 0.651039 1.00504 0.9811
v 0.723279 0.954568 0.981098
v 0.741439 0.947833 0.974162
v 0.651037 0.995809 0.990904
v 0.291977 1.00459 1.14187
v 0.651039 1.00391 0.983229
v 0.759474 0.991843 0.915453
v 0.651037 0.997536 0.989946
v 0.687202 1.00761 0.9548
v 0.651039 1.0026 0.985218
v 0.651038 0.99939 0.988611
v 0.651038 1.00109 0.987025
v 0.795627 0.957529 0.922267
v 0.795612 0.958579 0.921291
v 0.795643 0.956708 0.923252
v 0.777521 0.978206 0.916244
v 0.759625 0.943994 0.966011
v 0.795673 0.955152 0.925235
v 0.795597 0.959889 0.920401
v 0.795704 0.953651 0.92726
v 0.293483 1.00622 1.14187
v 0.75948 0.993096 0.916304
v 0.79558 0.961411 0.919699
v 0.696812 1.00706 0.95054
v 0.777853 0.942607 0.953784
v 0.723357 1.00403 0.933915
v 0.795734 0.952211 0.929353
v 0.687131 0.975668 0.990084
v 0.795765 0.950852 0.931545
v 0.795572 0.963057 0.919165
v 0.741412 0.950132 0.976247
v 0.669088 0.987007 0.991875
v 0.723255 0.957617 0.982826
v 0.759486 0.994248 0.917379
v 0.795795 0.949605 0.933865
v 0.687197 1.0074 0.959223
v 0.355179 0.988622 1.14187
v 0.295886 1.0081 1.14187
v 0.795578 0.96476 0.918828
v 0.759595 0.945542 0.968607
v 0.795826 0.948491 0.936321
v 0.777821 0.94323 0.956886
v 0.723243 0.959368 0.983624
v 0.759492 0.995426 0.91868
v 0.669091 0.990618 0.991433
v 0.687136 0.979289 0.990484
v 0.795856 0.947522 0.93891
v 0.723367 1.00461 0.938233
v 0.298931 1.00986 1.14187
v 0.777546 0.985026 0.915689
v 0.741385 0.952542 0.978191
v 0.687192 1.00701 0.963767
v 0.72323 0.961223 0.984308
v 0.772382 0.990542 0.915636
v 0.772126 0.990726 0.91569
v 0.772992 0.990172 0.915587
v 0.795887 0.946702 0.941629
v 0.773665 0.989765 0.915533
v 0.771343 0.99129 0.915853
v 0.773991 0.989584 0.915525
v 0.759498 0.996515 0.920152
v 0.774499 0.989329 0.915532
v 0.770848 0.991714 0.916041
v 0.770779 0.991772 0.916067
v 0.770676 0.991879 0.916131
v 0.759565 0.947286 0.971012
v 0.77779 0.944025 0.959851
v 0.77575 0.988701 0.915551
v 0.770198 0.992377 0.91643
v 0.776318 0.988467 0.915575
v 0.302526 1.0114 1.14187
v 0.76996 0.992683 0.916658
v 0.77182 1.00481 0.901847
v 0.772125 1.00469 0.901724
v 0.772873 1.00439 0.901422
v 0.789944 0.944076 0.95054
v 0.795602 0.971382 0.917813
v 0.777536 0.987966 0.915626
v 0.769847 0.992877 0.916829
v 0.770961 1.00528 0.902314
v 0.77423 1.00397 0.901005
v 0.769802 0.992954 0.916897
v 0.777888 0.987821 0.915641
v 0.774497 1.00391 0.900943
v 0.770683 1.00549 0.902526
v 0.687141 0.982913 0.990698
v 0.76964 0.993231 0.917142
v 0.770323 1.00577 0.902799
v 0.776095 1.00354 0.90057
v 0.795918 0.946029 0.944471
v 0.76954 0.993496 0.917406
v 0.769864 1.00628 0.903315
v 0.769837 1.00633 0.903366
v 0.759503 0.997494 0.921773
v 0.723376 1.00498 0.942478
v 0.780316 0.987021 0.915757
v 0.777538 1.00329 0.900318
v 0.76949 0.993817 0.917746
v 0.741357 0.955051 0.980027
v 0.778432 1.00313 0.900162
v 0.687187 1.00637 0.968375
v 0.769456 0.994037 0.917979
v 0.769457 0.994041 0.917984
v 0.781414 0.986712 0.915812
v 0.769565 1.00686 0.903891
v 0.782059 0.986558 0.915845
v 0.769478 0.994303 0.918281
v 0.769491 1.00726 0.904298
v 0.777758 0.945001 0.962675
v 0.723229 0.964877 0.985375
v 0.759534 0.949196 0.973232
v 0.769457 1.00745 0.904484
v 0.795948 0.945494 0.947438
v 0.769456 1.00749 0.904524
v 0.308107 1.01315 1.14187
v 0.781163 1.00277 0.899806
v 0.769643 0.994789 0.918881
v 0.784361 0.98601 0.915962
v 0.759509 0.998355 0.923518
v 0.782059 1.00269 0.899722
v 0.687146 0.986524 0.990693
v 0.769749 0.994931 0.919079
v 0.769551 1.00808 0.905115
v 0.380046 0.989674 1.14187
v 0.769883 0.995111 0.919327
v 0.769967 0.995225 0.919485
v 0.769745 1.00849 0.905523
v 0.784617 1.00245 0.899482
v 0.723385 1.00518 0.946595
v 0.687182 1.00541 0.97297
v 0.769796 1.0086 0.905632
v 0.79597 0.945136 0.95054
v 0.795625 0.978068 0.917001
v 0.787682 0.985398 0.916129
v 0.813728 0.958868 0.921524
v 0.74133 0.957833 0.981788
v 0.787835 0.985377 0.916136
v 0.813742 0.957979 0.922552
v 0.313648 1.01433 1.14187
v 0.813715 0.960047 0.920592
v 0.77044 0.995601 0.920071
v 0.759515 0.999099 0.925358
v 0.7705 0.995634 0.920128
v 0.813756 0.957339 0.923589
v 0.777727 0.946163 0.965351
v 0.770212 1.00911 0.906144
v 0.813699 0.961467 0.919867
v 0.687179 1.00477 0.975229
v 0.759504 0.951229 0.975298
v 0.770868 0.995837 0.920478
v 0.813783 0.956141 0.925662
v 0.687152 0.990089 0.990376
v 0.787836 1.00225 0.89928
v 0.770513 1.00936 0.90639
v 0.813693 0.963042 0.919347
v 0.788572 1.0022 0.899234
v 0.81381 0.954983 0.927756
v 0.771419 0.996051 0.920894
v 0.77143 0.996056 0.920903
v 0.770821 1.00961 0.906641
v 0.778901 1.00635 0.903382
v 0.687177 1.00401 0.977441
v 0.741316 0.959484 0.9826
v 0.791343 0.9849 0.916305
v 0.780609 1.00576 0.902789
v 0.687154 0.991726 0.990073
v 0.771629 0.996134 0.921053
v 0.759521 0.999736 0.927266
v 0.778035 1.00691 0.903944
v 0.791657 0.984872 0.91632
v 0.319725 1.01512 1.14187
v 0.813838 0.953871 0.929896
v 0.795948 0.945494 0.953642
v 0.72339 1.00519 0.95054
v 0.813698 0.964733 0.919062
v 0.771428 1.00996 0.906998
v 0.687157 0.993168 0.989632
v 0.687174 1.00311 0.979582
v 0.777756 1.00749 0.904524
v 0.771553 1.01004 0.907071
v 0.783661 1.00513 0.902164
v 0.772502 0.99637 0.921578
v 0.813865 0.95282 0.932108
v 0.777696 0.947503 0.967868
v 0.687159 0.994555 0.989008
v 0.687172 1.00206 0.981623
v 0.741301 0.961266 0.983281
v 0.759474 0.953356 0.977248
v 0.778038 1.00807 0.905107
v 0.687162 0.996145 0.988074
v 0.759527 1.00028 0.929223
v 0.773329 0.996524 0.921983
v 0.687169 1.00083 0.983531
v 0.723248 0.971755 0.986879
v 0.772505 1.01046 0.907491
v 0.813892 0.951852 0.934416
v 0.793219 1.00203 0.899065
v 0.687164 0.997854 0.986789
v 0.77355 0.996566 0.92209
v 0.687167 0.999424 0.985265
v 0.773664 0.996587 0.922146
v 0.795648 0.984506 0.9165
v 0.795714 0.9845 0.916503
v 0.32745 1.01553 1.14187
v 0.795836 0.984494 0.916508
v 0.795918 0.946029 0.95661
v 0.788351 1.00458 0.901612
v 0.773332 1.01073 0.907765
v 0.778811 1.00859 0.905623
v 0.773554 1.01081 0.907838
v 0.81392 0.950985 0.936831
v 0.723385 1.00518 0.954486
v 0.741294 0.963099 0.983861
v 0.773882 1.01091 0.907947
v 0.774949 0.996751 0.922668
v 0.759533 1.00074 0.931209
v 0.795836 1.002 0.899031
v 0.77512 0.996767 0.922727
v 0.777664 0.949009 0.97022
v 0.334711 1.0154 1.14187
v 0.822816 0.957671 0.923674
v 0.813947 0.950227 0.939353
v 0.776096 0.996855 0.923068
v 0.778901 1.04966 0.860072
v 0.780272 1.00913 0.906166
v 0.759444 0.955566 0.979113
v 0.7763 0.996867 0.923129
v 0.780609 1.04907 0.859478
v 0.813719 0.971312 0.918249
v 0.778035 1.05022 0.860634
v 0.723257 0.975239 0.987471
v 0.7413 0.964844 0.984309
v 0.822841 0.956659 0.9258
v 0.80039 0.984263 0.916696
v 0.775757 1.01137 0.908408
v 0.798633 1.00196 0.898995
v 0.795887 0.946702 0.959452
v 0.777756 1.0508 0.861214
v 0.342462 1.01475 1.14187
v 0.783661 1.04844 0.858853
v 0.776303 1.01148 0.908508
v 0.822865 0.955681 0.927938
v 0.813974 0.949582 0.941982
v 0.723376 1.00498 0.958602
v 0.759429 0.956721 0.980024
v 0.794991 1.0042 0.901233
v 0.77819 0.996975 0.923692
v 0.778038 1.05139 0.861797
v 0.777633 0.950654 0.972415
v 0.759544 1.00144 0.935221
v 0.351289 1.01351 1.14187
v 0.782859 1.00972 0.906751
v 0.777999 1.01179 0.908819
v 0.814002 0.949048 0.944718
v 0.788351 1.04789 0.858301
v 0.778811 1.0519 0.862313
v 0.759414 0.958063 0.980924
v 0.795856 0.947522 0.96217
v 0.723266 0.978743 0.987934
v 0.780451 0.997036 0.924251
v 0.805329 0.98419 0.916881
v 0.780697 0.997037 0.924301
v 0.805381 0.984189 0.916883
v 0.362739 1.01131 1.14187
v 0.723367 1.00461 0.962847
v 0.804773 1.00201 0.899042
v 0.814029 0.948618 0.947566
v 0.81374 0.977938 0.917586
v 0.780697 1.01215 0.909185
v 0.805329 1.00202 0.899056
v 0.780272 1.05244 0.862855
v 0.780946 1.01219 0.909218
v 0.831857 0.959181 0.921509
v 0.374975 1.00833 1.14187
v 0.807359 0.984203 0.916952
v 0.741572 1.00391 0.95054
v 0.777602 0.9524 0.974484
v 0.831846 0.96022 0.920526
v 0.759399 0.959609 0.981755
v 0.831868 0.958462 0.9226
v 0.831834 0.96153 0.919769
v 0.786664 1.01024 0.907276
v 0.759556 1.00192 0.939215
v 0.831878 0.958015 0.9237
v 0.783348 0.997046 0.924845
v 0.386399 1.005 1.14187
v 0.777618 0.998574 0.928226
v 0.420054 0.99156 1.14187
v 0.795826 0.948491 0.96476
v 0.802316 1.0041 0.901131
v 0.784065 0.997035 0.924964
v 0.831829 0.963027 0.91926
v 0.398165 1.00105 1.14187
v 0.723275 0.982259 0.988249
v 0.420086 0.992131 1.14187
v 0.409303 0.996808 1.14187
v 0.741321 0.971638 0.985737
v 0.794991 1.04751 0.857923
v 0.814051 0.948318 0.95054
v 0.8319 0.957194 0.925885
v 0.759382 0.961311 0.982437
v 0.723357 1.00403 0.967166
v 0.831833 0.964705 0.919034
v 0.782859 1.05303 0.86344
v 0.784496 1.01252 0.909557
v 0.831921 0.956401 0.928072
v 0.778901 1.09297 0.816762
v 0.77757 0.954225 0.976461
v 0.786398 0.996998 0.925354
v 0.780609 1.09238 0.816168
v 0.778035 1.09353 0.817324
v 0.786809 0.996986 0.92541
v 0.759374 0.963086 0.983001
v 0.795795 0.949605 0.967216
v 0.831943 0.955638 0.930281
v 0.759568 1.00224 0.94313
v 0.777756 1.09411 0.817904
v 0.813017 0.984361 0.917133
v 0.783661 1.09175 0.815543
v 0.814029 0.948618 0.953515
v 0.811662 1.00218 0.899217
v 0.723284 0.985775 0.988389
v 0.786811 1.01267 0.909702
v 0.777631 0.999435 0.932028
v 0.817551 0.948933 0.95054
v 0.81376 0.984402 0.917154
v 0.792164 1.01066 0.907696
v 0.723348 1.00317 0.971487
v 0.778038 1.09469 0.818487
v 0.831964 0.954915 0.932536
v 0.789594 0.996903 0.925789
v 0.75938 0.964814 0.983419
v 0.786664 1.05355 0.863965
v 0.788812 1.01279 0.909827
v 0.777539 0.956118 0.978375
v 0.723344 1.00261 0.973618
v 0.788351 1.0912 0.814991
v 0.802316 1.04741 0.85782
v 0.831985 0.954248 0.934855
v 0.778811 1.09521 0.819003
v 0.795765 0.950852 0.969536
v 0.814002 0.949048 0.956363
v 0.816989 0.984582 0.917246
v 0.723293 0.989272 0.988274
v 0.840944 0.95837 0.923665
v 0.83185 0.971241 0.918457
v 0.817353 0.984602 0.917256
v 0.723339 1.00194 0.975708
v 0.777523 0.95711 0.979318
v 0.79293 0.996767 0.926153
v 0.832007 0.953649 0.937249
v 0.780272 1.09575 0.819545
v 0.816989 1.0024 0.899435
v 0.723298 0.99091 0.98806
v 0.723335 1.00115 0.977737
v 0.840961 0.957747 0.925915
v 0.819317 0.984712 0.917311
v 0.813209 1.00432 0.901351
v 0.817758 1.00243 0.899466
v 0.794841 0.996672 0.926317
v 0.723302 0.992369 0.987606
v 0.793241 1.01295 0.909984
v 0.72333 1.00022 0.979678
v 0.777507 0.958312 0.980252
v 0.832028 0.953123 0.939724
v 0.813974 0.949582 0.959099
v 0.795734 0.952211 0.971728
v 0.723307 0.993691 0.986906
v 0.79571 0.996629 0.926392
v 0.840978 0.957143 0.928157
v 0.723325 0.999151 0.981502
v 0.759586 1.00243 0.95054
v 0.723312 0.995087 0.985932
v 0.799556 1.01088 0.907909
v 0.794991 1.09082 0.814613
v 0.792164 1.05397 0.864386
v 0.723321 0.997929 0.983172
v 0.796398 0.996595 0.926451
v 0.723316 0.996565 0.984657
v 0.794841 1.01297 0.910007
v 0.819636 1.00251 0.899543
v 0.795714 0.996914 0.92738
v 0.782859 1.09634 0.82013
v 0.83205 0.952672 0.942283
v 0.840995 0.956563 0.93041
v 0.777492 0.959743 0.981108
v 0.759404 0.97154 0.984741
v 0.813947 0.950227 0.961728
v 0.817758 1.00454 0.901573
v 0.831866 0.977805 0.917979
v 0.795704 0.953651 0.973821
v 0.841013 0.956013 0.932694
v 0.795719 0.997364 0.929171
v 0.798061 1.01302 0.910052
v 0.799995 0.996391 0.926684
v 0.849993 0.960408 0.920184
v 0.849999 0.95952 0.92123
v 0.832071 0.952296 0.944931
v 0.849986 0.961598 0.919382
v 0.777474 0.961359 0.981797
v 0.850005 0.958982 0.922394
v 0.849983 0.963011 0.918881
v 0.850011 0.958738 0.923567
v 0.813209 1.04763 0.858041
v 0.826217 0.985267 0.917482
v 0.786664 1.09686 0.820655
v 0.778901 1.13628 0.773452
v 0.780609 1.13569 0.772858
v 0.81392 0.950985 0.96425
v 0.832093 0.95199 0.947678
v 0.802316 1.09072 0.81451
v 0.778035 1.13684 0.774013
v 0.777466 0.963072 0.982345
v 0.849985 0.964676 0.918723
v 0.803715 0.996158 0.926856
v 0.795673 0.955152 0.975846
v 0.799556 1.05419 0.864599
v 0.850024 0.958316 0.925887
v 0.777756 1.13742 0.774594
v 0.783661 1.13506 0.772233
v 0.759568 1.00224 0.957951
v 0.795731 0.998073 0.932834
v 0.805151 0.996061 0.926898
v 0.808708 1.0108 0.907832
v 0.777473 0.964786 0.982726
v 0.804264 1.01298 0.910015
v 0.778038 1.13801 0.775176
v 0.850036 0.957909 0.928191
v 0.8321 0.95182 0.95054
v 0.805151 1.01296 0.909993
v 0.813892 0.951852 0.966664
v 0.828773 1.00301 0.900043
v 0.84999 0.967923 0.918565
v 0.807555 0.9959 0.926968
v 0.831882 0.984447 0.917649
v 0.788351 1.13451 0.771681
v 0.778811 1.13852 0.775693
v 0.795643 0.956708 0.977829
v 0.850048 0.957516 0.930494
v 0.759427 0.978359 0.985745
v 0.792164 1.09728 0.821076
v 0.831886 0.985859 0.917604
v 0.759556 1.00192 0.961865
v 0.795743 0.998578 0.936529
v 0.826973 1.00499 0.902025
v 0.832093 0.95199 0.953403
v 0.795627 0.957529 0.978814
v 0.780272 1.13906 0.776235
v 0.850061 0.957144 0.932814
v 0.833555 0.986033 0.91764
v 0.849994 0.971164 0.918417
v 0.813865 0.95282 0.968973
v 0.811513 0.99562 0.927022
v 0.859082 0.959117 0.923404
v 0.834518 0.986133 0.917661
v 0.795612 0.958579 0.97979
v 0.833553 1.00333 0.900366
v 0.811641 1.0128 0.909833
v 0.808708 1.05411 0.864521
v 0.813815 0.99545 0.92702
v 0.850073 0.9568 0.935167
v 0.759544 1.00144 0.96586
v 0.759439 0.981794 0.98609
v 0.794991 1.13413 0.771303
v 0.817758 1.01046 0.907487
v 0.832071 0.952296 0.95615
v 0.859088 0.958904 0.925801
v 0.795755 0.998929 0.94019
v 0.782859 1.13965 0.77682
v 0.815587 0.99532 0.927019
v 0.813209 1.09094 0.81473
v 0.813838 0.953871 0.971185
v 0.795597 0.959889 0.98068
v 0.777497 0.971457 0.983911
v 0.850086 0.956489 0.937565
v 0.820584 1.01035 0.90738
v 0.799556 1.0975 0.821289
v 0.859095 0.958698 0.928172
v 0.818156 0.995125 0.926973
v 0.759533 1.00074 0.969872
v 0.83205 0.952672 0.958798
v 0.813824 0.996101 0.930081
v 0.784771 1.00036 0.95054
v 0.826973 1.0483 0.858715
v 0.759451 0.985241 0.986303
v 0.79558 0.961411 0.981382
v 0.850098 0.956215 0.940014
v 0.819559 0.995019 0.926948
v 0.817758 1.01255 0.909584
v 0.850004 0.977662 0.91816
v 0.81381 0.954983 0.973324
v 0.818156 1.01253 0.909567
v 0.759527 1.00028 0.971858
v 0.868155 0.960459 0.91973
v 0.868155 0.960627 0.919558
v 0.868155 0.961058 0.919117
v 0.795767 0.999163 0.943768
v 0.868155 0.960117 0.920223
v 0.868155 0.961543 0.918765
v 0.868155 0.961678 0.918698
v 0.859102 0.958498 0.93053
v 0.868155 0.959906 0.920674
v 0.868155 0.959754 0.921
v 0.786664 1.14017 0.777345
v 0.868155 0.962313 0.918385
v 0.819401 1.01248 0.909517
v 0.868155 0.959595 0.921579
v 0.868155 0.962885 0.918213
v 0.839759 1.00375 0.900785
v 0.868155 0.962995 0.9182
v 0.868155 0.959561 0.921917
v 0.802316 1.13403 0.7712
v 0.795572 0.963057 0.981916
v 0.759521 0.999736 0.973815
v 0.832028 0.953123 0.961357
v 0.850111 0.955979 0.942524
v 0.841704 0.987034 0.917794
v 0.299455 0.991435 1.20521
v 0.868155 0.95951 0.922432
v 0.822508 0.994795 0.926895
v 0.868155 0.963736 0.918109
v 0.303454 0.990369 1.20521
v 0.868155 0.963834 0.918108
v 0.295889 0.99292 1.20521
v 0.868155 0.95951 0.923174
v 0.844187 0.954218 0.95054
v 0.859108 0.95831 0.932893
v 0.309489 0.989333 1.20521
v 0.759515 0.999099 0.975723
v 0.759462 0.988688 0.986321
v 0.868155 0.964643 0.918108
v 0.813834 0.996646 0.933611
v 0.293664 0.994241 1.20521
v 0.813783 0.956141 0.975419
v 0.29285 0.994869 1.20521
v 0.795578 0.96476 0.982253
v 0.759509 0.998355 0.977563
v 0.850123 0.955781 0.945104
v 0.31573 0.988697 1.20521
v 0.291519 0.996265 1.20521
v 0.759468 0.990344 0.986156
v 0.820584 1.05366 0.864069
v 0.832007 0.953649 0.963831
v 0.859115 0.958135 0.935273
v 0.759503 0.997494 0.979308
v 0.868155 0.95951 0.925654
v 0.778901 1.17959 0.730141
v 0.777521 0.978206 0.984837
v 0.780609 1.179 0.729547
v 0.759474 0.991843 0.985627
v 0.778035 1.18015 0.730703
v 0.759498 0.996515 0.980929
v 0.290647 0.997823 1.20521
v 0.808708 1.09742 0.821211
v 0.759492 0.995426 0.9824
v 0.75948 0.993096 0.984777
v 0.759486 0.994248 0.983702
v 0.868155 0.967867 0.918108
v 0.792164 1.14059 0.777766
v 0.845903 0.987632 0.917862
v 0.777756 1.18073 0.731283
v 0.323235 0.988375 1.20521
v 0.850014 0.984238 0.917977
v 0.783661 1.17837 0.728922
v 0.813756 0.957339 0.977492
v 0.850136 0.955617 0.94777
v 0.813845 0.997037 0.937153
v 0.795785 0.999323 0.95054
v 0.868155 0.95951 0.928098
v 0.82775 1.01204 0.909067
v 0.290252 0.999533 1.20521
v 0.830105 0.994211 0.926603
v 0.831985 0.954248 0.966226
v 0.778038 1.18132 0.731866
v 0.813742 0.957979 0.978529
v 0.822865 0.955681 0.973143
v 0.847921 0.987919 0.917894
v 0.835414 1.00943 0.906462
v 0.831921 0.994074 0.926496
v 0.788351 1.17782 0.72837
v 0.850138 0.955532 0.95054
v 0.290387 1.00124 1.20521
v 0.868155 0.971077 0.918108
v 0.778811 1.18183 0.732382
v 0.868155 0.95951 0.930519
v 0.826973 1.09161 0.815404
v 0.850018 0.987577 0.917929
v 0.844052 1.00622 0.903257
v 0.831923 0.994273 0.927584
v 0.813728 0.958868 0.979557
v 0.850018 0.988219 0.917955
v 0.831964 0.954915 0.968545
v 0.834519 0.993878 0.926343
v 0.336613 0.988219 1.20521
v 0.290886 1.00274 1.20521
v 0.777631 0.999435 0.969053
v 0.813209 1.13425 0.77142
v 0.795602 0.971382 0.983268
v 0.822841 0.956659 0.975281
v 0.780272 1.18237 0.732925
v 0.851377 0.988413 0.917994
v 0.868155 0.95951 0.93293
v 0.850136 0.955617 0.953311
v 0.813715 0.960047 0.980489
v 0.834519 1.01159 0.908624
v 0.83693 0.993696 0.926201
v 0.777546 0.985026 0.985392
v 0.799556 1.14081 0.777978
v 0.850828 1.00464 0.901668
v 0.769478 0.994303 0.9828
v 0.769457 0.994041 0.983097
v 0.769456 0.994037 0.983102
v 0.769643 0.994789 0.9822
v 0.769749 0.994931 0.982002
v 0.76949 0.993817 0.983335
v 0.769883 0.995111 0.981754
v 0.852512 0.988575 0.918027
v 0.76954 0.993496 0.983675
v 0.769967 0.995225 0.981596
v 0.837801 0.99363 0.92615
v 0.291977 1.00459 1.20521
v 0.76964 0.993231 0.983939
v 0.769802 0.992954 0.984184
v 0.77044 0.995601 0.98101
v 0.769847 0.992877 0.984252
v 0.7705 0.995634 0.980953
v 0.76996 0.992683 0.984423
v 0.770868 0.995837 0.980603
v 0.770198 0.992377 0.984651
v 0.831943 0.955638 0.9708
v 0.770676 0.991879 0.98495
v 0.770779 0.991772 0.985014
v 0.771419 0.996051 0.980187
v 0.77143 0.996056 0.980178
v 0.770848 0.991714 0.98504
v 0.795767 0.999163 0.957313
v 0.771629 0.996134 0.980028
v 0.777618 0.998574 0.972854
v 0.771343 0.99129 0.985228
v 0.831932 0.99478 0.930939
v 0.794991 1.17744 0.727992
v 0.772126 0.990726 0.985391
v 0.772382 0.990542 0.985444
v 0.853531 0.988721 0.918056
v 0.772502 0.99637 0.979503
v 0.772992 0.990172 0.985493
v 0.868155 0.95951 0.935341
v 0.813699 0.961467 0.981214
v 0.837381 1.0114 0.908436
v 0.822816 0.957671 0.977407
v 0.773665 0.989765 0.985547
v 0.773991 0.989584 0.985556
v 0.852511 1.00479 0.901823
v 0.773329 0.996524 0.979098
v 0.774499 0.989329 0.985549
v 0.77355 0.996566 0.97899
v 0.773664 0.996587 0.978935
v 0.850123 0.955781 0.955977
v 0.782859 1.18296 0.733509
v 0.820584 1.09697 0.820759
v 0.77575 0.988701 0.98553
v 0.776318 0.988467 0.985506
v 0.293483 1.00622 1.20521
v 0.835414 1.05274 0.863152
v 0.774949 0.996751 0.978414
v 0.77512 0.996767 0.978354
v 0.777536 0.987966 0.985455
v 0.777888 0.987821 0.98544
v 0.868155 0.977501 0.918108
v 0.776096 0.996855 0.978013
v 0.7763 0.996867 0.977952
v 0.813693 0.963042 0.981734
v 0.844052 1.04954 0.859947
v 0.831921 0.956401 0.973009
v 0.868155 0.95951 0.937765
v 0.780316 0.987021 0.985324
v 0.795755 0.998929 0.960891
v 0.77819 0.996975 0.97739
v 0.781414 0.986712 0.985269
v 0.850111 0.955979 0.958557
v 0.83194 0.995152 0.934344
v 0.782059 0.986558 0.985236
v 0.355179 0.988622 1.20521
v 0.295886 1.0081 1.20521
v 0.857291 0.98921 0.91826
v 0.813698 0.964733 0.982019
v 0.780451 0.997036 0.97683
v 0.780697 0.997037 0.97678
v 0.845522 0.993079 0.92553
v 0.784361 0.98601 0.985119
v 0.795625 0.978068 0.98408
v 0.786664 1.18348 0.734034
v 0.868155 0.95951 0.940213
v 0.841013 0.956013 0.968387
v 0.8319 0.957194 0.975196
v 0.802316 1.17734 0.727889
v 0.858744 0.989399 0.918339
v 0.808708 1.14073 0.777901
v 0.850098 0.956215 0.961067
v 0.795743 0.998578 0.964552
v 0.783348 0.997046 0.976236
v 0.787682 0.985398 0.984952
v 0.784065 0.997035 0.976116
v 0.298931 1.00986 1.20521
v 0.787835 0.985377 0.984945
v 0.852548 1.00801 0.905038
v 0.831948 0.995419 0.937741
v 0.848951 0.992859 0.925172
v 0.868155 0.95951 0.942697
v 0.850033 0.99279 0.92506
v 0.850033 0.992799 0.925223
v 0.848065 1.01058 0.907614
v 0.786398 0.996998 0.975727
v 0.840995 0.956563 0.970671
v 0.850647 0.992751 0.924995
v 0.868155 0.984002 0.918108
v 0.786809 0.996986 0.975671
v 0.831878 0.958015 0.977381
v 0.856128 1.00733 0.904359
v 0.850086 0.956489 0.963516
v 0.791343 0.9849 0.984775
v 0.791657 0.984872 0.984761
v 0.856128 1.00766 0.90469
v 0.795731 0.998073 0.968247
v 0.302526 1.0114 1.20521
v 0.861114 1.00558 0.902615
v 0.850035 0.992979 0.926821
v 0.850646 1.01035 0.907383
v 0.852818 0.992612 0.924769
v 0.868155 0.95951 0.945233
v 0.852874 0.992608 0.924763
v 0.826973 1.13492 0.772094
v 0.831868 0.958462 0.978481
v 0.789594 0.996903 0.975292
v 0.792164 1.18391 0.734455
v 0.831956 0.995609 0.941087
v 0.863314 0.989945 0.918693
v 0.863529 0.98997 0.918713
v 0.840978 0.957143 0.972924
v 0.863745 0.989994 0.918732
v 0.852815 1.01016 0.90719
v 0.864014 0.990025 0.918757
v 0.850037 0.993138 0.928443
v 0.864151 0.990041 0.918769
v 0.850073 0.9568 0.965913
v 0.835414 1.09605 0.819842
v 0.868155 0.987311 0.918108
v 0.813719 0.971312 0.982832
v 0.831857 0.959181 0.979572
v 0.795648 0.984506 0.984581
v 0.864434 0.990095 0.918811
v 0.795714 0.9845 0.984578
v 0.795836 0.984494 0.984573
v 0.868155 0.987618 0.918108
v 0.868155 0.987718 0.918109
v 0.795719 0.997364 0.97191
v 0.863529 1.00583 0.90286
v 0.856448 0.992407 0.924318
v 0.868155 0.95951 0.947839
v 0.79293 0.996767 0.974928
v 0.868155 0.988158 0.918163
v 0.863892 1.00586 0.902897
v 0.865001 0.990307 0.918974
v 0.864012 1.00588 0.902914
v 0.844052 1.09284 0.816636
v 0.865076 0.990347 0.919007
v 0.865123 0.990372 0.919027
v 0.308107 1.01315 1.20521
v 0.868155 0.988567 0.918213
v 0.852548 1.05132 0.861728
v 0.864517 1.00596 0.902989
v 0.795714 0.996914 0.973701
v 0.794841 0.996672 0.974764
v 0.868155 0.989052 0.918358
v 0.840961 0.957747 0.975166
v 0.831964 0.995738 0.94435
v 0.831846 0.96022 0.980555
v 0.868155 0.989139 0.918384
v 0.858641 0.992304 0.923999
v 0.865564 0.990689 0.919316
v 0.865628 0.99075 0.919379
v 0.850061 0.957144 0.968267
v 0.865659 0.990779 0.919409
v 0.380046 0.989674 1.20521
v 0.79571 0.996629 0.974689
v 0.865075 1.00616 0.903195
v 0.8651 1.00617 0.903204
v 0.865798 0.990957 0.919623
v 0.796398 0.996595 0.97463
v 0.850042 0.993395 0.931725
v 0.868155 0.989909 0.918765
v 0.868155 0.989932 0.918781
v 0.868155 0.95951 0.95054
v 0.820584 1.14028 0.777449
v 0.813209 1.17756 0.72811
v 0.856128 1.05064 0.861049
v 0.865927 0.991122 0.919819
v 0.80039 0.984263 0.984385
v 0.865575 1.0065 0.903529
v 0.865973 0.99121 0.919942
v 0.858992 1.00961 0.906639
v 0.868155 0.990394 0.919117
v 0.86601 0.991347 0.920171
v 0.831834 0.96153 0.981312
v 0.856128 1.05097 0.861379
v 0.82656 0.996415 0.95054
v 0.313648 1.01433 1.20521
v 0.8658 1.00677 0.903806
v 0.866056 0.991514 0.920451
v 0.862125 0.992139 0.923494
v 0.862156 0.992138 0.923488
v 0.868155 0.9907 0.91943
v 0.865891 1.00689 0.903919
v 0.866055 0.991564 0.920551
v 0.866053 0.991569 0.920564
v 0.840944 0.95837 0.977416
v 0.799556 1.18412 0.734668
v 0.850048 0.957516 0.970587
v 0.868155 0.990994 0.91973
v 0.865981 0.991751 0.921022
v 0.865964 0.991796 0.921134
v 0.865941 0.99182 0.921212
v 0.799995 0.996391 0.974397
v 0.866046 1.00734 0.904372
v 0.863916 0.99207 0.9232
v 0.86394 0.992069 0.923194
v 0.865725 0.991935 0.921731
v 0.868155 0.95951 0.953242
v 0.861953 1.00932 0.906349
v 0.86568 0.99196 0.921839
v 0.868155 0.991324 0.920206
v 0.865667 0.991963 0.921863
v 0.868155 0.991335 0.920223
v 0.865623 0.991974 0.921942
v 0.831829 0.963027 0.981821
v 0.862156 1.0093 0.906329
v 0.866031 1.00755 0.904582
v 0.864479 0.992049 0.923057
v 0.864545 0.992046 0.923027
v 0.865374 0.992015 0.922313
v 0.865235 0.992014 0.922494
v 0.86508 0.992021 0.92265
v 0.865028 0.992024 0.922702
v 0.865024 0.992024 0.922707
v 0.856128 1.06451 0.84718
v 0.856128 1.06484 0.846849
v 0.850047 0.993585 0.935018
v 0.866013 1.0078 0.904837
v 0.816702 1.17773 0.728281
v 0.856128 1.06484 0.84718
v 0.856128 1.06484 0.84751
v 0.863468 1.00917 0.906198
v 0.319725 1.01512 1.20521
v 0.856128 1.06517 0.84718
v 0.868155 0.991699 0.921
v 0.868155 0.991718 0.921071
v 0.813845 0.997037 0.963928
v 0.865806 1.00823 0.905262
v 0.81374 0.977938 0.983495
v 0.86394 1.00911 0.906146
v 0.865722 1.00831 0.905346
v 0.805329 0.98419 0.9842
v 0.805381 0.984189 0.984198
v 0.864276 1.00908 0.90611
v 0.865427 1.00861 0.905643
v 0.865018 1.00884 0.905871
v 0.864909 1.0089 0.905932
v 0.850036 0.957909 0.97289
v 0.868155 0.991857 0.921578
v 0.831833 0.964705 0.982047
v 0.831978 0.995832 0.95054
v 0.803715 0.996158 0.974225
v 0.868155 0.991893 0.921933
v 0.868155 0.95951 0.955849
v 0.868155 0.991943 0.922432
v 0.859115 0.958135 0.965809
v 0.807359 0.984203 0.984129
v 0.868155 0.991943 0.922745
v 0.805151 0.996061 0.974183
v 0.850052 0.993722 0.938281
v 0.32745 1.01553 1.20521
v 0.813834 0.996646 0.96747
v 0.850024 0.958316 0.975194
v 0.868155 0.991943 0.924351
v 0.868155 0.95951 0.958384
v 0.807555 0.9959 0.974113
v 0.859108 0.95831 0.968188
v 0.852548 1.09463 0.818417
v 0.868155 0.991943 0.925963
v 0.808708 1.18404 0.73459
v 0.334711 1.0154 1.20521
v 0.850011 0.958738 0.977514
v 0.813824 0.996101 0.971
v 0.868155 0.95951 0.960868
v 0.868155 0.991943 0.927579
v 0.813017 0.984361 0.983948
v 0.856128 1.09395 0.817738
v 0.811513 0.99562 0.974059
v 0.859102 0.958498 0.97055
v 0.831964 0.995738 0.956731
v 0.835414 1.13936 0.776531
v 0.81376 0.984402 0.983927
v 0.342462 1.01475 1.20521
v 0.856128 1.09428 0.818069
v 0.850005 0.958982 0.978687
v 0.769456 1.00749 0.996557
v 0.76947 1.00726 0.996785
v 0.769732 1.00849 0.995555
v 0.76983 1.00633 0.997717
v 0.83185 0.971241 0.982624
v 0.868155 0.991943 0.929196
v 0.844052 1.13616 0.773326
v 0.770497 1.00937 0.994681
v 0.813815 0.99545 0.97406
v 0.770668 1.00548 0.998565
v 0.868155 0.95951 0.963316
v 0.351289 1.01351 1.20521
v 0.826973 1.17823 0.728784
v 0.849999 0.95952 0.979851
v 0.771422 1.00997 0.994078
v 0.859095 0.958698 0.972909
v 0.772117 1.00468 0.999367
v 0.815587 0.99532 0.974062
v 0.816989 0.984582 0.983836
v 0.831956 0.995609 0.959994
v 0.817353 0.984602 0.983825
v 0.773324 1.01075 0.993303
v 0.773547 1.01082 0.993233
v 0.362739 1.01131 1.20521
v 0.868155 0.95951 0.96574
v 0.849993 0.960408 0.980897
v 0.868155 0.991943 0.932421
v 0.816702 1.18374 0.734286
v 0.774494 1.0039 1.00014
v 0.818156 0.995125 0.974108
v 0.859088 0.958904 0.97528
v 0.819317 0.984712 0.983769
v 0.374975 1.00833 1.20521
v 0.819559 0.995019 0.974133
v 0.849986 0.961598 0.981699
v 0.776299 1.01149 0.992562
v 0.831948 0.995419 0.96334
v 0.868155 0.95951 0.968151
v 0.386399 1.005 1.20521
v 0.420054 0.99156 1.20521
v 0.777534 1.00327 1.00078
v 0.868155 0.991943 0.935617
v 0.777756 1.00749 0.996557
v 0.398165 1.00105 1.20521
v 0.820584 1.18359 0.734138
v 0.420086 0.992131 1.20521
v 0.778035 1.00691 0.997137
v 0.778038 1.00807 0.995974
v 0.409303 0.996808 1.20521
v 0.859082 0.959117 0.977677
v 0.849983 0.963011 0.982199
v 0.831866 0.977805 0.983102
v 0.778811 1.00859 0.995458
v 0.778901 1.00635 0.997698
v 0.822508 0.994795 0.974186
v 0.856128 1.12306 0.788628
v 0.868155 0.95951 0.970562
v 0.856128 1.12339 0.788297
v 0.856128 1.12339 0.788628
v 0.83194 0.995152 0.966737
v 0.780272 1.00913 0.994915
v 0.856128 1.12339 0.788959
v 0.780609 1.00576 0.998292
v 0.856128 1.12372 0.788628
v 0.780696 1.01216 0.991892
v 0.849985 0.964676 0.982358
v 0.868155 0.991943 0.938761
v 0.782057 1.00268 1.00137
v 0.826217 0.985267 0.983598
v 0.868155 0.95951 0.972983
v 0.782859 1.00972 0.99433
v 0.783661 1.00513 0.998917
v 0.852548 1.13794 0.775107
v 0.831932 0.99478 0.970142
v 0.84999 0.967923 0.982516
v 0.868155 0.991943 0.941836
v 0.868155 0.95951 0.975427
v 0.856128 1.13726 0.774428
v 0.786664 1.01024 0.993805
v 0.830105 0.994211 0.974478
v 0.856128 1.13759 0.774759
v 0.786809 1.01269 0.991363
v 0.831882 0.984447 0.983432
v 0.831923 0.994273 0.973497
v 0.787835 1.00224 1.00181
v 0.788351 1.00458 0.999469
v 0.831921 0.994074 0.974585
v 0.868155 0.991943 0.944831
v 0.868155 0.95951 0.977907
v 0.831886 0.985859 0.983477
v 0.849994 0.971164 0.982664
v 0.868155 0.95951 0.978648
v 0.868155 0.959561 0.979164
v 0.868155 0.959595 0.979502
v 0.833555 0.986033 0.983441
v 0.835414 1.18267 0.733221
v 0.834519 0.993878 0.974738
v 0.868155 0.959754 0.980081
v 0.792164 1.01066 0.993385
v 0.834518 0.986133 0.98342
v 0.868155 0.959906 0.980407
v 0.844052 1.17947 0.730016
v 0.850052 0.993722 0.9628
v 0.868155 0.960117 0.980858
v 0.83693 0.993696 0.97488
v 0.868155 0.960459 0.981351
v 0.837801 0.99363 0.974931
v 0.868155 0.960627 0.981523
v 0.79484 1.01298 0.991064
v 0.794991 1.0042 0.999847
v 0.868155 0.991943 0.95054
v 0.795836 1.00198 1.00206
v 0.868155 0.961058 0.981964
v 0.850047 0.993585 0.966063
v 0.868155 0.961543 0.982316
v 0.868155 0.961678 0.982383
v 0.850004 0.977662 0.982921
v 0.868155 0.962313 0.982696
v 0.868155 0.962885 0.982867
v 0.868155 0.962995 0.982881
v 0.799556 1.01088 0.993172
v 0.868155 0.963736 0.982972
v 0.868155 0.963834 0.982973
v 0.850042 0.993395 0.969356
v 0.841704 0.987034 0.983287
v 0.868155 0.964643 0.982973
v 0.802316 1.0041 0.99995
v 0.868155 0.991943 0.95625
v 0.845522 0.993079 0.975551
v 0.850037 0.993138 0.972638
v 0.805151 1.01297 0.991081
v 0.805329 1.00202 1.00203
v 0.868155 0.967867 0.982973
v 0.845903 0.987632 0.983219
v 0.852548 1.18125 0.731797
v 0.850014 0.984238 0.983104
v 0.850035 0.992979 0.974259
v 0.868155 0.991943 0.959244
v 0.848951 0.992859 0.975909
v 0.850033 0.992799 0.975858
v 0.850033 0.99279 0.976021
v 0.856128 1.18057 0.731118
v 0.847921 0.987919 0.983187
v 0.850647 0.992751 0.976085
v 0.808708 1.0108 0.993249
v 0.856128 1.1809 0.731448
v 0.868155 0.971077 0.982973
v 0.868155 0.991943 0.96232
v 0.850018 0.987577 0.983152
v 0.850018 0.988219 0.983126
v 0.852818 0.992612 0.976312
v 0.852874 0.992608 0.976318
v 0.851377 0.988413 0.983087
v 0.813209 1.00432 0.99973
v 0.868155 0.991943 0.965464
v 0.852512 0.988575 0.983054
v 0.853531 0.988721 0.983025
v 0.856448 0.992407 0.976763
v 0.868155 0.977501 0.982973
v 0.81699 1.00239 1.00166
v 0.868155 0.991943 0.96866
v 0.858641 0.992304 0.977081
v 0.817758 1.00243 1.00162
v 0.817758 1.00454 0.999507
v 0.817758 1.01046 0.993594
v 0.817758 1.01256 0.991493
v 0.818156 1.01254 0.991506
v 0.857291 0.98921 0.982821
v 0.820584 1.01035 0.993701
v 0.299455 0.991435 1.26854
v 0.303454 0.990369 1.26854
v 0.858744 0.989399 0.982742
v 0.868155 0.991943 0.971885
v 0.295889 0.99292 1.26854
v 0.862125 0.992139 0.977588
v 0.862156 0.992138 0.977593
v 0.309489 0.989333 1.26854
v 0.293664 0.994241 1.26854
v 0.29285 0.994869 1.26854
v 0.868155 0.991943 0.973502
v 0.31573 0.988697 1.26854
v 0.291519 0.996265 1.26854
v 0.863916 0.99207 0.977881
v 0.86394 0.992069 0.977888
v 0.864479 0.992049 0.978024
v 0.864545 0.992046 0.978054
v 0.868155 0.984002 0.982973
v 0.868155 0.991943 0.975118
v 0.290647 0.997823 1.26854
v 0.865024 0.992024 0.978374
v 0.865028 0.992024 0.978378
v 0.86508 0.992021 0.978431
v 0.865235 0.992014 0.978586
v 0.863314 0.989945 0.982388
v 0.323235 0.988375 1.26854
v 0.863529 0.98997 0.982368
v 0.865402 0.992012 0.978804
v 0.863745 0.989994 0.982349
v 0.864014 0.990025 0.982324
v 0.868155 0.991943 0.976731
v 0.864151 0.990041 0.982312
v 0.826973 1.00499 0.999056
v 0.865623 0.991974 0.979139
v 0.865667 0.991963 0.979218
v 0.86568 0.99196 0.979241
v 0.864434 0.990095 0.98227
v 0.290252 0.999533 1.26854
v 0.865725 0.991935 0.97935
v 0.865001 0.990307 0.982107
v 0.865076 0.990347 0.982074
v 0.865941 0.99182 0.979869
v 0.865123 0.990372 0.982054
v 0.865964 0.991796 0.979947
v 0.865981 0.991751 0.980059
v 0.865564 0.990689 0.981764
v 0.865628 0.99075 0.981701
v 0.866053 0.991569 0.980517
v 0.865659 0.990779 0.981672
v 0.866055 0.991564 0.980529
v 0.868155 0.987311 0.982973
v 0.868155 0.991943 0.978337
v 0.866056 0.991514 0.98063
v 0.865798 0.990957 0.981458
v 0.86601 0.991347 0.98091
v 0.865927 0.991122 0.981262
v 0.865973 0.99121 0.981139
v 0.868155 0.987618 0.982973
v 0.868155 0.991943 0.978648
v 0.868155 0.987718 0.982972
v 0.290387 1.00124 1.26854
v 0.868155 0.991893 0.979147
v 0.868155 0.988158 0.982918
v 0.868155 0.991857 0.979503
v 0.868155 0.988567 0.982867
v 0.868155 0.991718 0.98001
v 0.868155 0.989052 0.982723
v 0.868155 0.991699 0.98008
v 0.868155 0.989139 0.982696
v 0.868155 0.991335 0.980858
v 0.868155 0.991324 0.980875
v 0.868155 0.989909 0.982316
v 0.868155 0.989932 0.9823
v 0.868155 0.990994 0.981351
v 0.868155 0.9907 0.981651
v 0.868155 0.990394 0.981964
v 0.336613 0.988219 1.26854
v 0.290886 1.00274 1.26854
v 0.833556 1.00332 1.00073
v 0.291977 1.00459 1.26854
v 0.83452 1.0116 0.992446
v 0.297211 0.980626 1.28654
v 0.294697 0.981681 1.28654
v 0.299916 0.98029 1.28654
v 0.835414 1.00943 0.994619
v 0.293483 1.00622 1.26854
v 0.292562 0.983375 1.28654
v 0.290963 0.985583 1.28654
v 0.355179 0.988622 1.26854
v 0.295886 1.0081 1.26854
v 0.29002 0.988141 1.28654
v 0.298931 1.00986 1.26854
v 0.844052 1.00622 0.997824
v 0.289803 0.990858 1.28654
v 0.302526 1.0114 1.26854
v 0.299455 0.991435 1.28654
v 0.303454 0.990369 1.28654
v 0.295889 0.99292 1.28654
v 0.309489 0.989333 1.28654
v 0.293664 0.994241 1.28654
v 0.308107 1.01315 1.26854
v 0.29285 0.994869 1.28654
v 0.850648 1.01036 0.993685
v 0.31573 0.988697 1.28654
v 0.291519 0.996265 1.28654
v 0.380046 0.989674 1.26854
v 0.852513 1.00478 0.999266
v 0.852548 1.00801 0.996043
v 0.290647 0.997823 1.28654
v 0.852818 1.01017 0.993874
v 0.313648 1.01433 1.26854
v 0.323235 0.988375 1.28654
v 0.29028 0.999235 1.28654
v 0.856128 1.00733 0.996722
v 0.856128 1.00766 0.996391
v 0.319725 1.01512 1.26854
v 0.354522 0.980996 1.28654
v 0.336613 0.988219 1.28654
v 0.357553 0.981036 1.28654
v 0.32745 1.01553 1.26854
v 0.862156 1.0093 0.994752
v 0.334711 1.0154 1.26854
v 0.863529 1.00582 0.998224
v 0.863941 1.00912 0.994932
v 0.864014 1.00587 0.998174
v 0.342462 1.01475 1.26854
v 0.865028 1.00885 0.995201
v 0.865077 1.00616 0.997888
v 0.297211 0.980626 1.30654
v 0.294697 0.981681 1.30654
v 0.865735 1.00832 0.995728
v 0.865816 1.00677 0.997281
v 0.299916 0.98029 1.30654
v 0.866054 1.00755 0.996498
v 0.354956 0.988617 1.28654
v 0.355179 0.988622 1.28654
v 0.292562 0.983375 1.30654
v 0.351289 1.01351 1.26854
v 0.290963 0.985583 1.30654
v 0.362739 1.01131 1.26854
v 0.374975 1.00833 1.26854
v 0.29002 0.988141 1.30654
v 0.386399 1.005 1.26854
v 0.420054 0.99156 1.26854
v 0.398165 1.00105 1.26854
v 0.420086 0.992131 1.26854
v 0.409303 0.996808 1.26854
v 0.289803 0.990858 1.30654
v 0.380046 0.989674 1.28654
v 0.299455 0.991435 1.30654
v 0.303454 0.990369 1.30654
v 0.295889 0.99292 1.30654
v 0.309489 0.989333 1.30654
v 0.293664 0.994241 1.30654
v 0.29285 0.994869 1.30654
v 0.31573 0.988697 1.30654
v 0.291519 0.996265 1.30654
v 0.290647 0.997823 1.30654
v 0.323235 0.988375 1.30654
v 0.29028 0.999235 1.30654
v 0.777756 1.0508 1.03987
v 0.778035 1.05022 1.04045
v 0.778038 1.05139 1.03928
v 0.41519 0.981782 1.28654
v 0.778811 1.0519 1.03877
v 0.778901 1.04966 1.04101
v 0.4171 0.982188 1.28654
v 0.780272 1.05244 1.03823
v 0.780609 1.04907 1.0416
v 0.354522 0.980996 1.30654
v 0.336613 0.988219 1.30654
v 0.357553 0.981036 1.30654
v 0.418709 0.983296 1.28654
v 0.782859 1.05303 1.03764
v 0.783661 1.04844 1.04223
v 0.419771 0.984935 1.28654
v 0.786664 1.05355 1.03711
v 0.420124 0.986856 1.28654
v 0.788351 1.04789 1.04278
v 0.354956 0.988617 1.30654
v 0.355179 0.988622 1.30654
v 0.792164 1.05397 1.0367
v 0.420054 0.99156 1.28654
v 0.794991 1.04751 1.04316
v 0.799556 1.05419 1.03648
v 0.802316 1.04741 1.04326
v 0.380046 0.989674 1.30654
v 0.808708 1.05411 1.03656
v 0.41519 0.981782 1.30654
v 0.4171 0.982188 1.30654
v 0.299455 0.991435 1.33187
v 0.813209 1.04763 1.04304
v 0.303454 0.990369 1.33187
v 0.295889 0.99292 1.33187
v 0.309489 0.989333 1.33187
v 0.293664 0.994241 1.33187
v 0.418709 0.983296 1.30654
v 0.29285 0.994869 1.33187
v 0.31573 0.988697 1.33187
v 0.291519 0.996265 1.33187
v 0.419771 0.984935 1.30654
v 0.290647 0.997823 1.33187
v 0.323235 0.988375 1.33187
v 0.290252 0.999533 1.33187
v 0.420124 0.986856 1.30654
v 0.820584 1.05366 1.03701
v 0.290387 1.00124 1.33187
v 0.336613 0.988219 1.33187
v 0.290886 1.00274 1.33187
v 0.420054 0.99156 1.30654
v 0.291977 1.00459 1.33187
v 0.826973 1.0483 1.04237
v 0.293483 1.00622 1.33187
v 0.355179 0.988622 1.33187
v 0.295886 1.0081 1.33187
v 0.298931 1.00986 1.33187
v 0.835414 1.05274 1.03793
v 0.302526 1.0114 1.33187
v 0.308107 1.01315 1.33187
v 0.380046 0.989674 1.33187
v 0.844052 1.04954 1.04113
v 0.313648 1.01433 1.33187
v 0.319725 1.01512 1.33187
v 0.852548 1.05132 1.03935
v 0.32745 1.01553 1.33187
v 0.334711 1.0154 1.33187
v 0.856128 1.05064 1.04003
v 0.856128 1.05097 1.0397
v 0.342462 1.01475 1.33187
v 0.351289 1.01351 1.33187
v 0.362739 1.01131 1.33187
v 0.374975 1.00833 1.33187
v 0.386399 1.005 1.33187
v 0.420054 0.99156 1.33187
v 0.398165 1.00105 1.33187
v 0.420086 0.992131 1.33187
v 0.409303 0.996808 1.33187
v 0.777756 1.09411 1.08318
v 0.778035 1.09353 1.08376
v 0.778038 1.09469 1.08259
v 0.856128 1.06451 1.0539
v 0.856128 1.06484 1.05357
v 0.778811 1.09521 1.08208
v 0.778901 1.09297 1.08432
v 0.856128 1.06484 1.0539
v 0.856128 1.06484 1.05423
v 0.856128 1.06517 1.0539
v 0.780272 1.09575 1.08154
v 0.780609 1.09238 1.08491
v 0.782859 1.09634 1.08095
v 0.783661 1.09175 1.08554
v 0.786664 1.09686 1.08043
v 0.788351 1.0912 1.08609
v 0.792164 1.09728 1.08001
v 0.794991 1.09082 1.08647
v 0.799556 1.0975 1.07979
v 0.802316 1.09072 1.08657
v 0.299455 0.991435 1.39521
v 0.303454 0.990369 1.39521
v 0.295889 0.99292 1.39521
v 0.309489 0.989333 1.39521
v 0.293664 0.994241 1.39521
v 0.29285 0.994869 1.39521
v 0.31573 0.988697 1.39521
v 0.291519 0.996265 1.39521
v 0.808708 1.09742 1.07987
v 0.290647 0.997823 1.39521
v 0.323235 0.988375 1.39521
v 0.290252 0.999533 1.39521
v 0.813209 1.09094 1.08635
v 0.290387 1.00124 1.39521
v 0.336613 0.988219 1.39521
v 0.290886 1.00274 1.39521
v 0.291977 1.00459 1.39521
v 0.820584 1.09697 1.08032
v 0.293483 1.00622 1.39521
v 0.355179 0.988622 1.39521
v 0.295886 1.0081 1.39521
v 0.826973 1.09161 1.08568
v 0.298931 1.00986 1.39521
v 0.302526 1.0114 1.39521
v 0.308107 1.01315 1.39521
v 0.835414 1.09605 1.08124
v 0.380046 0.989674 1.39521
v 0.313648 1.01433 1.39521
v 0.319725 1.01512 1.39521
v 0.844052 1.09284 1.08444
v 0.32745 1.01553 1.39521
v 0.334711 1.0154 1.39521
v 0.342462 1.01475 1.39521
v 0.852548 1.09463 1.08266
v 0.351289 1.01351 1.39521
v 0.362739 1.01131 1.39521
v 0.856128 1.09395 1.08334
v 0.856128 1.09428 1.08301
v 0.374975 1.00833 1.39521
v 0.386399 1.005 1.39521
v 0.420054 0.99156 1.39521
v 0.398165 1.00105 1.39521
v 0.420086 0.992131 1.39521
v 0.409303 0.996808 1.39521
v 0.777756 1.13742 1.12649
v 0.778035 1.13684 1.12707
v 0.778038 1.13801 1.12591
v 0.778811 1.13852 1.12539
v 0.778901 1.13628 1.12763
v 0.780272 1.13906 1.12485
v 0.780609 1.13569 1.12822
v 0.782859 1.13965 1.12426
v 0.783661 1.13506 1.12885
v 0.786664 1.14017 1.12374
v 0.788351 1.13451 1.1294
v 0.792164 1.14059 1.12331
v 0.794991 1.13413 1.12978
v 0.299455 0.991435 1.45854
v 0.303454 0.990369 1.45854
v 0.295889 0.99292 1.45854
v 0.309489 0.989333 1.45854
v 0.293664 0.994241 1.45854
v 0.799556 1.14081 1.1231
v 0.29285 0.994869 1.45854
v 0.31573 0.988697 1.45854
v 0.291519 0.996265 1.45854
v 0.802316 1.13403 1.12988
v 0.290647 0.997823 1.45854
v 0.323235 0.988375 1.45854
v 0.290252 0.999533 1.45854
v 0.290387 1.00124 1.45854
v 0.808708 1.14073 1.12318
v 0.336613 0.988219 1.45854
v 0.290886 1.00274 1.45854
v 0.291977 1.00459 1.45854
v 0.813209 1.13425 1.12966
v 0.293483 1.00622 1.45854
v 0.355179 0.988622 1.45854
v 0.295886 1.0081 1.45854
v 0.856128 1.12306 1.11245
v 0.856128 1.12339 1.11212
v 0.856128 1.12339 1.11245
v 0.856128 1.12339 1.11278
v 0.856128 1.12372 1.11245
v 0.820584 1.14028 1.12363
v 0.298931 1.00986 1.45854
v 0.302526 1.0114 1.45854
v 0.826973 1.13492 1.12899
v 0.308107 1.01315 1.45854
v 0.380046 0.989674 1.45854
v 0.313648 1.01433 1.45854
v 0.319725 1.01512 1.45854
v 0.835414 1.13936 1.12455
v 0.32745 1.01553 1.45854
v 0.334711 1.0154 1.45854
v 0.342462 1.01475 1.45854
v 0.844052 1.13616 1.12776
v 0.351289 1.01351 1.45854
v 0.362739 1.01131 1.45854
v 0.374975 1.00833 1.45854
v 0.386399 1.005 1.45854
v 0.420054 0.99156 1.45854
v 0.398165 1.00105 1.45854
v 0.420086 0.992131 1.45854
v 0.409303 0.996808 1.45854
v 0.852548 1.13794 1.12597
v 0.856128 1.13726 1.12665
v 0.856128 1.13759 1.12632
v 0.777756 1.18073 1.1698
v 0.778035 1.18015 1.17038
v 0.778038 1.18132 1.16921
v 0.778811 1.18183 1.1687
v 0.778901 1.17959 1.17094
v 0.780272 1.18237 1.16816
v 0.780609 1.179 1.17153
v 0.782859 1.18296 1.16757
v 0.783661 1.17837 1.17216
v 0.786664 1.18348 1.16705
v 0.788351 1.17782 1.17271
v 0.299455 0.991435 1.52187
v 0.303454 0.990369 1.52187
v 0.295889 0.99292 1.52187
v 0.792164 1.18391 1.16663
v 0.309489 0.989333 1.52187
v 0.293664 0.994241 1.52187
v 0.29285 0.994869 1.52187
v 0.31573 0.988697 1.52187
v 0.291519 0.996265 1.52187
v 0.794991 1.17744 1.17309
v 0.290647 0.997823 1.52187
v 0.323235 0.988375 1.52187
v 0.290252 0.999533 1.52187
v 0.799556 1.18412 1.16641
v 0.290387 1.00124 1.52187
v 0.336613 0.988219 1.52187
v 0.290886 1.00274 1.52187
v 0.802316 1.17734 1.17319
v 0.291977 1.00459 1.52187
v 0.293483 1.00622 1.52187
v 0.808708 1.18404 1.16649
v 0.355179 0.988622 1.52187
v 0.295886 1.0081 1.52187
v 0.813209 1.17756 1.17297
v 0.298931 1.00986 1.52187
v 0.816702 1.17773 1.1728
v 0.816702 1.18374 1.1668
v 0.302526 1.0114 1.52187
v 0.820584 1.18359 1.16694
v 0.308107 1.01315 1.52187
v 0.380046 0.989674 1.52187
v 0.313648 1.01433 1.52187
v 0.826973 1.17823 1.1723
v 0.319725 1.01512 1.52187
v 0.32745 1.01553 1.52187
v 0.334711 1.0154 1.52187
v 0.835414 1.18267 1.16786
v 0.342462 1.01475 1.52187
v 0.351289 1.01351 1.52187
v 0.362739 1.01131 1.52187
v 0.374975 1.00833 1.52187
v 0.844052 1.17947 1.17106
v 0.386399 1.005 1.52187
v 0.420054 0.99156 1.52187
v 0.398165 1.00105 1.52187
v 0.420086 0.992131 1.52187
v 0.409303 0.996808 1.52187
v 0.852548 1.18125 1.16928
v 0.856128 1.18057 1.16996
v 0.856128 1.1809 1.16963
v 0.299455 0.991435 1.58521
v 0.303454 0.990369 1.58521
v 0.295889 0.99292 1.58521
v 0.309489 0.989333 1.58521
v 0.293664 0.994241 1.58521
v 0.29285 0.994869 1.58521
v 0.31573 0.988697 1.58521
v 0.291519 0.996265 1.58521
v 0.290647 0.997823 1.58521
v 0.323235 0.988375 1.58521
v 0.290252 0.999533 1.58521
v 0.290387 1.00124 1.58521
v 0.336613 0.988219 1.58521
v 0.290886 1.00274 1.58521
v 0.291977 1.00459 1.58521
v 0.293483 1.00622 1.58521
v 0.355179 0.988622 1.58521
v 0.295886 1.0081 1.58521
v 0.298931 1.00986 1.58521
v 0.302526 1.0114 1.58521
v 0.308107 1.01315 1.58521
v 0.380046 0.989674 1.58521
v 0.313648 1.01433 1.58521
v 0.319725 1.01512 1.58521
v 0.32745 1.01553 1.58521
v 0.334711 1.0154 1.58521
v 0.342462 1.01475 1.58521
v 0.351289 1.01351 1.58521
v 0.362739 1.01131 1.58521
v 0.374975 1.00833 1.58521
v 0.386399 1.005 1.58521
v 0.420054 0.99156 1.58521
v 0.398165 1.00105 1.58521
v 0.420086 0.992131 1.58521
v 0.409303 0.996808 1.58521
v 0.299455 0.991435 1.64854
v 0.303454 0.990369 1.64854
v 0.295889 0.99292 1.64854
v 0.309489 0.989333 1.64854
v 0.293664 0.994241 1.64854
v 0.29285 0.994869 1.64854
v 0.31573 0.988697 1.64854
v 0.291519 0.996265 1.64854
v 0.290647 0.997823 1.64854
v 0.323235 0.988375 1.64854
v 0.290252 0.999533 1.64854
v 0.290387 1.00124 1.64854
v 0.336613 0.988219 1.64854
v 0.290886 1.00274 1.64854
v 0.291977 1.00459 1.64854
v 0.293483 1.00622 1.64854
v 0.355179 0.988622 1.64854
v 0.295886 1.0081 1.64854
v 0.298931 1.00986 1.64854
v 0.302526 1.0114 1.64854
v 0.308107 1.01315 1.64854
v 0.380046 0.989674 1.64854
v 0.313648 1.01433 1.64854
v 0.319725 1.01512 1.64854
v 0.32745 1.01553 1.64854
v 0.334711 1.0154 1.64854
v 0.342462 1.01475 1.64854
v 0.351289 1.01351 1.64854
v 0.362739 1.01131 1.64854
v 0.374975 1.00833 1.64854
v 0.386399 1.005 1.64854
v 0.420054 0.99156 1.64854
v 0.398165 1.00105 1.64854
v 0.420086 0.992131 1.64854
v 0.409303 0.996808 1.64854
v 0.299455 0.991435 1.71187
v 0.303454 0.990369 1.71187
v 0.295889 0.99292 1.71187
v 0.309489 0.989333 1.71187
v 0.293664 0.994241 1.71187
v 0.29285 0.994869 1.71187
v 0.31573 0.988697 1.71187
v 0.291519 0.996265 1.71187
v 0.290647 0.997823 1.71187
v 0.323235 0.988375 1.71187
v 0.290252 0.999533 1.71187
v 0.290387 1.00124 1.71187
v 0.336613 0.988219 1.71187
v 0.290886 1.00274 1.71187
v 0.291977 1.00459 1.71187
v 0.293483 1.00622 1.71187
v 0.355179 0.988622 1.71187
v 0.295886 1.0081 1.71187
v 0.298931 1.00986 1.71187
v 0.302526 1.0114 1.71187
v 0.308107 1.01315 1.71187
v 0.380046 0.989674 1.71187
v 0.313648 1.01433 1.71187
v 0.319725 1.01512 1.71187
v 0.32745 1.01553 1.71187
v 0.334711 1.0154 1.71187
v 0.342462 1.01475 1.71187
v 0.351289 1.01351 1.71187
v 0.362739 1.01131 1.71187
v 0.374975 1.00833 1.71187
v 0.386399 1.005 1.71187
v 0.420054 0.99156 1.71187
v 0.398165 1.00105 1.71187
v 0.420086 0.992131 1.71187
v 0.409303 0.996808 1.71187
v 0.299455 0.991435 1.77521
v 0.303454 0.990369 1.77521
v 0.295889 0.99292 1.77521
v 0.309489 0.989333 1.77521
v 0.293664 0.994241 1.77521
v 0.29285 0.994869 1.77521
v 0.31573 0.988697 1.77521
v 0.291519 0.996265 1.77521
v 0.290647 0.997823 1.77521
v 0.323235 0.988375 1.77521
v 0.290252 0.999533 1.77521
v 0.290387 1.00124 1.77521
v 0.336613 0.988219 1.77521
v 0.290886 1.00274 1.77521
v 0.291977 1.00459 1.77521
v 0.293483 1.00622 1.77521
v 0.355179 0.988622 1.77521
v 0.295886 1.0081 1.77521
v 0.298931 1.00986 1.77521
v 0.302526 1.0114 1.77521
v 0.308107 1.01315 1.77521
v 0.380046 0.989674 1.77521
v 0.313648 1.01433 1.77521
v 0.319725 1.01512 1.77521
v 0.32745 1.01553 1.77521
v 0.334711 1.0154 1.77521
v 0.342462 1.01475 1.77521
v 0.351289 1.01351 1.77521
v 0.362739 1.01131 1.77521
v 0.374975 1.00833 1.77521
v 0.386399 1.005 1.77521
v 0.420054 0.99156 1.77521
v 0.398165 1.00105 1.77521
v 0.420086 0.992131 1.77521
v 0.409303 0.996808 1.77521
v 0.30035 0.991152 1.83854
v 0.301295 0.990886 1.83854
v 0.299469 0.991474 1.83854
v 0.299313 0.991531 1.83854
v 0.297353 0.992246 1.83854
v 0.297225 0.992293 1.83854
v 0.303467 0.990428 1.83854
v 0.295916 0.992972 1.83854
v 0.306603 0.989766 1.83854
v 0.295491 0.993193 1.83854
v 0.307103 0.9897 1.83854
v 0.294336 0.993792 1.83854
v 0.309496 0.989385 1.83854
v 0.293712 0.994269 1.83854
v 0.293696 0.994282 1.83854
v 0.292879 0.994906 1.83854
v 0.312957 0.98893 1.83854
v 0.2924 0.995272 1.83854
v 0.31381 0.988877 1.83854
v 0.292127 0.995607 1.83854
v 0.315734 0.988759 1.83854
v 0.291561 0.9963 1.83854
v 0.291461 0.996422 1.83854
v 0.291178 0.996768 1.83854
v 0.290888 0.997306 1.83854
v 0.290792 0.997485 1.83854
v 0.320588 0.98846 1.83854
v 0.320783 0.988456 1.83854
v 0.290688 0.997835 1.83854
v 0.29055 0.998302 1.83854
v 0.323236 0.988408 1.83854
v 0.290286 0.999192 1.83854
v 0.299357 0.991553 1.84127
v 0.290288 0.999309 1.83854
v 0.301397 0.991004 1.84127
v 0.297414 0.992302 1.84126
v 0.290292 0.999532 1.83854
v 0.29553 0.993202 1.84126
v 0.327187 0.98833 1.83854
v 0.307151 0.989753 1.84126
v 0.29375 0.994288 1.84125
v 0.290308 1.00035 1.83854
v 0.290318 1.00087 1.83854
v 0.31385 0.988921 1.84124
v 0.292165 0.995637 1.84123
v 0.290428 1.00122 1.83854
v 0.290479 1.00138 1.83854
v 0.291498 0.996449 1.84122
v 0.333492 0.988207 1.83854
v 0.290953 0.997356 1.8412
v 0.320815 0.988526 1.84121
v 0.336613 0.988244 1.83854
v 0.290902 1.00274 1.83854
v 0.290942 1.00287 1.83854
v 0.337312 0.988253 1.83854
v 0.290559 0.998335 1.84118
v 0.301477 0.991096 1.84339
v 0.291256 1.00338 1.83854
v 0.290345 0.99936 1.84116
v 0.299536 0.991744 1.84395
v 0.30154 0.991169 1.84395
v 0.297601 0.992489 1.84394
v 0.32721 0.988347 1.84119
v 0.295724 0.993384 1.84393
v 0.307299 0.989958 1.84393
v 0.29199 1.00459 1.83854
v 0.29033 1.0004 1.84114
v 0.292061 1.0047 1.83854
v 0.293952 0.994464 1.84391
v 0.344749 0.988342 1.83854
v 0.292476 1.00514 1.83854
v 0.313973 0.989131 1.84388
v 0.290498 1.00145 1.84111
v 0.292374 0.995806 1.84388
v 0.29171 0.996613 1.84385
v 0.317467 0.988885 1.84385
v 0.293492 1.00621 1.83854
v 0.293595 1.00632 1.83854
v 0.291167 0.997516 1.84382
v 0.293958 1.0066 1.83854
v 0.320911 0.988741 1.84383
v 0.337324 0.9883 1.84119
v 0.290775 0.99849 1.84379
v 0.291285 1.00345 1.84104
v 0.290562 0.99951 1.84374
v 0.295614 1.00786 1.83854
v 0.355177 0.988673 1.83854
v 0.299829 0.992058 1.84658
v 0.327282 0.988564 1.8438
v 0.295896 1.00808 1.83854
v 0.301839 0.991511 1.84657
v 0.297907 0.992795 1.84656
v 0.355737 0.988691 1.83854
v 0.296109 1.00824 1.83854
v 0.290547 1.00055 1.84369
v 0.296044 0.993682 1.84654
v 0.307543 0.990291 1.84654
v 0.292514 1.00521 1.84097
v 0.294284 0.994752 1.84652
v 0.297383 1.00897 1.83854
v 0.290714 1.00159 1.84364
v 0.314175 0.989475 1.84648
v 0.292717 0.996082 1.84647
v 0.292058 0.996883 1.84644
v 0.294009 1.00665 1.8409
v 0.298939 1.00985 1.83854
v 0.291518 0.997778 1.8464
v 0.299177 1.00998 1.83854
v 0.2992 1.00999 1.83854
v 0.302012 0.991709 1.84809
v 0.337359 0.988521 1.84379
v 0.291498 1.00358 1.84351
v 0.291129 0.998744 1.84635
v 0.365813 0.989011 1.83854
v 0.366426 0.98903 1.83854
v 0.290917 0.999756 1.84628
v 0.327399 0.988919 1.84636
v 0.292721 1.00533 1.84338
v 0.300232 0.992489 1.84916
v 0.302215 0.991941 1.84915
v 0.302535 1.01138 1.83854
v 0.290902 1.00079 1.84621
v 0.298329 0.993216 1.84914
v 0.304904 0.991282 1.84915
v 0.344767 0.988651 1.84364
v 0.296484 0.994091 1.84912
v 0.303054 1.01159 1.83854
v 0.307879 0.990748 1.84912
v 0.344768 0.988673 1.84378
v 0.294741 0.995148 1.84908
v 0.311082 0.9903 1.84907
v 0.291069 1.00182 1.84613
v 0.29421 1.00677 1.84325
v 0.314453 0.989945 1.84903
v 0.293189 0.996462 1.84903
v 0.292536 0.997254 1.84898
v 0.317894 0.989708 1.84898
v 0.306196 1.01261 1.83854
v 0.306548 1.01272 1.83854
v 0.292002 0.998138 1.84893
v 0.291847 1.0038 1.84595
v 0.337417 0.988881 1.84633
v 0.295852 1.00803 1.84311
v 0.321285 0.98957 1.84893
v 0.291616 0.999094 1.84886
v 0.30812 1.01309 1.83854
v 0.291407 1.00009 1.84878
v 0.309696 1.01347 1.83854
v 0.297603 1.00915 1.84298
v 0.293061 1.00553 1.84576
v 0.355738 0.988947 1.84373
v 0.380046 0.989669 1.83854
v 0.32756 0.989405 1.84887
v 0.291392 1.00111 1.84869
v 0.3027 0.992493 1.85169
v 0.298862 0.993747 1.85167
v 0.29704 0.994608 1.85164
v 0.299438 1.01012 1.84285
v 0.312425 1.01411 1.83854
v 0.291557 1.00213 1.84859
v 0.295319 0.995648 1.8516
v 0.313475 1.01427 1.83854
v 0.313654 1.01429 1.83854
v 0.384454 0.989876 1.83854
v 0.293786 0.996942 1.85153
v 0.302901 0.992723 1.85274
v 0.292327 1.00409 1.84836
v 0.292614 0.998594 1.85142
v 0.303286 1.01171 1.8426
v 0.317452 1.01485 1.83854
v 0.337495 0.989372 1.84884
v 0.365804 0.989289 1.84366
v 0.318496 1.015 1.83854
v 0.292233 0.999536 1.85134
v 0.303305 1.01172 1.84292
v 0.319727 1.01508 1.83854
v 0.293529 1.0058 1.84812
v 0.292026 1.00052 1.85124
v 0.306393 1.01272 1.84245
v 0.32144 1.0152 1.83854
v 0.292012 1.00153 1.85113
v 0.344814 0.989481 1.84858
v 0.294993 1.00721 1.84788
v 0.301354 0.993682 1.85418
v 0.344818 0.989547 1.84882
v 0.303288 0.993161 1.85418
v 0.299503 0.994382 1.85416
v 0.30591 0.992523 1.85417
v 0.292174 1.00253 1.85101
v 0.297709 0.995227 1.85412
v 0.325112 1.01546 1.83854
v 0.325269 1.01547 1.83854
v 0.308813 0.99201 1.85413
v 0.309862 1.01363 1.84229
v 0.296014 0.996248 1.85407
v 0.311938 0.991583 1.85407
v 0.295228 0.996846 1.85404
v 0.32745 1.01548 1.83854
v 0.296607 1.00845 1.84764
v 0.294504 0.997518 1.85399
v 0.315226 0.991244 1.854
v 0.292934 1.00446 1.85074
v 0.293869 0.998285 1.85393
v 0.318581 0.991019 1.85393
v 0.313633 1.01439 1.84214
v 0.298328 1.00954 1.84739
v 0.29335 0.999142 1.85386
v 0.331929 1.01551 1.83854
v 0.3321 1.0155 1.83854
v 0.321888 0.990892 1.85387
v 0.292974 1.00007 1.85377
v 0.300132 1.01049 1.84716
v 0.334709 1.01536 1.83854
v 0.402224 0.990709 1.83854
v 0.29277 1.00104 1.85366
v 0.317589 1.01496 1.84199
v 0.40278 0.990735 1.83854
v 0.355736 0.989794 1.84874
v 0.337757 1.01519 1.83854
v 0.338167 1.01517 1.83854
v 0.292756 1.00202 1.85354
v 0.328009 0.990742 1.85378
v 0.384442 0.990151 1.84347
v 0.321558 1.01534 1.84187
v 0.292916 1.00301 1.8534
v 0.303927 1.01206 1.84669
v 0.342459 1.01472 1.83854
v 0.344316 1.01453 1.83854
v 0.346459 1.01421 1.83854
v 0.325371 1.01555 1.84176
v 0.348307 1.01393 1.83854
v 0.30404 1.01212 1.84738
v 0.306977 1.01303 1.84643
v 0.293664 1.00491 1.85309
v 0.315716 0.992061 1.85643
v 0.350121 1.01366 1.83854
v 0.304159 0.994146 1.8574
v 0.351285 1.01348 1.83854
v 0.352628 1.01328 1.83854
v 0.365776 0.990105 1.84862
v 0.337713 0.990724 1.85373
v 0.310394 1.01392 1.84615
v 0.357058 1.01242 1.83854
v 0.294833 1.00657 1.85275
v 0.32227 0.991722 1.85628
v 0.332168 1.01558 1.84161
v 0.362523 1.01135 1.83854
v 0.362737 1.0113 1.83854
v 0.363608 1.01109 1.83854
v 0.296256 1.00793 1.85242
v 0.314108 1.01466 1.84588
v 0.337797 1.01527 1.84153
v 0.369842 1.00958 1.83854
v 0.344891 0.990839 1.85354
v 0.344895 0.990902 1.85371
v 0.293777 1.00357 1.85574
v 0.297825 1.00913 1.8521
v 0.37439 1.00848 1.83854
v 0.374972 1.00832 1.83854
v 0.37586 1.00806 1.83854
v 0.318004 1.01522 1.84562
v 0.342457 1.01488 1.84149
v 0.302872 0.995285 1.85904
v 0.301092 0.995951 1.859
v 0.304734 0.994792 1.85903
v 0.307269 0.994186 1.85903
v 0.299366 0.996755 1.85895
v 0.299498 1.01018 1.85177
v 0.310076 0.993702 1.85897
v 0.385589 1.00525 1.83854
v 0.386393 1.00498 1.83854
v 0.297736 0.997729 1.85888
v 0.387366 1.00466 1.83854
v 0.420054 0.99156 1.83854
v 0.296979 0.998301 1.85883
v 0.294512 1.00542 1.8554
v 0.313096 0.993298 1.8589
v 0.321912 1.01558 1.8454
v 0.346464 1.01468 1.84149
v 0.296283 0.998943 1.85878
v 0.398164 1.00104 1.83854
v 0.39843 1.00095 1.83854
v 0.301252 1.0111 1.85145
v 0.420086 0.992131 1.83854
v 0.40222 0.990952 1.84322
v 0.316271 0.99298 1.85882
v 0.409297 0.996807 1.83854
v 0.409303 0.996805 1.83854
v 0.409431 0.996756 1.83854
v 0.295672 0.999676 1.8587
v 0.350197 1.01402 1.8415
v 0.295173 1.0005 1.85861
v 0.325666 1.01578 1.84521
v 0.353658 1.01322 1.84152
v 0.294811 1.00138 1.8585
v 0.304955 1.01261 1.85081
v 0.357055 1.01255 1.84154
v 0.322702 0.992656 1.85866
v 0.355733 0.991125 1.8536
v 0.294615 1.00231 1.85837
v 0.384407 0.990915 1.84828
v 0.332363 1.0158 1.84494
v 0.363594 1.0112 1.84159
v 0.294601 1.00326 1.85822
v 0.30792 1.01354 1.85046
v 0.328615 0.992523 1.85856
v 0.294754 1.0042 1.85805
v 0.369835 1.00975 1.84166
v 0.337912 1.01549 1.8448
v 0.311254 1.0144 1.85009
v 0.305284 1.01279 1.85204
v 0.375843 1.0082 1.84173
v 0.295474 1.00601 1.85767
v 0.298754 0.998603 1.86122
v 0.342494 1.01513 1.84473
v 0.314876 1.01511 1.84973
v 0.297336 0.999784 1.8611
v 0.36573 0.991401 1.85345
v 0.387355 1.00482 1.84191
v 0.296597 1.0076 1.85727
v 0.30581 0.996001 1.86209
v 0.318674 1.01564 1.84939
v 0.338006 0.992522 1.8585
v 0.346473 1.01512 1.84473
v 0.398434 1.0011 1.84212
v 0.348442 1.01486 1.84474
v 0.297965 1.00891 1.85687
v 0.350235 1.0144 1.84475
v 0.322484 1.01599 1.84908
v 0.353642 1.01348 1.84478
v 0.409293 0.996992 1.84237
v 0.299473 1.01005 1.85647
v 0.420058 0.991808 1.84295
v 0.357019 1.0128 1.84482
v 0.42009 0.992375 1.84265
v 0.326145 1.01617 1.84883
v 0.301082 1.01106 1.85608
v 0.344997 0.992696 1.85847
v 0.420058 0.991842 1.84355
v 0.363538 1.01148 1.84492
v 0.345 0.992754 1.85862
v 0.420091 0.992413 1.84329
v 0.302767 1.01193 1.85569
v 0.402209 0.991654 1.84785
v 0.332679 1.01618 1.84848
v 0.304754 0.997259 1.86372
v 0.303062 0.997884 1.86367
v 0.369767 1.01004 1.84503
v 0.306524 0.996796 1.86373
v 0.301421 0.998641 1.8636
v 0.308954 0.99623 1.86373
v 0.306338 1.01338 1.85491
v 0.299871 0.999559 1.86352
v 0.311642 0.995778 1.86367
v 0.3381 1.01586 1.84828
v 0.29849 1.00071 1.86339
v 0.375771 1.00852 1.84516
v 0.297909 1.0014 1.8633
v 0.309195 1.01426 1.8545
v 0.317565 0.995107 1.86351
v 0.297434 1.00217 1.86319
v 0.342569 1.01553 1.8482
v 0.297091 1.00301 1.86306
v 0.312418 1.01507 1.85407
v 0.384349 0.992129 1.85299
v 0.355728 0.992888 1.85834
v 0.387291 1.0052 1.84548
v 0.296904 1.00389 1.86291
v 0.323711 0.994812 1.86334
v 0.315917 1.01574 1.85363
v 0.29689 1.00478 1.86274
v 0.350246 1.01488 1.84823
v 0.297036 1.00568 1.86254
v 0.398392 1.00155 1.84585
v 0.353609 1.01391 1.84827
v 0.319583 1.01624 1.85323
v 0.329364 0.994697 1.86322
v 0.307056 1.01378 1.85686
v 0.356961 1.01323 1.84832
v 0.297719 1.00739 1.86212
v 0.32326 1.01656 1.85287
v 0.409278 0.997523 1.84629
v 0.326794 1.01673 1.85257
v 0.365666 0.993121 1.85816
v 0.363449 1.01194 1.84844
v 0.298786 1.0089 1.86166
v 0.4201 0.993013 1.84678
v 0.420069 0.99246 1.84737
v 0.300086 1.01013 1.86121
v 0.333109 1.01672 1.85215
v 0.338368 0.994709 1.86316
v 0.301519 1.0112 1.86075
v 0.30789 0.998318 1.86687
v 0.303047 1.01216 1.8603
v 0.338355 1.01641 1.85193
v 0.375657 1.00906 1.84877
v 0.304649 1.01298 1.85986
v 0.420103 0.993236 1.84808
v 0.402191 0.992776 1.85243
v 0.342681 1.01608 1.85183
v 0.420072 0.992664 1.84862
v 0.308042 1.01434 1.85897
v 0.345122 0.994893 1.86312
v 0.387188 1.00584 1.84919
v 0.31078 1.01516 1.85852
v 0.346521 1.0162 1.85182
v 0.348479 1.01594 1.85184
v 0.313864 1.01592 1.85804
v 0.350236 1.01546 1.85186
v 0.305381 1.00014 1.86819
v 0.30697 0.999565 1.86826
v 0.353562 1.01451 1.85191
v 0.303841 1.00085 1.8681
v 0.345144 0.995284 1.86395
v 0.308629 0.999133 1.86829
v 0.302386 1.0017 1.86798
v 0.310938 0.998613 1.86829
v 0.317209 1.01655 1.85756
v 0.398324 1.0023 1.84968
v 0.301089 1.00277 1.86783
v 0.313484 0.998194 1.86824
v 0.356885 1.01385 1.85197
v 0.300544 1.00342 1.86773
v 0.38427 0.993747 1.85763
v 0.320712 1.01701 1.85711
v 0.300098 1.00414 1.8676
v 0.319088 0.997577 1.86809
v 0.299775 1.00493 1.86746
v 0.355718 0.995026 1.86299
v 0.324224 1.01731 1.85671
v 0.36333 1.0126 1.85212
v 0.409254 0.998385 1.85026
v 0.299599 1.00575 1.86729
v 0.327601 1.01746 1.85638
v 0.299587 1.00658 1.86709
v 0.324896 0.997311 1.86791
v 0.299723 1.00742 1.86688
v 0.420115 0.994024 1.85091
v 0.333644 1.01743 1.85591
v 0.300364 1.00902 1.86641
v 0.330244 0.997211 1.86781
v 0.309364 1.0151 1.86178
v 0.375503 1.00982 1.85251
v 0.420085 0.993496 1.85179
v 0.338675 1.01712 1.85566
v 0.301365 1.01043 1.86591
v 0.365584 0.995213 1.86279
v 0.342828 1.0168 1.85555
v 0.302585 1.01157 1.86541
v 0.303929 1.01258 1.86491
v 0.387051 1.00672 1.853
v 0.306867 1.01423 1.86393
v 0.34656 1.01689 1.85554
v 0.33879 0.997232 1.86776
v 0.31004 1.01549 1.86296
v 0.348479 1.01664 1.85556
v 0.350212 1.01619 1.85558
v 0.402166 0.994279 1.85696
v 0.353504 1.01528 1.85564
v 0.312648 1.01625 1.86248
v 0.420125 0.994632 1.85309
v 0.356792 1.01465 1.8557
v 0.315569 1.01696 1.86196
v 0.398233 1.00331 1.85358
v 0.420095 0.994057 1.85393
v 0.318733 1.01753 1.86145
v 0.31045 1.00114 1.87179
v 0.345265 0.997411 1.86771
v 0.322044 1.01796 1.86097
v 0.363185 1.01345 1.85587
v 0.409222 0.99956 1.85426
v 0.328554 1.01836 1.86019
v 0.306592 1.00334 1.87243
v 0.308018 1.0027 1.87255
v 0.384169 0.995721 1.8622
v 0.305245 1.00413 1.87228
v 0.309489 1.00216 1.87266
v 0.334278 1.01832 1.85969
v 0.311018 1.00176 1.87273
v 0.304045 1.00512 1.8721
v 0.30354 1.00571 1.87198
v 0.420136 0.995372 1.85503
v 0.315578 1.00091 1.8727
v 0.375315 1.0108 1.8563
v 0.303127 1.00638 1.87184
v 0.339054 1.01802 1.85942
v 0.302828 1.0071 1.87168
v 0.355703 0.997486 1.86758
v 0.302666 1.00786 1.87149
v 0.320818 1.00034 1.87257
v 0.343006 1.0177 1.8593
v 0.302653 1.00863 1.87128
v 0.30278 1.0094 1.87104
v 0.420108 0.994878 1.85621
v 0.345329 0.998536 1.8697
v 0.326241 1.0001 1.87242
v 0.303372 1.01088 1.87054
v 0.34661 1.01772 1.85929
v 0.386882 1.00784 1.85685
v 0.348474 1.01748 1.85931
v 0.304299 1.01217 1.87001
v 0.35018 1.01707 1.85933
v 0.305427 1.01323 1.86947
v 0.353437 1.01625 1.85939
v 0.331242 1.00001 1.87233
v 0.306672 1.01416 1.86894
v 0.312196 1.01676 1.86671
v 0.365485 0.997624 1.86737
v 0.30939 1.01568 1.86789
v 0.356687 1.01566 1.85946
v 0.312301 1.01682 1.86687
v 0.314775 1.01753 1.86634
v 0.398122 1.0046 1.8575
v 0.31751 1.01817 1.8658
v 0.402134 0.996125 1.86145
v 0.363017 1.01452 1.85964
v 0.320469 1.0187 1.86527
v 0.323562 1.01909 1.86477
v 0.339267 1.00004 1.87232
v 0.329642 1.01945 1.86396
v 0.409183 1.00103 1.85826
v 0.420156 0.996632 1.85832
v 0.335002 1.0194 1.86343
v 0.375096 1.012 1.86011
v 0.33949 1.01911 1.86314
v 0.345424 1.0002 1.87227
v 0.420127 0.996055 1.85949
v 0.343213 1.01879 1.86301
v 0.420162 0.997024 1.85913
v 0.384048 0.998004 1.86672
v 0.346671 1.01873 1.863
v 0.34847 1.0185 1.86302
v 0.308414 1.00681 1.87643
v 0.309641 1.00609 1.87661
v 0.310941 1.0055 1.87678
v 0.307321 1.0077 1.8762
v 0.350144 1.01815 1.86304
v 0.313555 1.00453 1.8769
v 0.386685 1.0092 1.8607
v 0.306861 1.00824 1.87606
v 0.31228 1.00502 1.87692
v 0.306485 1.00885 1.8759
v 0.313656 1.00464 1.87706
v 0.353366 1.01743 1.8631
v 0.306212 1.00951 1.87572
v 0.420136 0.996569 1.86062
v 0.306064 1.0102 1.87552
v 0.317896 1.00387 1.87706
v 0.306053 1.0109 1.87529
v 0.356571 1.01688 1.86317
v 0.306168 1.0116 1.87504
v 0.313958 1.00496 1.87752
v 0.306708 1.01295 1.8745
v 0.322732 1.00336 1.87698
v 0.307552 1.01413 1.87394
v 0.30858 1.01509 1.87337
v 0.314864 1.01837 1.87059
v 0.309713 1.01593 1.87281
v 0.397992 1.00614 1.86141
v 0.36283 1.0158 1.86336
v 0.312189 1.01731 1.8717
v 0.327729 1.00313 1.87687
v 0.319665 1.01957 1.86952
v 0.322397 1.02005 1.86898
v 0.325248 1.0204 1.86846
v 0.365368 1.0003 1.87192
v 0.332344 1.00305 1.87683
v 0.330851 1.02072 1.86762
v 0.402095 0.998275 1.8659
v 0.335809 1.02067 1.86707
v 0.315573 1.01879 1.87162
v 0.409137 1.00277 1.86224
v 0.374851 1.01343 1.86387
v 0.339977 1.02039 1.86676
v 0.343447 1.02008 1.86661
v 0.339791 1.00306 1.87686
v 0.346744 1.01994 1.8666
v 0.348474 1.01973 1.86661
v 0.420192 0.998991 1.86318
v 0.350113 1.01943 1.86664
v 0.353292 1.01882 1.8667
v 0.386463 1.0108 1.86451
v 0.345592 1.00316 1.87687
v 0.420197 0.999269 1.86375
v 0.356447 1.01831 1.86678
v 0.383908 1.00055 1.87121
v 0.420168 0.998556 1.86499
v 0.362627 1.0173 1.86698
v 0.34562 1.00364 1.8776
v 0.310882 1.0105 1.88014
v 0.311859 1.0097 1.88041
v 0.312955 1.00906 1.88065
v 0.310135 1.01153 1.8798
v 0.42017 0.998696 1.8653
v 0.309891 1.01212 1.87959
v 0.397846 1.00793 1.86527
v 0.314116 1.00853 1.88086
v 0.309759 1.01274 1.87937
v 0.317626 1.02008 1.87416
v 0.315313 1.00809 1.88106
v 0.309852 1.014 1.87886
v 0.316558 1.00776 1.88123
v 0.322011 1.02115 1.87307
v 0.315234 1.01912 1.87533
v 0.355655 1.00315 1.87672
v 0.310335 1.01521 1.87829
v 0.311089 1.01626 1.87769
v 0.313021 1.01788 1.87651
v 0.312008 1.01712 1.8771
v 0.327085 1.02189 1.87199
v 0.320414 1.00705 1.88133
v 0.33217 1.02218 1.87113
v 0.336692 1.02213 1.87055
v 0.340513 1.02189 1.87021
v 0.32481 1.00657 1.88132
v 0.374583 1.01508 1.86751
v 0.343705 1.0216 1.87004
v 0.409087 1.00477 1.86616
v 0.317211 1.00847 1.88216
v 0.329343 1.00636 1.88129
v 0.346828 1.0214 1.87002
v 0.365235 1.00318 1.87647
v 0.402048 1.00069 1.87031
v 0.318729 1.02077 1.87553
v 0.350091 1.02095 1.87006
v 0.333537 1.00628 1.88131
v 0.312759 1.01199 1.88201
v 0.312059 1.01296 1.88165
v 0.313674 1.01123 1.88232
v 0.311707 1.01409 1.8812
v 0.314701 1.01063 1.88258
v 0.386221 1.01263 1.86821
v 0.356318 1.01997 1.87021
v 0.315789 1.01013 1.88282
v 0.420228 1.00127 1.86715
v 0.318078 1.00941 1.88323
v 0.340355 1.00627 1.88143
v 0.32174 1.00872 1.88339
v 0.362413 1.01903 1.87042
v 0.325905 1.00827 1.88344
v 0.397687 1.00994 1.86904
v 0.345773 1.00633 1.88145
v 0.383749 1.00331 1.8757
v 0.320583 1.02199 1.87748
v 0.324527 1.02294 1.87637
v 0.420206 1.00088 1.86929
v 0.329057 1.0236 1.87528
v 0.333589 1.02386 1.8744
v 0.337643 1.02383 1.8738
v 0.318497 1.02114 1.8787
v 0.341093 1.02362 1.87343
v 0.343986 1.02336 1.87324
v 0.316565 1.02004 1.87992
v 0.314043 1.01446 1.8834
v 0.374296 1.01696 1.871
v 0.314695 1.01355 1.88379
v 0.313716 1.01552 1.88293
v 0.315681 1.01937 1.88054
v 0.315547 1.01284 1.88412
v 0.313798 1.01663 1.88238
v 0.314878 1.01861 1.88116
v 0.31422 1.01769 1.88179
v 0.316503 1.01227 1.88441
v 0.346926 1.02313 1.87321
v 0.420248 1.00257 1.86936
v 0.317516 1.0118 1.88468
v 0.350082 1.02273 1.87325
v 0.409032 1.00701 1.87
v 0.321618 1.02268 1.87856
v 0.355619 1.00626 1.88132
v 0.319638 1.01112 1.88517
v 0.345831 1.00735 1.88291
v 0.323109 1.01047 1.88536
v 0.319908 1.01141 1.88551
v 0.322121 1.02304 1.879
v 0.330089 1.02455 1.8768
v 0.325843 1.02393 1.87788
v 0.385962 1.01468 1.87176
v 0.327035 1.01004 1.88545
v 0.420224 1.00202 1.87137
v 0.401995 1.00333 1.87469
v 0.320202 1.02225 1.88023
v 0.36219 1.021 1.87362
v 0.365084 1.00623 1.88105
v 0.318417 1.02123 1.88147
v 0.33107 1.00983 1.88551
v 0.3176 1.02061 1.8821
v 0.420266 1.00375 1.87106
v 0.316858 1.0199 1.88273
v 0.316249 1.01904 1.88336
v 0.315784 1.01702 1.88453
v 0.316086 1.01604 1.88502
v 0.315859 1.01805 1.88397
v 0.316687 1.0152 1.88543
v 0.317474 1.01453 1.88578
v 0.334815 1.00973 1.8856
v 0.319292 1.01356 1.88641
v 0.335097 1.02581 1.87733
v 0.338658 1.02579 1.87672
v 0.331149 1.02558 1.87821
v 0.341716 1.02562 1.87633
v 0.327195 1.025 1.87928
v 0.397517 1.01219 1.87267
v 0.323713 1.02418 1.88038
v 0.321261 1.01294 1.88693
v 0.344291 1.02539 1.87613
v 0.373996 1.0191 1.87424
v 0.324518 1.01231 1.8872
v 0.321953 1.02344 1.88163
v 0.340959 1.00969 1.88582
v 0.350089 1.02481 1.87612
v 0.324344 1.02463 1.88092
v 0.320318 1.0225 1.88288
v 0.420246 1.0034 1.87354
v 0.328198 1.01189 1.88734
v 0.319569 1.02192 1.88352
v 0.31889 1.02127 1.88415
v 0.383572 1.00623 1.88018
v 0.318332 1.02047 1.88479
v 0.317975 1.01957 1.8854
v 0.317905 1.01862 1.88597
v 0.345965 1.00971 1.88589
v 0.318182 1.01771 1.88647
v 0.331974 1.01169 1.88744
v 0.318732 1.01694 1.88691
v 0.339188 1.02689 1.87803
v 0.335882 1.0269 1.87864
v 0.319452 1.01633 1.88729
v 0.332236 1.02668 1.8795
v 0.408974 1.00946 1.87373
v 0.328579 1.02616 1.88054
v 0.322399 1.01423 1.88812
v 0.32534 1.02541 1.8816
v 0.321116 1.01543 1.88797
v 0.335484 1.01159 1.88757
v 0.385691 1.01699 1.87507
v 0.345992 1.01017 1.88648
v 0.361965 1.02327 1.8765
v 0.323746 1.02472 1.88287
v 0.322912 1.01484 1.88856
v 0.355581 1.00957 1.88575
v 0.322264 1.02386 1.88413
v 0.325966 1.01425 1.88886
v 0.321585 1.02333 1.88476
v 0.420305 1.00622 1.87464
v 0.341277 1.01152 1.88783
v 0.32097 1.02274 1.8854
v 0.339731 1.02807 1.87923
v 0.342379 1.02793 1.87885
v 0.336685 1.02808 1.87982
v 0.344621 1.02775 1.87864
v 0.320465 1.02201 1.88604
v 0.333348 1.02788 1.88065
v 0.401935 1.00616 1.87903
v 0.320141 1.02118 1.88665
v 0.420308 1.00643 1.8749
v 0.329394 1.01385 1.88904
v 0.329994 1.0274 1.88166
v 0.320077 1.02032 1.88723
v 0.320327 1.0195 1.88775
v 0.326993 1.0267 1.88273
v 0.320826 1.01878 1.8882
v 0.37369 1.02153 1.87715
v 0.321477 1.01823 1.8886
v 0.350114 1.02722 1.87862
v 0.397341 1.01468 1.87608
v 0.34607 1.01154 1.8879
v 0.364923 1.00949 1.88546
v 0.332903 1.01365 1.88919
v 0.325577 1.02611 1.88394
v 0.322984 1.0174 1.88933
v 0.336173 1.01355 1.88935
v 0.324252 1.02532 1.88519
v 0.340287 1.02934 1.88031
v 0.342725 1.02922 1.87993
v 0.337507 1.02935 1.88088
v 0.344796 1.02905 1.87973
v 0.323645 1.02485 1.88582
v 0.324606 1.01685 1.88999
v 0.334483 1.02917 1.88166
v 0.324729 1.01699 1.89009
v 0.323095 1.02431 1.88645
v 0.331437 1.02875 1.88261
v 0.420285 1.00581 1.87733
v 0.328694 1.02815 1.88357
v 0.355564 1.01136 1.88779
v 0.322643 1.02366 1.88708
v 0.327449 1.01631 1.8903
v 0.322353 1.02291 1.8877
v 0.361742 1.02586 1.87898
v 0.350133 1.02856 1.87971
v 0.322296 1.02214 1.88828
v 0.373536 1.02287 1.87846
v 0.341606 1.01346 1.88966
v 0.42029 1.00611 1.87773
v 0.322519 1.02139 1.8888
v 0.385414 1.0196 1.87804
v 0.346148 1.01291 1.88932
v 0.33062 1.01594 1.89053
v 0.322964 1.02076 1.88926
v 0.408917 1.01217 1.87723
v 0.397252 1.01604 1.87765
v 0.327444 1.0276 1.88482
v 0.329493 1.02883 1.88397
v 0.323547 1.02025 1.88968
v 0.383384 1.00938 1.8845
v 0.340856 1.03071 1.88125
v 0.344976 1.03045 1.8807
v 0.338344 1.03072 1.88178
v 0.333858 1.01574 1.89072
v 0.346178 1.01344 1.88976
v 0.326278 1.0269 1.88604
v 0.364842 1.01124 1.88749
v 0.335639 1.03056 1.88251
v 0.324893 1.01951 1.89045
v 0.332907 1.0302 1.88338
v 0.330414 1.02969 1.88426
v 0.32526 1.026 1.88728
v 0.350158 1.02999 1.88068
v 0.336882 1.01563 1.89091
v 0.361634 1.02728 1.88006
v 0.324863 1.02542 1.8879
v 0.326345 1.01902 1.89111
v 0.373383 1.0243 1.87964
v 0.324607 1.02477 1.88851
v 0.420352 1.00909 1.87819
v 0.324557 1.02408 1.88908
v 0.329344 1.0292 1.88547
v 0.385276 1.02103 1.87935
v 0.328966 1.0185 1.8915
v 0.324753 1.02342 1.8896
v 0.35555 1.01324 1.88964
v 0.397164 1.01749 1.8791
v 0.341437 1.03218 1.88204
v 0.345164 1.03195 1.88154
v 0.420357 1.0094 1.87849
v 0.325144 1.02286 1.89007
v 0.339197 1.03219 1.88252
v 0.40889 1.01364 1.87884
v 0.336814 1.03207 1.88317
v 0.341947 1.01553 1.89126
v 0.32834 1.0286 1.88666
v 0.325656 1.02241 1.8905
v 0.331875 1.01815 1.89176
v 0.327121 1.01999 1.8916
v 0.331929 1.03109 1.88473
v 0.334399 1.03177 1.88395
v 0.332166 1.03133 1.88476
v 0.401872 1.00922 1.88319
v 0.350188 1.03152 1.88153
v 0.361528 1.02881 1.881
v 0.327463 1.02782 1.88786
v 0.32684 1.02174 1.8913
v 0.334836 1.01796 1.89198
v 0.383288 1.01107 1.88648
v 0.346294 1.01547 1.89139
v 0.373231 1.02583 1.88069
v 0.327121 1.02732 1.88846
v 0.346297 1.01553 1.89144
v 0.364762 1.0131 1.88934
v 0.331273 1.03094 1.88589
v 0.326901 1.02675 1.88905
v 0.342029 1.03375 1.88268
v 0.385139 1.02257 1.88052
v 0.345358 1.03354 1.88225
v 0.340064 1.03377 1.88309
v 0.328111 1.02131 1.892
v 0.337611 1.01785 1.89219
v 0.326857 1.02616 1.88961
v 0.338007 1.03369 1.88364
v 0.327026 1.02559 1.89013
v 0.335913 1.03346 1.8843
v 0.330433 1.03043 1.88702
v 0.333939 1.03314 1.88496
v 0.397078 1.01904 1.88042
v 0.327363 1.0251 1.8906
v 0.330515 1.02084 1.89241
v 0.350223 1.03315 1.88223
v 0.420334 1.00872 1.88125
v 0.408866 1.01521 1.88032
v 0.327803 1.02471 1.89104
v 0.361425 1.03043 1.88181
v 0.420387 1.01102 1.88012
v 0.334561 1.03377 1.88503
v 0.35554 1.01526 1.89126
v 0.3297 1.02978 1.88817
v 0.333158 1.02052 1.89269
v 0.3423 1.01774 1.89257
v 0.333228 1.03281 1.88605
v 0.373082 1.02745 1.8816
v 0.329413 1.02936 1.88874
v 0.420341 1.00911 1.88169
v 0.342631 1.03544 1.88315
v 0.340944 1.03548 1.88347
v 0.329255 1.02282 1.89246
v 0.328822 1.02414 1.89186
v 0.345559 1.03525 1.88281
v 0.339216 1.03543 1.8839
v 0.329229 1.02888 1.88931
v 0.335728 1.03507 1.8849
v 0.401843 1.01087 1.88511
v 0.385004 1.0242 1.88155
v 0.329193 1.02839 1.88985
v 0.332554 1.03241 1.88711
v 0.34642 1.01768 1.89267
v 0.383194 1.01287 1.8883
v 0.329334 1.02791 1.89035
v 0.420402 1.01184 1.88095
v 0.350264 1.03489 1.8828
v 0.32991 1.02375 1.89257
v 0.364685 1.01508 1.89095
v 0.338358 1.02023 1.89316
v 0.329615 1.0275 1.89081
v 0.361327 1.03216 1.88248
v 0.396994 1.02068 1.88159
v 0.335206 1.03483 1.88592
v 0.331966 1.03189 1.88818
v 0.337138 1.03664 1.88475
v 0.346456 1.01833 1.89305
v 0.329984 1.02717 1.89125
v 0.332094 1.02334 1.89299
v 0.343243 1.03724 1.88344
v 0.340439 1.03731 1.88394
v 0.331736 1.03155 1.88872
v 0.337559 1.03714 1.88463
v 0.345767 1.03706 1.88322
v 0.372936 1.02919 1.88235
v 0.408845 1.01687 1.88165
v 0.331589 1.03117 1.88925
v 0.334701 1.03454 1.88689
v 0.42042 1.01272 1.88162
v 0.334466 1.02305 1.89328
v 0.355536 1.01741 1.89259
v 0.330835 1.02669 1.89207
v 0.342667 1.0201 1.89355
v 0.33156 1.03077 1.88976
v 0.373857 1.01493 1.89049
v 0.350312 1.03674 1.88321
v 0.384873 1.02595 1.88241
v 0.337205 1.03701 1.8855
v 0.331673 1.03039 1.89023
v 0.339397 1.03932 1.88407
v 0.334259 1.03416 1.88787
v 0.361234 1.034 1.88299
v 0.341673 1.03929 1.88377
v 0.331565 1.02608 1.89285
v 0.339688 1.03967 1.88399
v 0.331899 1.03006 1.89068
v 0.343863 1.03916 1.88356
v 0.420371 1.01074 1.88351
v 0.331747 1.02636 1.89284
v 0.346553 1.02003 1.89365
v 0.345982 1.03899 1.88346
v 0.336868 1.03683 1.88635
v 0.396913 1.02244 1.88259
v 0.401816 1.01262 1.88686
v 0.332195 1.0298 1.89111
v 0.339124 1.02278 1.89376
v 0.372793 1.03104 1.88294
v 0.333976 1.03363 1.88884
v 0.339217 1.03928 1.8848
v 0.3337 1.02601 1.8932
v 0.383102 1.01479 1.88989
v 0.364613 1.0172 1.89228
v 0.341217 1.04131 1.88354
v 0.350366 1.03871 1.88346
v 0.336574 1.03659 1.88721
v 0.342905 1.04122 1.88354
v 0.346606 1.02095 1.89398
v 0.408828 1.01865 1.88281
v 0.332878 1.02942 1.89192
v 0.33404 1.03305 1.88975
v 0.339049 1.03922 1.88552
v 0.335799 1.02576 1.89348
v 0.344487 1.04113 1.88354
v 0.384745 1.02782 1.88309
v 0.420385 1.01149 1.88434
v 0.361145 1.03596 1.88334
v 0.341217 1.04131 1.88417
v 0.343046 1.02264 1.89415
v 0.346203 1.04103 1.88354
v 0.420456 1.0145 1.883
v 0.336386 1.03626 1.88806
v 0.420457 1.01455 1.88304
v 0.35554 1.01973 1.89358
v 0.334432 1.03262 1.89058
v 0.338904 1.03913 1.88625
v 0.333608 1.02915 1.89268
v 0.372656 1.03301 1.88336
v 0.373761 1.01702 1.89182
v 0.341217 1.04131 1.88479
v 0.333813 1.02946 1.89266
v 0.350426 1.04079 1.88354
v 0.396837 1.02432 1.88339
v 0.346697 1.02255 1.89423
v 0.340065 1.0403 1.88578
v 0.33643 1.03589 1.88888
v 0.339908 1.02551 1.89395
v 0.335331 1.02887 1.893
v 0.343242 1.02399 1.8943
v 0.338811 1.03899 1.88697
v 0.334947 1.03234 1.89136
v 0.361062 1.03803 1.88351
v 0.341217 1.04131 1.88541
v 0.420405 1.01246 1.88519
v 0.337156 1.02866 1.89326
v 0.384621 1.0298 1.88358
v 0.340019 1.04025 1.88645
v 0.336693 1.03562 1.88964
v 0.401792 1.01449 1.88843
v 0.364547 1.01948 1.89329
v 0.408816 1.02055 1.88377
v 0.338835 1.03884 1.88768
v 0.383015 1.01684 1.89123
v 0.346772 1.02388 1.89444
v 0.346778 1.02398 1.89445
v 0.335485 1.03214 1.89207
v 0.34344 1.02538 1.89433
v 0.341217 1.04131 1.88604
v 0.372524 1.0351 1.88358
v 0.340032 1.04018 1.88711
v 0.336033 1.03302 1.89187
v 0.337038 1.03546 1.89037
v 0.355551 1.02223 1.8942
v 0.336986 1.03193 1.89236
v 0.338968 1.03873 1.88835
v 0.4205 1.01646 1.88409
v 0.34071 1.02845 1.89369
v 0.360985 1.04019 1.88354
v 0.396766 1.02633 1.88399
v 0.346851 1.02527 1.8944
v 0.341217 1.04131 1.88666
v 0.343643 1.02683 1.89424
v 0.338533 1.03178 1.89257
v 0.340099 1.04014 1.88775
v 0.37367 1.01927 1.89284
v 0.384503 1.03192 1.88386
v 0.337388 1.03534 1.89102
v 0.339142 1.03867 1.88901
v 0.341217 1.04131 1.88729
v 0.372398 1.03731 1.88362
v 0.343848 1.02833 1.89402
v 0.346934 1.02672 1.89435
v 0.338662 1.03521 1.89124
v 0.338255 1.03682 1.89047
v 0.340187 1.04012 1.88838
v 0.346957 1.02712 1.89433
v 0.34153 1.03162 1.89292
v 0.420524 1.0175 1.88466
v 0.364487 1.02195 1.89392
v 0.408809 1.02258 1.88451
v 0.339931 1.03512 1.89138
v 0.339366 1.03863 1.88967
v 0.341217 1.04131 1.88792
v 0.420441 1.0142 1.88671
v 0.347019 1.0282 1.89409
v 0.420442 1.01425 1.88674
v 0.340349 1.03859 1.88972
v 0.355572 1.02493 1.89438
v 0.382932 1.01906 1.89226
v 0.401774 1.01649 1.88976
v 0.3967 1.02848 1.88436
v 0.340281 1.04011 1.88901
v 0.340285 1.04012 1.88901
v 0.341339 1.03855 1.88977
v 0.384391 1.03418 1.88392
v 0.341183 1.04007 1.88903
v 0.342368 1.03502 1.89161
v 0.344272 1.03152 1.89319
v 0.372272 1.03955 1.88354
v 0.342031 1.04005 1.88905
v 0.341217 1.04131 1.88854
v 0.420549 1.0185 1.88501
v 0.342 1.04127 1.88854
v 0.343213 1.03851 1.88986
v 0.347147 1.03047 1.8936
v 0.342706 1.04123 1.88854
v 0.343622 1.04001 1.88908
v 0.347199 1.03138 1.89325
v 0.373586 1.02169 1.89349
v 0.344711 1.03495 1.89179
v 0.344011 1.04115 1.88854
v 0.345156 1.03846 1.88993
v 0.345549 1.04107 1.88854
v 0.392317 1.01884 1.89157
v 0.364437 1.02461 1.89413
v 0.355604 1.02785 1.89407
v 0.347354 1.03409 1.89221
v 0.408809 1.02474 1.88501
v 0.347395 1.03482 1.89183
v 0.384285 1.03655 1.88376
v 0.347575 1.03798 1.89017
v 0.347596 1.03836 1.88996
v 0.396641 1.03077 1.88447
v 0.347744 1.04094 1.88854
v 0.381153 1.03904 1.88354
v 0.364416 1.02602 1.89405
v 0.382856 1.02144 1.89294
v 0.420594 1.0203 1.88564
v 0.355649 1.031 1.89324
v 0.420487 1.01623 1.88801
v 0.401762 1.01864 1.89081
v 0.384176 1.03887 1.88354
v 0.420604 1.02069 1.8857
v 0.37351 1.02431 1.89374
v 0.364397 1.02749 1.89386
v 0.39659 1.03321 1.88432
v 0.355707 1.03441 1.89182
v 0.35577 1.03791 1.88994
v 0.35578 1.04049 1.88854
v 0.408816 1.02707 1.88523
v 0.364381 1.02901 1.89353
v 0.392272 1.02119 1.89229
v 0.420508 1.01714 1.8886
v 0.364368 1.0306 1.89307
v 0.396544 1.03576 1.88393
v 0.382788 1.02401 1.89323
v 0.364359 1.03225 1.89246
v 0.364352 1.03396 1.89171
v 0.364341 1.03743 1.8899
v 0.420668 1.02305 1.88607
v 0.36428 1.04 1.88854
v 0.408832 1.02955 1.88517
v 0.401757 1.02094 1.89156
v 0.382758 1.02538 1.89321
v 0.420682 1.02356 1.88616
v 0.420537 1.0183 1.88909
v 0.39649 1.03817 1.88354
v 0.392234 1.02372 1.89263
v 0.38273 1.02679 1.89308
v 0.408856 1.0322 1.88479
v 0.411224 1.02072 1.89078
v 0.420741 1.02556 1.88612
v 0.382705 1.02827 1.89283
v 0.408886 1.03496 1.88413
v 0.382682 1.0298 1.89246
v 0.401759 1.02342 1.89197
v 0.420578 1.01991 1.88979
v 0.420782 1.02697 1.88609
v 0.392206 1.02644 1.89257
v 0.382663 1.03139 1.89195
v 0.420594 1.02051 1.88993
v 0.382647 1.03304 1.8913
v 0.420823 1.02825 1.88586
v 0.4089 1.03746 1.88354
v 0.381153 1.03904 1.88854
v 0.382616 1.03639 1.88973
v 0.382542 1.03896 1.88854
v 0.411265 1.02315 1.89125
v 0.392188 1.02938 1.89205
v 0.401771 1.0261 1.89199
v 0.420897 1.03063 1.88542
v 0.420914 1.03115 1.88526
v 0.392182 1.03255 1.89103
v 0.401781 1.02751 1.89184
v 0.420659 1.02289 1.89049
v 0.421011 1.03415 1.88432
v 0.392182 1.03583 1.88962
v 0.420666 1.02313 1.89054
v 0.401794 1.02897 1.89158
v 0.421046 1.03524 1.88398
v 0.411315 1.02576 1.89136
v 0.421088 1.03677 1.88354
v 0.401828 1.03207 1.89073
v 0.420734 1.02545 1.89066
v 0.411376 1.02857 1.89109
v 0.401867 1.03527 1.88949
v 0.401877 1.0367 1.88893
v 0.401872 1.03786 1.88854
v 0.420765 1.02648 1.89071
v 0.411447 1.03158 1.8904
v 0.420818 1.02817 1.89051
v 0.411524 1.0347 1.88935
v 0.420877 1.03004 1.89029
v 0.420911 1.0311 1.89002
v 0.421002 1.03384 1.88931
v 0.421011 1.03415 1.88922
v 0.421053 1.03556 1.88885
v 0.421088 1.03677 1.88854
g ASSEMBLEDPROTOTYPE3
f 7357 7358 6902
f 7350 7348 7346
f 7040 6794 7028
f 7028 6794 7021
f 7341 7334 7356
f 7233 7232 7222
f 7222 7232 7230
f 7222 7230 7227
f 7227 7230 7229
f 7207 7206 7356
f 7356 7206 7203
f 7356 7203 7191
f 7040 7042 6794
f 6794 7042 7064
f 6794 7064 7065
f 7351 7353 6902
f 6902 7353 7354
f 6902 7354 7357
f 7350 7356 7352
f 7352 7356 7355
f 7222 7220 7356
f 7356 7220 7218
f 7356 7218 7215
f 7215 7212 7356
f 7356 7212 7208
f 7356 7208 7207
f 7001 7011 6704
f 6704 7011 7021
f 6704 7021 6703
f 6703 7021 6707
f 7350 7346 7356
f 7356 7346 7343
f 7356 7343 7341
f 6794 6778 7021
f 7021 6778 6755
f 7021 6755 6734
f 6767 6704 6740
f 6740 6704 6705
f 6714 6717 6719
f 6902 7202 7225
f 7334 7301 7356
f 7356 7301 7273
f 7356 7273 7222
f 7222 7273 7261
f 7191 7184 7356
f 7356 7184 7171
f 7356 7171 7152
f 6705 6708 6740
f 6740 6708 6709
f 6740 6709 6732
f 6734 6728 7021
f 7021 6728 6720
f 7021 6720 6716
f 6714 6719 6709
f 6709 6719 6730
f 6709 6730 6732
f 7065 7078 6794
f 6794 7078 7082
f 6794 7082 7084
f 7084 7087 6794
f 6794 7087 7093
f 6794 7093 7098
f 6716 6712 7021
f 7021 6712 6711
f 7021 6711 6707
f 6767 6792 6704
f 6704 6792 6878
f 6704 6878 7001
f 7001 6878 6925
f 7001 6925 6956
f 7225 7242 6902
f 6902 7242 7252
f 6902 7252 7262
f 7261 7247 7222
f 7222 7247 7240
f 7222 7240 7237
f 7152 7139 7356
f 7356 7139 7125
f 7356 7125 7103
f 7237 7236 7222
f 7222 7236 7234
f 7222 7234 7233
f 7098 7104 6794
f 6794 7104 7120
f 6794 7120 6811
f 6811 7120 7141
f 6811 7141 6856
f 6856 7141 7156
f 6856 7156 6884
f 6884 7156 7181
f 6884 7181 6902
f 6902 7181 7190
f 6902 7190 7202
f 6956 6963 7001
f 7001 6963 6964
f 7001 6964 6970
f 6970 6978 6983
f 6970 6983 7001
f 7001 6983 6987
f 7001 6987 7000
f 7262 7269 6902
f 6902 7269 7275
f 6902 7275 7287
f 7103 7094 7356
f 7356 7094 7083
f 7356 7083 7037
f 7287 7294 6902
f 6902 7294 7302
f 6902 7302 7314
f 7037 7002 7356
f 7356 7002 6968
f 7356 6968 6939
f 7358 7359 6902
f 6902 7359 7356
f 6902 7356 6918
f 6918 7356 6939
f 7314 7335 6902
f 6902 7335 7342
f 6902 7342 7345
f 7345 7347 6902
f 6902 7347 7349
f 6902 7349 7351
f 3591 3583 3531
f 3688 3684 3642
f 3711 3714 3666
f 3678 3683 3641
f 2763 2784 2774
f 2340 2359 2376
f 2177 2221 2246
f 3612 3606 3571
f 2842 2719 2849
f 3671 3663 3621
f 3722 3723 3673
f 3695 3699 3653
f 3651 3661 3619
f 3596 3545 3511
f 3037 2946 2927
f 2825 2719 2811
f 2835 2719 2825
f 2433 2445 2456
f 2272 2284 2306
f 2719 2826 2756
f 2756 2826 2822
f 2822 2826 2878
f 2878 2826 2930
f 2878 2930 2925
f 2925 2930 2995
f 2995 2930 3022
f 2995 3022 3017
f 3017 3022 3085
f 3017 3085 3078
f 3078 3085 3141
f 3078 3141 3134
f 3334 3294 3298
f 3298 3294 3246
f 3298 3246 3253
f 3253 3246 3215
f 3253 3215 3199
f 3199 3215 3184
f 3199 3184 3141
f 3141 3184 3147
f 3141 3147 3134
f 3405 3367 3378
f 3378 3367 3355
f 3378 3355 3334
f 3334 3355 3323
f 3334 3323 3294
f 3482 3429 3434
f 3434 3429 3417
f 3434 3417 3405
f 3405 3417 3396
f 3405 3396 3367
f 3496 3532 3490
f 3490 3532 3525
f 2650 2719 2666
f 2569 2541 2513
f 2513 2541 2505
f 2666 2635 2650
f 2650 2635 2606
f 2650 2606 2569
f 2569 2606 2549
f 2569 2549 2541
f 2410 2407 2462
f 2462 2407 2361
f 2462 2361 2417
f 2286 2342 2373
f 2361 2352 2417
f 2417 2352 2324
f 2417 2324 2373
f 2373 2324 2305
f 2373 2305 2286
f 2505 2467 2513
f 2513 2467 2457
f 2513 2457 2462
f 2462 2457 2414
f 2462 2414 2410
f 2280 2309 2223
f 2186 2220 2162
f 2162 2220 2259
f 2162 2259 2213
f 2223 2197 2280
f 2280 2197 2195
f 2280 2195 2259
f 2259 2195 2167
f 2259 2167 2213
f 2213 2167 2164
f 2213 2164 2162
f 2162 2164 2138
f 2286 2265 2342
f 2342 2265 2262
f 2342 2262 2309
f 2309 2262 2228
f 2309 2228 2223
f 2246 2306 2271
f 2271 2306 2335
f 2271 2335 2308
f 2308 2335 2362
f 2308 2362 2330
f 2330 2362 2382
f 2330 2382 2353
f 2353 2382 2406
f 2353 2406 2381
f 2381 2406 2431
f 2381 2431 2416
f 2416 2431 2458
f 2416 2458 2452
f 2452 2458 2487
f 2452 2487 2491
f 2491 2487 2524
f 2491 2524 2536
f 2536 2524 2555
f 2536 2555 2597
f 2597 2555 2619
f 2597 2619 2661
f 2661 2619 2673
f 2661 2673 2719
f 2246 2221 2306
f 2306 2221 2254
f 2306 2254 2272
f 2433 2456 2418
f 2359 2418 2376
f 2376 2418 2456
f 2376 2456 2401
f 2401 2456 2465
f 2401 2465 2424
f 2424 2465 2488
f 2424 2488 2444
f 2444 2488 2498
f 2444 2498 2459
f 2459 2498 2514
f 2459 2514 2477
f 2477 2514 2532
f 2477 2532 2500
f 2500 2532 2546
f 2500 2546 2527
f 2527 2546 2564
f 2527 2564 2550
f 2550 2564 2599
f 2550 2599 2596
f 2596 2599 2628
f 2596 2628 2637
f 2637 2628 2658
f 2637 2658 2686
f 2686 2658 2696
f 2686 2696 2719
f 2535 2528 2533
f 2857 2880 2977
f 2901 2952 2953
f 2953 2952 3009
f 2652 2648 2752
f 2752 2648 2755
f 2752 2755 2832
f 2832 2755 2839
f 2832 2839 2931
f 2931 2839 2955
f 2931 2955 3045
f 3045 2955 3067
f 3045 3067 3146
f 3222 3266 3289
f 2669 2662 2745
f 2745 2662 2746
f 2745 2746 2808
f 2808 2746 2817
f 2808 2817 2905
f 2905 2817 2919
f 2905 2919 2994
f 2994 2919 3016
f 2994 3016 3077
f 3077 3016 3115
f 3077 3115 3177
f 3177 3115 3222
f 3177 3222 3301
f 3301 3222 3289
f 3370 3408 3425
f 2694 2684 2737
f 2737 2684 2741
f 2737 2741 2787
f 2787 2741 2802
f 2787 2802 2864
f 2864 2802 2882
f 2864 2882 2951
f 2951 2882 2971
f 2951 2971 3042
f 3042 2971 3056
f 3042 3056 3116
f 3116 3056 3139
f 3116 3139 3206
f 3206 3139 3255
f 3206 3255 3315
f 3315 3255 3370
f 3315 3370 3430
f 3430 3370 3425
f 3430 3425 3477
f 2701 2694 2730
f 2730 2694 2737
f 2730 2737 2777
f 2777 2737 2787
f 2777 2787 2846
f 2846 2787 2864
f 2846 2864 2926
f 2926 2864 2951
f 2926 2951 3019
f 3019 2951 3042
f 3019 3042 3088
f 3088 3042 3116
f 3088 3116 3170
f 3170 3116 3206
f 3170 3206 3268
f 3268 3206 3315
f 3268 3315 3380
f 3380 3315 3430
f 3380 3430 3494
f 2719 2795 2805
f 2805 2795 2889
f 2805 2889 2913
f 2913 2889 2990
f 2913 2990 3021
f 3021 2990 3081
f 3021 3081 3103
f 3103 3081 3165
f 3103 3165 3196
f 3196 3165 3264
f 2960 2946 3049
f 3049 2946 3037
f 3049 3037 3123
f 2719 2751 2762
f 2762 2751 2798
f 2762 2798 2815
f 2815 2798 2873
f 2815 2873 2907
f 2907 2873 2954
f 2907 2954 2992
f 2992 2954 3043
f 2992 3043 3071
f 3071 3043 3118
f 3071 3118 3156
f 3156 3118 3205
f 3156 3205 3251
f 3251 3205 3296
f 3251 3296 3329
f 3329 3296 3379
f 3329 3379 3409
f 3409 3379 3453
f 2719 2710 2723
f 2723 2710 2728
f 2723 2728 2754
f 2754 2728 2766
f 2754 2766 2799
f 2799 2766 2816
f 2799 2816 2871
f 2871 2816 2903
f 2871 2903 2950
f 2950 2903 2982
f 2950 2982 3036
f 3036 2982 3061
f 3036 3061 3114
f 3114 3061 3143
f 3114 3143 3194
f 3194 3143 3227
f 3194 3227 3283
f 3283 3227 3313
f 3283 3313 3374
f 3374 3313 3432
f 3374 3432 3483
f 3483 3432 3527
f 3483 3527 3570
f 2719 2773 2785
f 2785 2773 2847
f 2785 2847 2867
f 2867 2847 2934
f 2867 2934 2965
f 2965 2934 3027
f 2965 3027 3052
f 3052 3027 3107
f 3052 3107 3140
f 3140 3107 3195
f 3140 3195 3226
f 3226 3195 3285
f 3226 3285 3314
f 3314 3285 3372
f 2811 2927 2825
f 2825 2927 2946
f 2825 2946 2835
f 2835 2946 2960
f 2835 2960 2840
f 3314 3264 3226
f 3226 3264 3165
f 3226 3165 3140
f 3140 3165 3081
f 3140 3081 3052
f 3052 3081 2990
f 3052 2990 2965
f 2965 2990 2889
f 2965 2889 2867
f 2867 2889 2795
f 2867 2795 2785
f 2785 2795 2719
f 3196 3123 3103
f 3103 3123 3037
f 3103 3037 3021
f 3021 3037 2927
f 3021 2927 2913
f 2913 2927 2811
f 2913 2811 2805
f 2805 2811 2719
f 2719 2738 2751
f 2751 2738 2775
f 2751 2775 2798
f 2798 2775 2833
f 2798 2833 2873
f 2873 2833 2915
f 2873 2915 2954
f 2954 2915 2998
f 2954 2998 3043
f 3043 2998 3074
f 3043 3074 3118
f 3118 3074 3157
f 3118 3157 3205
f 3205 3157 3249
f 3205 3249 3296
f 3296 3249 3331
f 3296 3331 3379
f 3379 3331 3412
f 3379 3412 3453
f 3453 3412 3511
f 3409 3372 3329
f 3329 3372 3285
f 3329 3285 3251
f 3251 3285 3195
f 3251 3195 3156
f 3156 3195 3107
f 3156 3107 3071
f 3071 3107 3027
f 3071 3027 2992
f 2992 3027 2934
f 2992 2934 2907
f 2907 2934 2847
f 2907 2847 2815
f 2815 2847 2773
f 2815 2773 2762
f 2762 2773 2719
f 2840 2719 2835
f 3511 3545 3453
f 3453 3545 3491
f 3453 3491 3409
f 3409 3491 3442
f 3409 3442 3372
f 3372 3442 3397
f 3372 3397 3314
f 3314 3397 3346
f 3314 3346 3264
f 3264 3346 3292
f 3264 3292 3196
f 3196 3292 3216
f 3196 3216 3123
f 3123 3216 3145
f 3123 3145 3049
f 3049 3145 3065
f 3049 3065 2960
f 2960 3065 2969
f 2960 2969 2840
f 2840 2969 2848
f 2840 2848 2719
f 3695 3653 3690
f 3683 3690 3641
f 3641 3690 3653
f 3641 3653 3589
f 3589 3653 3602
f 3589 3602 3526
f 3526 3602 3543
f 3526 3543 3497
f 3497 3543 3503
f 3497 3503 3445
f 3445 3503 3460
f 3445 3460 3390
f 3390 3460 3406
f 3390 3406 3324
f 3324 3406 3342
f 3324 3342 3257
f 3257 3342 3272
f 3257 3272 3171
f 3171 3272 3178
f 3171 3178 3086
f 3086 3178 3092
f 3086 3092 2991
f 2991 3092 3000
f 2991 3000 2858
f 2858 3000 2865
f 2858 2865 2719
f 3722 3673 3719
f 3714 3719 3666
f 3666 3719 3673
f 3666 3673 3614
f 3614 3673 3623
f 3614 3623 3557
f 3557 3623 3565
f 3557 3565 3514
f 3514 3565 3522
f 3514 3522 3473
f 3473 3522 3484
f 3473 3484 3415
f 3415 3484 3421
f 3415 3421 3353
f 3353 3421 3362
f 3353 3362 3277
f 3277 3362 3286
f 3277 3286 3191
f 3191 3286 3200
f 3191 3200 3099
f 3099 3200 3108
f 3099 3108 3006
f 3006 3108 3010
f 3006 3010 2869
f 2869 3010 2874
f 2869 2874 2719
f 3676 3674 3627
f 3627 3674 3624
f 3627 3624 3568
f 3568 3624 3566
f 3568 3566 3524
f 3524 3566 3523
f 3524 3523 3489
f 3489 3523 3486
f 3489 3486 3427
f 3427 3486 3422
f 3427 3422 3364
f 3364 3422 3363
f 3364 3363 3291
f 3291 3363 3287
f 3291 3287 3202
f 3202 3287 3201
f 3202 3201 3110
f 3110 3201 3109
f 3110 3109 3012
f 3012 3109 3011
f 3012 3011 2876
f 2876 3011 2875
f 2876 2875 2719
f 3667 3655 3615
f 3615 3655 3603
f 3615 3603 3558
f 3558 3603 3544
f 3558 3544 3516
f 3516 3544 3504
f 3516 3504 3474
f 3474 3504 3461
f 3474 3461 3416
f 3416 3461 3407
f 3416 3407 3354
f 3354 3407 3344
f 3354 3344 3278
f 3278 3344 3273
f 3278 3273 3193
f 3193 3273 3181
f 3193 3181 3101
f 3101 3181 3094
f 3101 3094 3007
f 3007 3094 3001
f 3007 3001 2870
f 2870 3001 2866
f 2870 2866 2719
f 3655 3642 3603
f 3603 3642 3590
f 3603 3590 3544
f 3544 3590 3529
f 3544 3529 3504
f 3504 3529 3498
f 3504 3498 3461
f 3461 3498 3447
f 3461 3447 3407
f 3407 3447 3393
f 3407 3393 3344
f 3344 3393 3326
f 3344 3326 3273
f 3273 3326 3262
f 3273 3262 3181
f 3181 3262 3174
f 3181 3174 3094
f 3094 3174 3087
f 3094 3087 3001
f 3001 3087 2993
f 3001 2993 2866
f 2866 2993 2859
f 2866 2859 2719
f 3684 3671 3642
f 3642 3671 3621
f 3642 3621 3590
f 3590 3621 3581
f 3590 3581 3529
f 3529 3581 3507
f 3529 3507 3498
f 3498 3507 3472
f 3498 3472 3447
f 3447 3472 3426
f 3447 3426 3393
f 3393 3426 3376
f 3393 3376 3326
f 3326 3376 3311
f 3326 3311 3262
f 3262 3311 3244
f 3262 3244 3174
f 3174 3244 3162
f 3174 3162 3087
f 3087 3162 3080
f 3087 3080 2993
f 2993 3080 2981
f 2993 2981 2859
f 2859 2981 2854
f 2859 2854 2719
f 2842 2849 2961
f 2961 2849 2970
f 2961 2970 3050
f 3050 2970 3066
f 3050 3066 3125
f 3125 3066 3148
f 3125 3148 3198
f 3198 3148 3218
f 3198 3218 3267
f 3267 3218 3293
f 3267 3293 3317
f 3317 3293 3349
f 3317 3349 3373
f 3373 3349 3401
f 3373 3401 3413
f 3413 3401 3446
f 3413 3446 3455
f 3455 3446 3493
f 3455 3493 3515
f 3515 3493 3547
f 3515 3547 3571
f 3571 3547 3598
f 3571 3598 3612
f 3488 3531 3496
f 3490 3482 3496
f 3496 3482 3434
f 3496 3434 3488
f 3488 3434 3405
f 3488 3405 3414
f 3414 3405 3378
f 3414 3378 3383
f 3383 3378 3334
f 3383 3334 3333
f 3333 3334 3298
f 3333 3298 3290
f 3290 3298 3253
f 3290 3253 3230
f 3230 3253 3199
f 3230 3199 3166
f 3166 3199 3141
f 3166 3141 3105
f 3105 3141 3085
f 3105 3085 3039
f 3039 3085 3022
f 3039 3022 2947
f 2947 3022 2930
f 2947 2930 2837
f 2837 2930 2826
f 2837 2826 2719
f 3531 3583 3496
f 3496 3583 3582
f 3496 3582 3532
f 2079 2048 2105
f 2138 2120 2162
f 2162 2120 2112
f 2162 2112 2186
f 2186 2112 2082
f 2186 2082 2079
f 2079 2105 2186
f 2186 2105 2146
f 2186 2146 2149
f 2149 2177 2186
f 2186 2177 2246
f 2186 2246 2220
f 2220 2246 2271
f 2220 2271 2259
f 2259 2271 2308
f 2259 2308 2280
f 2280 2308 2330
f 2280 2330 2309
f 2309 2330 2353
f 2309 2353 2342
f 2342 2353 2381
f 2342 2381 2373
f 2373 2381 2416
f 2373 2416 2417
f 2417 2416 2452
f 2417 2452 2462
f 2462 2452 2491
f 2462 2491 2513
f 2513 2491 2536
f 2513 2536 2569
f 2569 2536 2597
f 2569 2597 2650
f 2650 2597 2661
f 2650 2661 2719
f 2284 2340 2306
f 2306 2340 2376
f 2306 2376 2335
f 2335 2376 2401
f 2335 2401 2362
f 2362 2401 2424
f 2362 2424 2382
f 2382 2424 2444
f 2382 2444 2406
f 2406 2444 2459
f 2406 2459 2431
f 2431 2459 2477
f 2431 2477 2458
f 2458 2477 2500
f 2458 2500 2487
f 2487 2500 2527
f 2487 2527 2524
f 2524 2527 2550
f 2524 2550 2555
f 2555 2550 2596
f 2555 2596 2619
f 2619 2596 2637
f 2619 2637 2673
f 2673 2637 2686
f 2673 2686 2719
f 2445 2528 2456
f 2456 2528 2535
f 2456 2535 2465
f 2465 2535 2542
f 2465 2542 2488
f 2488 2542 2552
f 2488 2552 2498
f 2498 2552 2558
f 2498 2558 2514
f 2514 2558 2572
f 2514 2572 2532
f 2532 2572 2583
f 2532 2583 2546
f 2546 2583 2609
f 2546 2609 2564
f 2564 2609 2624
f 2564 2624 2599
f 2599 2624 2641
f 2599 2641 2628
f 2628 2641 2659
f 2628 2659 2658
f 2658 2659 2685
f 2658 2685 2696
f 2696 2685 2703
f 2696 2703 2719
f 2580 2627 2630
f 2630 2627 2651
f 2763 2774 2743
f 2651 2743 2630
f 2630 2743 2774
f 2630 2774 2632
f 2632 2774 2764
f 2632 2764 2640
f 2640 2764 2758
f 2640 2758 2644
f 2784 2898 2774
f 2774 2898 2880
f 2774 2880 2764
f 2764 2880 2857
f 2764 2857 2758
f 2898 2901 2880
f 2880 2901 2953
f 2880 2953 2977
f 2977 2953 3009
f 2977 3009 3026
f 2648 2644 2755
f 2755 2644 2758
f 2755 2758 2839
f 2839 2758 2857
f 2839 2857 2955
f 2955 2857 2977
f 2955 2977 3067
f 3067 2977 3026
f 3026 3089 3067
f 3067 3089 3122
f 3067 3122 3146
f 3146 3122 3175
f 3146 3175 3221
f 2662 2652 2746
f 2746 2652 2752
f 2746 2752 2817
f 2817 2752 2832
f 2817 2832 2919
f 2919 2832 2931
f 2919 2931 3016
f 3016 2931 3045
f 3016 3045 3115
f 3115 3045 3146
f 3115 3146 3222
f 3222 3146 3221
f 3222 3221 3266
f 3289 3316 3301
f 3301 3316 3337
f 3301 3337 3403
f 2684 2669 2741
f 2741 2669 2745
f 2741 2745 2802
f 2802 2745 2808
f 2802 2808 2882
f 2882 2808 2905
f 2882 2905 2971
f 2971 2905 2994
f 2971 2994 3056
f 3056 2994 3077
f 3056 3077 3139
f 3139 3077 3177
f 3139 3177 3255
f 3255 3177 3301
f 3255 3301 3370
f 3370 3301 3403
f 3370 3403 3408
f 3477 3480 3430
f 3430 3480 3517
f 3430 3517 3494
f 3494 3517 3528
f 3494 3528 3534
f 2710 2701 2728
f 2728 2701 2730
f 2728 2730 2766
f 2766 2730 2777
f 2766 2777 2816
f 2816 2777 2846
f 2816 2846 2903
f 2903 2846 2926
f 2903 2926 2982
f 2982 2926 3019
f 2982 3019 3061
f 3061 3019 3088
f 3061 3088 3143
f 3143 3088 3170
f 3143 3170 3227
f 3227 3170 3268
f 3227 3268 3313
f 3313 3268 3380
f 3313 3380 3432
f 3432 3380 3494
f 3432 3494 3527
f 3527 3494 3534
f 3527 3534 3580
f 3580 3588 3527
f 3527 3588 3597
f 3527 3597 3570
f 3570 3597 3605
f 3570 3605 3617
f 2719 2723 2738
f 2738 2723 2754
f 2738 2754 2775
f 2775 2754 2799
f 2775 2799 2833
f 2833 2799 2871
f 2833 2871 2915
f 2915 2871 2950
f 2915 2950 2998
f 2998 2950 3036
f 2998 3036 3074
f 3074 3036 3114
f 3074 3114 3157
f 3157 3114 3194
f 3157 3194 3249
f 3249 3194 3283
f 3249 3283 3331
f 3331 3283 3374
f 3331 3374 3412
f 3412 3374 3483
f 3412 3483 3511
f 3511 3483 3570
f 3511 3570 3596
f 3596 3570 3617
f 3596 3617 3638
f 2533 2580 2535
f 2535 2580 2630
f 2535 2630 2542
f 2542 2630 2632
f 2542 2632 2552
f 2552 2632 2640
f 2552 2640 2558
f 2558 2640 2644
f 2558 2644 2572
f 2572 2644 2648
f 2572 2648 2583
f 2583 2648 2652
f 2583 2652 2609
f 2609 2652 2662
f 2609 2662 2624
f 2624 2662 2669
f 2624 2669 2641
f 2641 2669 2684
f 2641 2684 2659
f 2659 2684 2694
f 2659 2694 2685
f 2685 2694 2701
f 2685 2701 2703
f 2703 2701 2710
f 2703 2710 2719
f 3661 3678 3619
f 3619 3678 3641
f 3619 3641 3577
f 3577 3641 3589
f 3577 3589 3505
f 3505 3589 3526
f 3505 3526 3471
f 3471 3526 3497
f 3471 3497 3423
f 3423 3497 3445
f 3423 3445 3375
f 3375 3445 3390
f 3375 3390 3309
f 3309 3390 3324
f 3309 3324 3242
f 3242 3324 3257
f 3242 3257 3160
f 3160 3257 3171
f 3160 3171 3079
f 3079 3171 3086
f 3079 3086 2980
f 2980 3086 2991
f 2980 2991 2853
f 2853 2991 2858
f 2853 2858 2719
f 3699 3711 3653
f 3653 3711 3666
f 3653 3666 3602
f 3602 3666 3614
f 3602 3614 3543
f 3543 3614 3557
f 3543 3557 3503
f 3503 3557 3514
f 3503 3514 3460
f 3460 3514 3473
f 3460 3473 3406
f 3406 3473 3415
f 3406 3415 3342
f 3342 3415 3353
f 3342 3353 3272
f 3272 3353 3277
f 3272 3277 3178
f 3178 3277 3191
f 3178 3191 3092
f 3092 3191 3099
f 3092 3099 3000
f 3000 3099 3006
f 3000 3006 2865
f 2865 3006 2869
f 2865 2869 2719
f 3723 3728 3673
f 3673 3728 3676
f 3673 3676 3623
f 3623 3676 3627
f 3623 3627 3565
f 3565 3627 3568
f 3565 3568 3522
f 3522 3568 3524
f 3522 3524 3484
f 3484 3524 3489
f 3484 3489 3421
f 3421 3489 3427
f 3421 3427 3362
f 3362 3427 3364
f 3362 3364 3286
f 3286 3364 3291
f 3286 3291 3200
f 3200 3291 3202
f 3200 3202 3108
f 3108 3202 3110
f 3108 3110 3010
f 3010 3110 3012
f 3010 3012 2874
f 2874 3012 2876
f 2874 2876 2719
f 3728 3727 3676
f 3676 3727 3726
f 3676 3726 3674
f 3674 3726 3721
f 3674 3721 3720
f 3720 3717 3674
f 3674 3717 3667
f 3674 3667 3624
f 3624 3667 3615
f 3624 3615 3566
f 3566 3615 3558
f 3566 3558 3523
f 3523 3558 3516
f 3523 3516 3486
f 3486 3516 3474
f 3486 3474 3422
f 3422 3474 3416
f 3422 3416 3363
f 3363 3416 3354
f 3363 3354 3287
f 3287 3354 3278
f 3287 3278 3201
f 3201 3278 3193
f 3201 3193 3109
f 3109 3193 3101
f 3109 3101 3011
f 3011 3101 3007
f 3011 3007 2875
f 2875 3007 2870
f 2875 2870 2719
f 3717 3715 3667
f 3667 3715 3710
f 3667 3710 3655
f 3655 3710 3700
f 3655 3700 3642
f 3642 3700 3691
f 3642 3691 3688
f 3648 3646 3598
f 3598 3646 3640
f 3598 3640 3612
f 3663 3648 3621
f 3621 3648 3598
f 3621 3598 3581
f 3581 3598 3547
f 3581 3547 3507
f 3507 3547 3493
f 3507 3493 3472
f 3472 3493 3446
f 3472 3446 3426
f 3426 3446 3401
f 3426 3401 3376
f 3376 3401 3349
f 3376 3349 3311
f 3311 3349 3293
f 3311 3293 3244
f 3244 3293 3218
f 3244 3218 3162
f 3162 3218 3148
f 3162 3148 3080
f 3080 3148 3066
f 3080 3066 2981
f 2981 3066 2970
f 2981 2970 2854
f 2854 2970 2849
f 2854 2849 2719
f 3606 3591 3571
f 3571 3591 3531
f 3571 3531 3515
f 3515 3531 3488
f 3515 3488 3455
f 3455 3488 3414
f 3455 3414 3413
f 3413 3414 3383
f 3413 3383 3373
f 3373 3383 3333
f 3373 3333 3317
f 3317 3333 3290
f 3317 3290 3267
f 3267 3290 3230
f 3267 3230 3198
f 3198 3230 3166
f 3198 3166 3125
f 3125 3166 3105
f 3125 3105 3050
f 3050 3105 3039
f 3050 3039 2961
f 2961 3039 2947
f 2961 2947 2842
f 2842 2947 2837
f 2842 2837 2719
f 3638 3651 3596
f 3596 3651 3619
f 3596 3619 3545
f 3545 3619 3577
f 3545 3577 3491
f 3491 3577 3505
f 3491 3505 3442
f 3442 3505 3471
f 3442 3471 3397
f 3397 3471 3423
f 3397 3423 3346
f 3346 3423 3375
f 3346 3375 3292
f 3292 3375 3309
f 3292 3309 3216
f 3216 3309 3242
f 3216 3242 3145
f 3145 3242 3160
f 3145 3160 3065
f 3065 3160 3079
f 3065 3079 2969
f 2969 3079 2980
f 2969 2980 2848
f 2848 2980 2853
f 2848 2853 2719
f 4857 4873 4949
f 4873 4909 4949
f 4949 4909 4944
f 4949 4944 4973
f 4870 4838 4900
f 4900 4838 4807
f 4900 4807 4788
f 4949 4923 4768
f 4768 4923 4900
f 4768 4900 4769
f 4769 4900 4788
f 4857 4949 4855
f 4855 4949 4768
f 4855 4768 4750
f 4750 4742 4855
f 4855 4742 4717
f 4855 4717 4709
f 4709 4717 4693
f 4709 4693 4686
f 4733 4749 4709
f 4709 4749 4793
f 4793 4822 4709
f 4709 4822 4834
f 4709 4834 4855
f 7157 7129 7122
f 7155 7168 7143
f 7143 7168 7161
f 7116 7118 7157
f 7157 7118 7124
f 7157 7124 7161
f 7161 7124 7131
f 7161 7131 7143
f 7116 7157 7115
f 7115 7157 7122
f 7115 7122 7117
f 7129 7157 7136
f 7136 7157 7162
f 7136 7162 7137
f 7137 7162 7167
f 7137 7167 7150
f 7150 7167 7175
f 7150 7175 7179
f 7179 7175 7185
f 7179 7185 7196
f 7196 7185 7193
f 7196 7193 7223
f 7391 7398 7404
f 7414 7410 7407
f 7406 7397 7390
f 7390 7397 7376
f 7390 7376 7362
f 7362 7376 7316
f 7362 7316 7277
f 7277 7316 7278
f 7277 7278 7274
f 7274 7278 7268
f 7274 7268 7246
f 7246 7268 7241
f 7246 7241 7226
f 7226 7241 7224
f 7226 7224 7199
f 7199 7224 7200
f 7199 7200 7182
f 7182 7200 7186
f 7182 7186 7155
f 7155 7186 7177
f 7155 7177 7168
f 7193 7213 7223
f 7223 7213 7235
f 7223 7235 7245
f 7245 7235 7259
f 7245 7259 7280
f 7280 7259 7279
f 7280 7279 7281
f 7281 7279 7283
f 7281 7283 7364
f 7364 7283 7368
f 7364 7368 7386
f 7386 7368 7391
f 7386 7391 7393
f 7393 7391 7404
f 7415 7417 7411
f 7411 7417 7414
f 7411 7414 7408
f 7408 7414 7407
f 7408 7407 7406
f 7406 7407 7404
f 7406 7404 7397
f 7397 7404 7398
f 6032 6025 6040
f 6040 6025 6030
f 6034 5992 6037
f 6037 5992 6005
f 6048 6054 6033
f 6025 5917 5942
f 6054 6059 6033
f 6033 6059 6062
f 6033 6062 6031
f 6031 6062 6060
f 6031 6060 6023
f 6023 6060 6056
f 6023 6056 6013
f 6013 6056 6049
f 6013 6049 6005
f 6005 6049 6044
f 6005 6044 6037
f 5942 5956 6025
f 6025 5956 5974
f 6025 5974 5986
f 6032 6040 6033
f 6033 6040 6045
f 6033 6045 6048
f 5986 6004 6025
f 6025 6004 6014
f 6025 6014 6030
f 5768 5778 5754
f 5754 5778 5775
f 5775 5778 5789
f 5775 5789 5791
f 5791 5789 5805
f 5791 5805 5812
f 5812 5805 5819
f 5812 5819 5838
f 5838 5819 5839
f 5838 5839 5848
f 5754 5738 5768
f 5768 5738 5728
f 5768 5728 5758
f 5758 5728 5723
f 5758 5723 5753
f 5753 5723 5749
f 5817 5800 5857
f 5857 5800 5832
f 5857 5832 5859
f 5859 5832 5849
f 5859 5849 5917
f 5917 5849 5937
f 5917 5937 5942
f 5723 5718 5749
f 5749 5718 5710
f 5749 5710 5745
f 5745 5710 5709
f 5745 5709 5747
f 5747 5709 5712
f 5747 5712 5752
f 5752 5712 5721
f 5752 5721 5766
f 5766 5721 5729
f 5766 5729 5783
f 5783 5729 5735
f 5783 5735 5817
f 5817 5735 5761
f 5817 5761 5800
f 5848 5839 5862
f 5862 5839 5846
f 5862 5846 5874
f 5874 5846 5860
f 5874 5860 5892
f 5892 5860 5871
f 5892 5871 5907
f 5907 5871 5886
f 5907 5886 5932
f 5932 5886 5906
f 5932 5906 5944
f 5944 5906 5931
f 5944 5931 5953
f 5953 5931 5941
f 5953 5941 5972
f 5972 5941 5952
f 5972 5952 5989
f 5989 5952 6007
f 6007 5952 5961
f 6007 5961 6021
f 6021 5961 5980
f 6021 5980 6034
f 6034 5980 5988
f 6034 5988 5992
f 5930 5855 5877
f 6506 6403 6319
f 5591 5679 5720
f 5845 5865 5891
f 6308 6345 6242
f 6242 6345 6252
f 7233 7234 7165
f 6859 6927 6942
f 5985 6051 6071
f 6801 6839 6681
f 7085 7139 7152
f 6446 6415 6551
f 6534 6638 6655
f 6735 6790 6812
f 6812 6790 7002
f 6421 6453 6485
f 6089 5957 5990
f 6233 6197 6218
f 7252 7242 7109
f 7250 7197 7166
f 7231 7273 7301
f 5305 5294 5369
f 5081 4960 5114
f 5542 5593 5582
f 5550 5412 5540
f 5641 5696 5691
f 6029 6028 5921
f 5967 5981 5887
f 4976 5076 5158
f 4390 4330 4414
f 5827 5868 5898
f 4384 4292 4223
f 3093 3059 3448
f 3620 3540 3795
f 3448 3340 3682
f 3340 3448 3137
f 4139 4218 4007
f 3629 3828 3616
f 5552 5573 5382
f 5304 5329 5167
f 4836 4805 4948
f 6931 6816 6757
f 5130 5133 5137
f 5387 5450 5438
f 5144 5135 5118
f 4960 4923 4938
f 4938 4950 4960
f 4960 4950 4963
f 4960 4963 5114
f 4963 4973 5114
f 5114 4973 4944
f 5114 4944 4925
f 4925 4944 4909
f 4925 4909 4873
f 4873 4857 4925
f 4925 4857 4855
f 4925 4855 4834
f 5003 4979 5004
f 5004 4979 5006
f 5003 5007 4979
f 4979 5007 5009
f 4979 5009 5011
f 5011 5014 4979
f 4979 5014 5016
f 4979 5016 5017
f 5028 5027 4927
f 5039 5033 5010
f 5010 5033 5028
f 5027 5019 4927
f 4927 5019 5013
f 4927 5013 5012
f 5012 5008 4927
f 4927 5008 5005
f 4927 5005 4964
f 5006 4979 5005
f 5005 4979 4970
f 5005 4970 4964
f 5135 5112 5118
f 5118 5112 5089
f 5118 5089 5010
f 5089 5080 5010
f 5010 5080 5070
f 5010 5070 5054
f 5054 5053 5010
f 5010 5053 5045
f 5010 5045 5039
f 5189 5193 5182
f 5182 5181 5189
f 5189 5181 5153
f 5189 5153 5118
f 5118 5153 5147
f 5118 5147 5144
f 5264 5257 5255
f 5255 5257 5240
f 5255 5240 5189
f 5189 5240 5216
f 5189 5216 5193
f 5331 5318 5310
f 5310 5318 5291
f 5310 5291 5255
f 5255 5291 5267
f 5255 5267 5264
f 5443 5435 5404
f 5435 5432 5404
f 5404 5432 5420
f 5404 5420 5409
f 5384 5376 5357
f 5357 5376 5372
f 5357 5372 5310
f 5310 5372 5339
f 5310 5339 5331
f 5409 5408 5404
f 5404 5408 5398
f 5404 5398 5357
f 5357 5398 5386
f 5357 5386 5384
f 5456 5454 5447
f 5447 5454 5444
f 5447 5444 5443
f 5512 5507 5538
f 5538 5507 5502
f 5538 5502 5501
f 5501 5498 5538
f 5538 5498 5493
f 5538 5493 5490
f 5490 5485 5538
f 5538 5485 5481
f 5538 5481 5473
f 5473 5466 5538
f 5538 5466 5460
f 5538 5460 5447
f 5447 5460 5458
f 5447 5458 5456
f 5514 5513 5566
f 5536 5532 5581
f 5532 5530 5581
f 5581 5530 5526
f 5581 5526 5521
f 5521 5519 5581
f 5581 5519 5518
f 5581 5518 5516
f 5531 5533 5543
f 5543 5533 5534
f 5517 5523 5543
f 5543 5523 5524
f 5524 5527 5543
f 5543 5527 5528
f 5543 5528 5531
f 5504 5508 5548
f 5548 5508 5515
f 5479 5476 5557
f 5557 5476 5488
f 5464 5465 5479
f 5479 5465 5475
f 5479 5475 5476
f 5478 5442 5459
f 5415 5417 5469
f 5469 5417 5422
f 5469 5422 5439
f 5383 5394 5387
f 5387 5394 5395
f 5387 5395 5450
f 5356 5365 5387
f 5365 5368 5387
f 5387 5368 5375
f 5387 5375 5383
f 5356 5387 5438
f 5356 5438 5349
f 5349 5438 5423
f 5349 5423 5338
f 5338 5423 5330
f 5330 5423 5403
f 5330 5403 5316
f 5316 5403 5314
f 5314 5403 5392
f 5314 5392 5299
f 5362 5287 5392
f 5392 5287 5296
f 5392 5296 5299
f 5262 5276 5261
f 5261 5276 5281
f 5261 5281 5283
f 5208 5229 5227
f 5227 5229 5245
f 5227 5245 5261
f 5261 5245 5253
f 5261 5253 5262
f 5152 5174 5173
f 5173 5174 5192
f 5173 5192 5227
f 5227 5192 5203
f 5227 5203 5208
f 4962 4925 4955
f 4955 4925 4937
f 4962 4967 4925
f 4925 4967 4997
f 4925 4997 5114
f 5114 4997 5061
f 5061 5093 5114
f 5114 5093 5140
f 5114 5140 5173
f 5173 5140 5151
f 5173 5151 5152
f 4775 4783 4856
f 4856 4783 4794
f 4856 4794 4863
f 4863 4794 4827
f 4856 4881 4775
f 4775 4881 4915
f 4775 4915 4925
f 4925 4915 4928
f 4925 4928 4937
f 4994 5059 4987
f 4987 5059 5042
f 4987 5042 4974
f 4974 5042 5021
f 4974 5021 4951
f 4951 5021 5000
f 4951 5000 4946
f 4946 5000 4992
f 4946 4992 4926
f 4926 4992 4982
f 4926 4982 4913
f 4913 4982 4961
f 4913 4961 4890
f 4890 4961 4959
f 4890 4959 4882
f 4882 4959 4933
f 4882 4933 4840
f 4840 4933 4904
f 4840 4904 4827
f 4827 4904 4898
f 4827 4898 4863
f 5109 5107 5067
f 5067 5107 5101
f 5067 5101 5057
f 5057 5101 5096
f 5057 5096 5046
f 5046 5096 5094
f 5046 5094 5036
f 5036 5094 5077
f 5036 5077 4998
f 4998 5077 5063
f 4998 5063 4994
f 4994 5063 5060
f 4994 5060 5059
f 5095 5105 5132
f 5132 5105 5108
f 5132 5108 5134
f 5134 5108 5113
f 5134 5113 5141
f 5067 5075 5109
f 5109 5075 5084
f 5109 5084 5120
f 5120 5084 5091
f 5120 5091 5122
f 5122 5091 5095
f 5122 5095 5125
f 5125 5095 5132
f 5141 5113 5139
f 5139 5113 5123
f 5139 5123 5137
f 5137 5123 5126
f 5137 5126 5130
f 4834 4822 4925
f 4925 4822 4793
f 4925 4793 4775
f 4775 4793 4749
f 4775 4749 4733
f 4733 4709 4775
f 4775 4709 4676
f 4775 4676 4648
f 6831 6827 6765
f 6765 6827 6824
f 6765 6824 6766
f 6838 6759 6840
f 6840 6759 6841
f 6838 6836 6759
f 6759 6836 6834
f 6759 6834 6765
f 6765 6834 6832
f 6765 6832 6831
f 6852 6851 6750
f 6750 6851 6848
f 6750 6848 6759
f 6759 6848 6844
f 6759 6844 6841
f 6864 6861 6739
f 6739 6861 6860
f 6739 6860 6750
f 6750 6860 6855
f 6750 6855 6852
f 6911 6899 6816
f 6931 6930 6816
f 6816 6930 6914
f 6816 6914 6911
f 6899 6891 6816
f 6816 6891 6888
f 6816 6888 6885
f 6885 6877 6816
f 6816 6877 6876
f 6816 6876 6871
f 7068 7105 7086
f 7071 7007 6900
f 7071 6900 7072
f 7007 6962 6900
f 6900 6962 6961
f 6900 6961 6959
f 7135 7133 7068
f 7068 7133 7111
f 7068 7111 7105
f 7209 7204 7197
f 7197 7204 7183
f 7248 7239 7250
f 7250 7239 7197
f 7197 7239 7214
f 7197 7214 7209
f 7263 7264 7257
f 7334 7341 7263
f 7263 7341 7343
f 7263 7343 7346
f 7264 7263 7267
f 7267 7263 7346
f 7267 7346 7270
f 7270 7346 7348
f 7270 7348 7271
f 7271 7348 7282
f 7282 7348 7350
f 7282 7350 7352
f 7355 7308 7352
f 7352 7308 7286
f 7352 7286 7282
f 7324 7323 7356
f 7356 7323 7320
f 7356 7320 7315
f 7315 7313 7356
f 7356 7313 7312
f 7356 7312 7355
f 7355 7312 7310
f 7355 7310 7308
f 7337 7332 7358
f 7358 7332 7330
f 7358 7330 7359
f 7359 7330 7329
f 7359 7329 7356
f 7356 7329 7326
f 7356 7326 7324
f 7349 7331 7351
f 7351 7331 7333
f 7351 7333 7353
f 7353 7333 7336
f 7353 7336 7354
f 7354 7336 7338
f 7354 7338 7357
f 7357 7338 7340
f 7357 7340 7358
f 7358 7340 7339
f 7358 7339 7337
f 7345 7318 7319
f 7319 7322 7345
f 7345 7322 7325
f 7345 7325 7347
f 7347 7325 7327
f 7347 7327 7349
f 7349 7327 7328
f 7349 7328 7331
f 7306 7307 7335
f 7335 7307 7317
f 7318 7345 7317
f 7317 7345 7342
f 7317 7342 7335
f 7290 7297 7314
f 7314 7297 7298
f 7314 7298 7299
f 7299 7300 7314
f 7314 7300 7304
f 7314 7304 7335
f 7335 7304 7305
f 7335 7305 7306
f 7265 7266 7302
f 7254 7255 7258
f 7266 7272 7302
f 7302 7272 7276
f 7302 7276 7314
f 7314 7276 7289
f 7314 7289 7290
f 7255 7254 7253
f 7253 7254 7251
f 7253 7251 7243
f 7194 7201 7198
f 7198 7201 7211
f 7198 7211 7219
f 7132 7144 7102
f 7102 7144 7148
f 6998 7032 6965
f 6965 7032 7081
f 7088 7095 7102
f 7095 7107 7102
f 7102 7107 7123
f 7102 7123 7132
f 6922 6738 6912
f 6912 6738 6746
f 6926 6943 6981
f 6943 6969 6981
f 6981 6969 6982
f 6981 6982 6994
f 6880 6887 6746
f 6746 6887 6896
f 6896 6897 6746
f 6746 6897 6910
f 6746 6910 6912
f 6754 6761 6842
f 6842 6843 6754
f 6754 6843 6846
f 6754 6846 6854
f 6854 6863 6754
f 6754 6863 6865
f 6754 6865 6866
f 6866 6874 6754
f 6754 6874 6875
f 6754 6875 6746
f 6746 6875 6879
f 6746 6879 6880
f 6833 6835 6761
f 6761 6835 6837
f 6761 6837 6842
f 6824 6821 6766
f 6766 6821 6820
f 6766 6820 6764
f 6764 6820 6819
f 6764 6819 6822
f 6822 6823 6764
f 6764 6823 6825
f 6764 6825 6761
f 6761 6825 6828
f 6761 6828 6833
f 4588 4548 4719
f 4418 4377 4623
f 4623 4377 4588
f 4623 4588 4836
f 4836 4588 4719
f 4836 4719 4805
f 5366 5284 5234
f 5234 5284 5106
f 5234 5106 5015
f 5015 5106 4912
f 5015 4912 4869
f 4869 4912 4661
f 4463 4661 4697
f 4697 4661 4912
f 4697 4912 4952
f 4952 4912 5106
f 4337 4294 4410
f 4948 5015 4836
f 4836 5015 4869
f 4836 4869 4623
f 4623 4869 4661
f 4623 4661 4418
f 4418 4661 4463
f 5328 5352 5178
f 5510 5329 5467
f 5467 5329 5304
f 5467 5304 5433
f 5220 4999 4958
f 4958 4999 4782
f 4958 4782 4731
f 4731 4782 4576
f 4980 5167 5215
f 5215 5167 5329
f 5215 5329 5358
f 5358 5329 5510
f 5358 5510 5552
f 5378 5401 5248
f 5248 5401 5274
f 5248 5274 5068
f 5068 5274 5138
f 5068 5138 4872
f 4872 5138 4929
f 4872 4929 4820
f 5401 5433 5274
f 5274 5433 5304
f 5274 5304 5138
f 5138 5304 5167
f 5138 5167 4929
f 4929 5167 4980
f 4929 4980 4820
f 4820 4980 4786
f 4820 4786 4728
f 4999 4823 4782
f 4782 4823 4726
f 4782 4726 4576
f 4576 4726 4624
f 4576 4624 4527
f 4105 4319 4371
f 4371 4319 4542
f 4371 4542 4599
f 4599 4542 4780
f 4599 4780 4817
f 4817 4780 5037
f 4817 5037 5092
f 2922 3135 3240
f 3240 3135 3176
f 3240 3176 3616
f 3616 3176 3553
f 3616 3553 3629
f 2936 2831 3137
f 3448 3059 3137
f 3137 3059 2942
f 3137 2942 2936
f 4294 4337 4057
f 4057 4337 4139
f 4057 4139 4045
f 4045 4139 3914
f 4045 3914 3828
f 3828 3914 3682
f 3828 3682 3616
f 3616 3682 3340
f 3616 3340 3240
f 3240 3340 3137
f 3240 3137 2922
f 2922 3137 2831
f 2922 2831 2702
f 5308 5092 5184
f 5184 5092 5037
f 5184 5037 4988
f 4988 5037 4780
f 4988 4780 4739
f 4739 4780 4542
f 4739 4542 4503
f 4503 4542 4319
f 4503 4319 4218
f 4218 4319 4105
f 4218 4105 4007
f 4007 4105 3904
f 4007 3904 3795
f 3795 3904 3696
f 3795 3696 3620
f 3620 3696 3381
f 3620 3381 3356
f 3356 3297 3620
f 3620 3297 3271
f 3620 3271 3540
f 3540 3271 3169
f 3540 3169 3155
f 4139 4007 3914
f 3914 4007 3795
f 3914 3795 3682
f 3682 3795 3540
f 3682 3540 3448
f 3448 3540 3155
f 3448 3155 3093
f 4211 4065 4257
f 4433 4314 4527
f 4527 4314 4420
f 4527 4420 4576
f 4576 4420 4524
f 4576 4524 4731
f 4728 4786 4632
f 4632 4786 4600
f 4632 4600 4537
f 4537 4433 4632
f 4632 4433 4527
f 4632 4527 4728
f 4728 4527 4624
f 4728 4624 4820
f 4820 4624 4726
f 4820 4726 4872
f 4872 4726 4823
f 4872 4823 5068
f 5068 4823 4999
f 5068 4999 5248
f 5248 4999 5220
f 5248 5220 5378
f 4259 4353 4412
f 4412 4353 4451
f 4211 4122 4065
f 4065 4122 4026
f 4065 4026 3884
f 3833 3769 3851
f 3851 3769 3754
f 3851 3754 3724
f 4026 3933 3884
f 3884 3933 3851
f 3884 3851 3734
f 3734 3851 3724
f 4331 4451 4226
f 4226 4451 4353
f 4226 4353 4149
f 4149 4353 4259
f 4149 4259 4054
f 4223 4095 4174
f 4174 4095 3963
f 4010 4095 4041
f 4041 4095 4223
f 4041 4223 4069
f 3963 4054 4174
f 4174 4054 4259
f 4174 4259 4223
f 4223 4259 4412
f 4223 4412 4384
f 4384 4412 4473
f 4384 4473 4445
f 4010 3983 4095
f 4095 3983 3932
f 4095 3932 3963
f 3963 3932 3892
f 3963 3892 3870
f 3870 3833 3963
f 3963 3833 3851
f 3963 3851 4054
f 4054 3851 3933
f 4054 3933 4149
f 4149 3933 4026
f 4149 4026 4226
f 4226 4026 4122
f 4226 4122 4331
f 4331 4122 4211
f 3724 3607 3734
f 3734 3607 3587
f 3734 3587 3573
f 5328 5178 5149
f 5149 5178 4907
f 5149 4907 4859
f 4859 4907 4687
f 4859 4687 4638
f 4638 4687 4474
f 4638 4474 4424
f 4424 4474 4257
f 4424 4257 4204
f 4204 4257 4065
f 4204 4065 4013
f 4013 4065 3884
f 4013 3884 3821
f 3821 3884 3734
f 3821 3734 3572
f 3572 3734 3573
f 3572 3573 3411
f 5573 5597 5410
f 5573 5410 5382
f 5382 5410 5279
f 5382 5279 5251
f 5251 5279 5104
f 5251 5104 5043
f 4825 5043 4986
f 4986 5043 5104
f 4986 5104 5159
f 5159 5104 5279
f 5159 5279 5312
f 5312 5279 5410
f 5312 5410 5448
f 5448 5410 5597
f 5448 5597 5619
f 5634 5505 5615
f 5615 5505 5463
f 5763 5810 5658
f 5868 5827 5847
f 5724 5611 5700
f 5700 5611 5587
f 5700 5587 5681
f 5681 5587 5570
f 5332 5463 5416
f 5416 5463 5505
f 5416 5505 5545
f 5545 5505 5634
f 5545 5634 5658
f 5441 5587 5560
f 5560 5587 5611
f 5560 5611 5625
f 5625 5611 5724
f 5625 5724 5737
f 5159 5051 4986
f 4986 5051 4883
f 4986 4883 4825
f 4825 4883 4796
f 4825 4796 4743
f 4743 4796 4705
f 4743 4705 4652
f 4652 4705 4620
f 4586 4620 4669
f 4669 4620 4705
f 4669 4705 4760
f 4760 4705 4796
f 4760 4796 4841
f 4841 4796 4883
f 4841 4883 4943
f 4943 4883 5051
f 5552 5382 5358
f 5358 5382 5251
f 5358 5251 5215
f 5215 5251 5043
f 5215 5043 4980
f 4980 5043 4825
f 4980 4825 4786
f 4786 4825 4743
f 4786 4743 4600
f 4600 4743 4652
f 4600 4652 4559
f 4559 4652 4620
f 4559 4620 4531
f 4531 4620 4586
f 4531 4586 4498
f 4478 4498 4555
f 4555 4498 4586
f 4555 4586 4643
f 4643 4586 4669
f 4643 4669 4724
f 4724 4669 4760
f 4724 4760 4808
f 4808 4760 4841
f 4808 4841 4902
f 4902 4841 4943
f 4902 4943 4991
f 4991 4943 5051
f 4991 5051 5117
f 5117 5051 5159
f 5117 5159 5204
f 5204 5159 5312
f 5204 5312 5342
f 5342 5312 5448
f 5342 5448 5495
f 5495 5448 5619
f 5495 5619 5642
f 4292 4384 4357
f 4357 4384 4445
f 4357 4445 4414
f 4390 4299 4296
f 4296 4286 4390
f 4390 4286 4239
f 4390 4239 4330
f 4330 4239 4236
f 4330 4236 4267
f 4267 4236 4190
f 4500 4423 4402
f 4402 4452 4500
f 4500 4452 4530
f 4500 4530 4584
f 4584 4530 4615
f 4584 4615 4664
f 4664 4615 4695
f 4664 4695 4747
f 4747 4695 4779
f 4747 4779 4824
f 4824 4779 4860
f 4824 4860 4916
f 4916 4860 4957
f 4916 4957 5001
f 5001 4957 5062
f 5001 5062 5136
f 5136 5062 5163
f 5136 5163 5210
f 5210 5163 5242
f 5210 5242 5273
f 5273 5242 5363
f 5273 5363 5391
f 5391 5363 5541
f 5391 5541 5568
f 5568 5541 5665
f 5568 5665 5717
f 4496 4551 4610
f 4610 4551 4634
f 4610 4634 4684
f 4684 4634 4716
f 4684 4716 4766
f 4766 4716 4798
f 4766 4798 4839
f 4839 4798 4874
f 4839 4874 4931
f 4931 4874 4971
f 4931 4971 5025
f 5025 4971 5074
f 5025 5074 5146
f 5146 5074 5169
f 5146 5169 5217
f 5217 5169 5246
f 5217 5246 5275
f 5275 5246 5307
f 5275 5307 5332
f 5332 5307 5425
f 5332 5425 5463
f 5463 5425 5588
f 5463 5588 5615
f 4496 4479 4551
f 4551 4479 4472
f 4551 4472 4458
f 5658 5634 5763
f 5763 5634 5615
f 5763 5615 5717
f 5717 5615 5588
f 5717 5588 5568
f 5568 5588 5425
f 5568 5425 5391
f 5391 5425 5307
f 5391 5307 5273
f 5273 5307 5246
f 5273 5246 5210
f 5210 5246 5169
f 5210 5169 5136
f 5136 5169 5074
f 5136 5074 5001
f 5001 5074 4971
f 5001 4971 4916
f 4916 4971 4874
f 4916 4874 4824
f 4824 4874 4798
f 4824 4798 4747
f 4747 4798 4716
f 4747 4716 4664
f 4664 4716 4634
f 4664 4634 4584
f 4584 4634 4551
f 4584 4551 4500
f 4500 4551 4458
f 4500 4458 4423
f 4402 4378 4452
f 4452 4378 4363
f 4452 4363 4351
f 5158 5076 5230
f 5230 5076 5164
f 5230 5164 5286
f 5286 5164 5237
f 5286 5237 5337
f 5337 5237 5292
f 5337 5292 5385
f 5385 5292 5348
f 5385 5348 5452
f 5452 5348 5397
f 5452 5397 5544
f 5544 5397 5472
f 5544 5472 5594
f 4630 4621 4696
f 4696 4621 4592
f 5492 5406 5381
f 5381 5406 5353
f 5381 5353 5327
f 5327 5353 5300
f 5327 5300 5272
f 5272 5300 5243
f 5272 5243 5219
f 5219 5243 5175
f 5219 5175 5148
f 5148 5175 5088
f 5148 5088 5031
f 5031 5088 4981
f 5031 4981 4939
f 4939 4981 4894
f 4939 4894 4846
f 4846 4894 4814
f 4846 4814 4776
f 4776 4814 4738
f 4776 4738 4696
f 5570 5587 5492
f 5492 5587 5441
f 5492 5441 5406
f 5406 5441 5377
f 5406 5377 5353
f 5353 5377 5322
f 5353 5322 5300
f 5300 5322 5269
f 5300 5269 5243
f 5243 5269 5213
f 5243 5213 5175
f 5175 5213 5145
f 5175 5145 5088
f 5088 5145 5030
f 5088 5030 4981
f 4981 5030 4941
f 4981 4941 4894
f 4894 4941 4847
f 4894 4847 4814
f 4814 4847 4778
f 4814 4778 4738
f 4706 4699 4778
f 4778 4699 4672
f 4778 4672 4738
f 4738 4672 4660
f 4738 4660 4696
f 4696 4660 4635
f 4696 4635 4630
f 4976 4930 4891
f 4891 4930 4844
f 4891 4844 4811
f 4815 4802 4879
f 4879 4802 4790
f 5158 5064 4976
f 4976 5064 4969
f 4976 4969 4930
f 4930 4969 4879
f 4930 4879 4844
f 4844 4879 4790
f 4844 4790 4773
f 4773 4772 4844
f 4844 4772 4751
f 4844 4751 4811
f 4811 4751 4736
f 4811 4736 4713
f 5737 5643 5625
f 5625 5643 5594
f 5625 5594 5560
f 5560 5594 5472
f 5560 5472 5441
f 5441 5472 5397
f 5441 5397 5377
f 5377 5397 5348
f 5377 5348 5322
f 5322 5348 5292
f 5322 5292 5269
f 5269 5292 5237
f 5269 5237 5213
f 5213 5237 5164
f 5213 5164 5145
f 5145 5164 5076
f 5145 5076 5030
f 5030 5076 4976
f 5030 4976 4941
f 4941 4976 4891
f 4941 4891 4847
f 4847 4891 4811
f 4847 4811 4778
f 4778 4811 4713
f 4778 4713 4706
f 5416 5359 5332
f 5332 5359 5306
f 5332 5306 5275
f 5275 5306 5247
f 5275 5247 5217
f 5217 5247 5176
f 5217 5176 5146
f 5146 5176 5086
f 5146 5086 5025
f 5025 5086 4977
f 5025 4977 4931
f 4931 4977 4889
f 4931 4889 4839
f 4839 4889 4806
f 4839 4806 4766
f 4766 4806 4729
f 4766 4729 4684
f 4684 4729 4653
f 4684 4653 4610
f 4610 4653 4575
f 4610 4575 4544
f 4544 4540 4610
f 4610 4540 4525
f 4610 4525 4496
f 4190 4187 4267
f 4267 4187 4150
f 4267 4150 4207
f 4207 4150 4128
f 4207 4128 4094
f 4414 4330 4357
f 4357 4330 4267
f 4357 4267 4292
f 4292 4267 4207
f 4292 4207 4223
f 4223 4207 4094
f 4223 4094 4069
f 5837 5896 5856
f 5856 5896 5924
f 5856 5924 5870
f 5870 5924 5878
f 5784 5770 5836
f 5836 5770 5739
f 5836 5739 5802
f 5802 5739 5713
f 5802 5713 5771
f 5771 5713 5680
f 5771 5680 5734
f 6012 6019 5919
f 5804 5887 5897
f 5897 5887 5981
f 5897 5981 5991
f 5695 5804 5811
f 5811 5804 5897
f 5811 5897 5904
f 5904 5897 5991
f 5904 5991 6002
f 6002 5991 6058
f 6012 5919 5915
f 5915 5919 5828
f 5915 5828 5825
f 5831 5834 5867
f 5867 5834 5866
f 5867 5866 5925
f 5925 5866 5923
f 5925 5923 6026
f 5734 5837 5771
f 5771 5837 5856
f 5771 5856 5802
f 5802 5856 5870
f 5802 5870 5836
f 5836 5870 5878
f 5836 5878 5784
f 5784 5878 5792
f 5784 5792 5682
f 5682 5792 5689
f 5577 5626 5659
f 5609 5659 5686
f 5513 5512 5566
f 5566 5512 5538
f 5566 5538 5613
f 5613 5538 5585
f 5613 5585 5661
f 5661 5585 5635
f 5896 5958 5924
f 5924 5958 5967
f 5924 5967 5878
f 5878 5967 5887
f 5878 5887 5792
f 5792 5887 5804
f 5792 5804 5689
f 5689 5804 5695
f 5689 5695 5595
f 5704 5825 5707
f 5707 5825 5828
f 5707 5828 5765
f 5831 5765 5834
f 5834 5765 5828
f 5834 5828 5866
f 5866 5828 5919
f 5866 5919 5923
f 5923 5919 6019
f 5923 6019 6026
f 5589 5581 5629
f 5516 5514 5581
f 5581 5514 5566
f 5581 5566 5629
f 5629 5566 5613
f 5629 5613 5670
f 5670 5613 5661
f 5670 5661 5714
f 5714 5661 5635
f 5603 5704 5655
f 5655 5704 5707
f 5655 5707 5705
f 5705 5707 5765
f 5705 5765 5762
f 5762 5765 5831
f 5762 5831 5824
f 5824 5831 5867
f 5824 5867 5921
f 5921 5867 5925
f 5921 5925 6029
f 6029 5925 6026
f 5855 5741 5877
f 5877 5741 5716
f 5877 5716 5905
f 5905 5716 5787
f 5905 5787 5935
f 5935 5787 5833
f 5935 5833 5951
f 5951 5833 5852
f 5951 5852 5976
f 5976 5852 5872
f 5976 5872 5983
f 5983 5872 5879
f 5983 5879 5998
f 5998 5879 5893
f 5998 5893 6008
f 6008 5893 5901
f 6008 5901 6017
f 6017 5901 5909
f 6017 5909 6024
f 6024 5909 5916
f 6024 5916 6028
f 5716 5583 5787
f 5787 5583 5657
f 5787 5657 5833
f 5833 5657 5688
f 5833 5688 5852
f 5852 5688 5725
f 5852 5725 5872
f 5872 5725 5751
f 5872 5751 5879
f 5879 5751 5769
f 5879 5769 5893
f 5893 5769 5785
f 5893 5785 5901
f 5901 5785 5794
f 5901 5794 5909
f 5909 5794 5806
f 5909 5806 5916
f 5916 5806 5815
f 5443 5404 5447
f 5447 5404 5484
f 5447 5484 5538
f 5538 5484 5565
f 5538 5565 5585
f 5585 5565 5609
f 5585 5609 5635
f 5635 5609 5686
f 5635 5686 5714
f 5515 5517 5548
f 5548 5517 5543
f 5548 5543 5589
f 5589 5543 5534
f 5589 5534 5581
f 5581 5534 5535
f 5581 5535 5536
f 6028 5916 5921
f 5921 5916 5815
f 5921 5815 5824
f 5824 5815 5755
f 5824 5755 5762
f 5762 5755 5703
f 5762 5703 5705
f 5705 5703 5654
f 5705 5654 5655
f 5655 5654 5605
f 5655 5605 5603
f 5603 5605 5558
f 5603 5558 5557
f 5557 5558 5478
f 5557 5478 5479
f 5479 5478 5459
f 5479 5459 5464
f 5696 5641 5650
f 5650 5641 5598
f 5650 5598 5601
f 5601 5598 5547
f 5601 5547 5555
f 5555 5547 5462
f 5555 5462 5469
f 5469 5462 5402
f 5469 5402 5415
f 5583 5550 5657
f 5657 5550 5540
f 5657 5540 5688
f 5688 5540 5572
f 5688 5572 5725
f 5725 5572 5606
f 5725 5606 5751
f 5751 5606 5631
f 5751 5631 5769
f 5769 5631 5647
f 5769 5647 5785
f 5785 5647 5660
f 5785 5660 5794
f 5794 5660 5669
f 5794 5669 5806
f 5806 5669 5684
f 5806 5684 5815
f 5815 5684 5691
f 5815 5691 5755
f 5755 5691 5696
f 5755 5696 5703
f 5703 5696 5650
f 5703 5650 5654
f 5654 5650 5601
f 5654 5601 5605
f 5605 5601 5555
f 5605 5555 5558
f 5558 5555 5469
f 5558 5469 5478
f 5478 5469 5439
f 5478 5439 5442
f 5659 5609 5577
f 5577 5609 5565
f 5577 5565 5511
f 5511 5565 5484
f 5511 5484 5431
f 5431 5484 5404
f 5431 5404 5370
f 5370 5404 5357
f 5370 5357 5321
f 5321 5357 5310
f 5321 5310 5270
f 5270 5310 5255
f 5270 5255 5218
f 5218 5255 5189
f 5218 5189 5150
f 5150 5189 5118
f 5150 5118 5041
f 5041 5118 5010
f 5041 5010 4953
f 5028 4927 5010
f 5010 4927 4914
f 5010 4914 4953
f 4953 4914 4899
f 4953 4899 4877
f 5450 5542 5438
f 5438 5542 5582
f 5438 5582 5423
f 5423 5582 5574
f 5423 5574 5403
f 5403 5574 5567
f 5403 5567 5392
f 5294 5156 5369
f 5369 5156 5259
f 5369 5259 5405
f 5405 5259 5298
f 5405 5298 5455
f 5455 5298 5333
f 5455 5333 5506
f 5506 5333 5362
f 5506 5362 5537
f 5537 5362 5392
f 5537 5392 5553
f 5553 5392 5567
f 5156 5081 5259
f 5259 5081 5114
f 5259 5114 5298
f 5298 5114 5173
f 5298 5173 5333
f 5333 5173 5227
f 5333 5227 5362
f 5362 5227 5261
f 5362 5261 5287
f 5287 5261 5283
f 5412 5305 5540
f 5540 5305 5369
f 5540 5369 5572
f 5572 5369 5405
f 5572 5405 5606
f 5606 5405 5455
f 5606 5455 5631
f 5631 5455 5506
f 5631 5506 5647
f 5647 5506 5537
f 5647 5537 5660
f 5660 5537 5553
f 5660 5553 5669
f 5669 5553 5567
f 5669 5567 5684
f 5684 5567 5574
f 5684 5574 5691
f 5691 5574 5582
f 5691 5582 5641
f 5641 5582 5593
f 5641 5593 5598
f 5598 5593 5542
f 5598 5542 5547
f 5547 5542 5450
f 5547 5450 5462
f 5462 5450 5395
f 5462 5395 5402
f 7261 7273 7205
f 7205 7273 7231
f 7205 7231 7119
f 7301 7334 7250
f 7250 7334 7263
f 7250 7263 7248
f 7248 7263 7257
f 6506 6649 6403
f 6403 6649 6440
f 6403 6440 6237
f 6116 6076 6053
f 6053 6076 5994
f 6053 5994 5962
f 5962 5994 5929
f 5962 5929 5898
f 5898 5929 5851
f 5898 5851 5827
f 5827 5851 5779
f 5827 5779 5760
f 5760 5779 5663
f 6142 6255 6163
f 6163 6255 6295
f 6163 6295 6241
f 6241 6295 6330
f 6241 6330 6361
f 6053 6142 6116
f 6116 6142 6163
f 6116 6163 6184
f 6184 6163 6241
f 6184 6241 6254
f 6254 6241 6361
f 6254 6361 6375
f 6154 6103 6143
f 6143 6103 6099
f 6143 6099 6130
f 6130 6099 6091
f 6130 6091 6084
f 6130 6199 6143
f 6143 6199 6203
f 6143 6203 6154
f 6154 6203 6207
f 6154 6207 6159
f 6159 6207 6213
f 6159 6213 6168
f 6168 6213 6217
f 6168 6217 6172
f 6172 6217 6220
f 6172 6220 6174
f 6174 6220 6221
f 6174 6221 6219
f 5554 5595 5600
f 5600 5595 5695
f 5600 5695 5702
f 5702 5695 5811
f 5702 5811 5820
f 5820 5811 5904
f 5820 5904 5910
f 5910 5904 6002
f 5910 6002 6009
f 6009 6002 6058
f 6009 6058 6064
f 6064 6058 6111
f 6064 6111 6114
f 7258 7265 7254
f 7254 7265 7302
f 7254 7302 7251
f 7251 7302 7294
f 7251 7294 7244
f 6922 6926 6738
f 6738 6926 6981
f 6738 6981 6847
f 6671 6689 6805
f 6805 6689 6702
f 6805 6702 6847
f 6847 6702 6723
f 6847 6723 6738
f 6652 6671 6909
f 6909 6671 6805
f 6909 6805 6933
f 6933 6805 6847
f 6933 6847 6965
f 6965 6847 6981
f 6965 6981 6998
f 6998 6981 6994
f 7134 7151 7217
f 7217 7151 7174
f 7217 7174 7228
f 7228 7174 7188
f 7228 7188 7238
f 7238 7188 7198
f 7238 7198 7244
f 7244 7198 7219
f 7244 7219 7251
f 7251 7219 7221
f 7251 7221 7243
f 6630 6652 6886
f 6886 6652 6909
f 6886 6909 7066
f 7066 6909 6933
f 7066 6933 7091
f 7091 6933 6965
f 7091 6965 7102
f 7102 6965 7081
f 7102 7081 7088
f 6845 6777 6692
f 6692 6630 6845
f 6845 6630 6886
f 6845 6886 7134
f 7134 6886 7066
f 7134 7066 7151
f 7151 7066 7091
f 7151 7091 7174
f 7174 7091 7102
f 7174 7102 7188
f 7188 7102 7148
f 7188 7148 7198
f 7198 7148 7169
f 7198 7169 7194
f 7242 7225 7109
f 7109 7225 7080
f 7109 7080 7015
f 7294 7287 7244
f 7244 7287 7275
f 7244 7275 7238
f 7238 7275 7269
f 7238 7269 7228
f 7228 7269 7262
f 7228 7262 7217
f 7217 7262 7252
f 7217 7252 7134
f 7134 7252 7109
f 7134 7109 6845
f 6845 7109 7015
f 6845 7015 6777
f 6233 6218 6383
f 6092 6089 6109
f 6109 6089 5990
f 6109 5990 6128
f 6128 5990 6027
f 6128 6027 6148
f 6148 6027 6052
f 6148 6052 6175
f 6175 6052 6075
f 6175 6075 6189
f 6189 6075 6095
f 6189 6095 6198
f 6198 6095 6101
f 6198 6101 6205
f 6205 6101 6105
f 6205 6105 6210
f 6210 6105 6112
f 6210 6112 6215
f 6215 6112 6115
f 6215 6115 6219
f 6219 6115 6119
f 6219 6119 6174
f 6174 6119 6122
f 6174 6122 6172
f 6172 6122 6121
f 6172 6121 6168
f 6168 6121 6118
f 6168 6118 6159
f 6159 6118 6114
f 6159 6114 6154
f 6154 6114 6111
f 6154 6111 6103
f 6103 6111 6058
f 6103 6058 6099
f 6099 6058 5991
f 6099 5991 6091
f 6091 5991 5981
f 6091 5981 6084
f 6084 5981 5967
f 6084 5967 6022
f 6022 5967 5958
f 6022 5958 5945
f 5945 5958 5896
f 5945 5896 5873
f 5873 5896 5837
f 5873 5837 5796
f 5796 5837 5734
f 6197 6092 6218
f 6218 6092 6109
f 6218 6109 6245
f 6245 6109 6128
f 6245 6128 6261
f 6261 6128 6148
f 6261 6148 6310
f 6310 6148 6175
f 6310 6175 6339
f 6339 6175 6189
f 6339 6189 6357
f 6357 6189 6198
f 6357 6198 6371
f 6371 6198 6205
f 6371 6205 6387
f 6387 6205 6210
f 6387 6210 6395
f 6395 6210 6215
f 6395 6215 6402
f 6402 6215 6219
f 6402 6219 6409
f 6409 6219 6221
f 6409 6221 6407
f 6407 6221 6220
f 6407 6220 6399
f 6399 6220 6217
f 6399 6217 6394
f 6394 6217 6213
f 6394 6213 6386
f 6386 6213 6207
f 6386 6207 6375
f 6375 6207 6203
f 6375 6203 6254
f 6254 6203 6199
f 6254 6199 6184
f 6184 6199 6130
f 6184 6130 6116
f 6116 6130 6084
f 6116 6084 6076
f 6076 6084 6022
f 6076 6022 5994
f 5994 6022 5945
f 5994 5945 5929
f 5929 5945 5873
f 5929 5873 5851
f 5851 5873 5796
f 5851 5796 5779
f 5779 5796 5734
f 5779 5734 5663
f 5663 5734 5680
f 5663 5680 5626
f 5626 5680 5713
f 5626 5713 5659
f 5659 5713 5739
f 5659 5739 5686
f 5686 5739 5770
f 5686 5770 5714
f 5714 5770 5784
f 5714 5784 5670
f 5670 5784 5682
f 5670 5682 5629
f 5629 5682 5689
f 5629 5689 5589
f 5589 5689 5595
f 5589 5595 5548
f 5548 5595 5554
f 5548 5554 5504
f 5504 5554 5491
f 6485 6453 6581
f 6255 6468 6295
f 6295 6468 6503
f 6295 6503 6330
f 6330 6503 6531
f 6330 6531 6361
f 6361 6531 6553
f 6361 6553 6375
f 6375 6553 6563
f 6375 6563 6386
f 6386 6563 6570
f 6386 6570 6394
f 6394 6570 6577
f 6394 6577 6399
f 6399 6577 6582
f 6399 6582 6407
f 6407 6582 6588
f 6407 6588 6409
f 6409 6588 6586
f 6409 6586 6402
f 6402 6586 6580
f 6402 6580 6395
f 6395 6580 6572
f 6395 6572 6387
f 6387 6572 6564
f 6387 6564 6371
f 6371 6564 6557
f 6371 6557 6357
f 6357 6557 6545
f 6357 6545 6339
f 6339 6545 6537
f 6339 6537 6310
f 6310 6537 6511
f 6310 6511 6261
f 6261 6511 6474
f 6261 6474 6245
f 6245 6474 6453
f 6245 6453 6218
f 6218 6453 6421
f 6218 6421 6383
f 6383 6421 6485
f 6508 6534 6529
f 6529 6534 6655
f 6529 6655 6551
f 6551 6415 6529
f 6529 6415 6382
f 6529 6382 6508
f 7139 7085 7125
f 7125 7085 6929
f 7125 6929 7103
f 6782 6929 6954
f 6954 6929 7085
f 6954 7085 7096
f 7096 7085 7152
f 7096 7152 7171
f 6839 6801 6923
f 6923 6801 6903
f 6923 6903 7027
f 7027 6903 6991
f 7027 6991 7108
f 6209 6285 6382
f 6382 6285 6341
f 6382 6341 6508
f 6131 6209 6234
f 6234 6209 6382
f 6234 6382 6251
f 6251 6382 6415
f 6251 6415 6276
f 6276 6415 6446
f 6276 6446 6318
f 6200 6127 6185
f 6185 6127 6108
f 6185 6108 6162
f 6162 6108 6094
f 6162 6094 6139
f 6139 6094 6071
f 6139 6071 6126
f 6126 6071 6051
f 6318 6200 6276
f 6276 6200 6185
f 6276 6185 6251
f 6251 6185 6162
f 6251 6162 6234
f 6234 6162 6139
f 6234 6139 6131
f 6131 6139 6126
f 7002 7037 6812
f 6812 7037 6867
f 6812 6867 6675
f 6675 6867 6690
f 6675 6690 6575
f 6575 6690 6597
f 6575 6597 6467
f 6467 6597 6498
f 6467 6498 6354
f 6354 6498 6393
f 6354 6393 6249
f 6249 6393 6275
f 7083 7094 6889
f 6889 7094 6908
f 6889 6908 6724
f 6724 6908 6752
f 6724 6752 6618
f 6618 6752 6640
f 6618 6640 6523
f 6523 6640 6550
f 6523 6550 6428
f 6428 6550 6458
f 6428 6458 6320
f 6320 6458 6358
f 6102 6173 6192
f 7037 7083 6867
f 6867 7083 6889
f 6867 6889 6690
f 6690 6889 6724
f 6690 6724 6597
f 6597 6724 6618
f 6597 6618 6498
f 6498 6618 6523
f 6498 6523 6393
f 6393 6523 6428
f 6393 6428 6275
f 6275 6428 6320
f 6127 6057 6108
f 6108 6057 6038
f 6108 6038 6094
f 6094 6038 6003
f 6094 6003 6071
f 6071 6003 5970
f 6071 5970 5985
f 5985 5970 5950
f 7171 7184 7108
f 7108 7184 7130
f 7108 7130 7027
f 7027 7130 7077
f 7027 7077 6923
f 6923 7077 6948
f 6923 6948 6839
f 7164 7203 7206
f 7025 7101 7114
f 7114 7101 7164
f 7164 7206 7114
f 7114 7206 7207
f 7114 7207 7128
f 7128 7207 7208
f 7128 7208 7212
f 7212 7215 7128
f 7128 7215 7218
f 7128 7218 7140
f 7218 7220 7140
f 7140 7220 7222
f 7140 7222 7149
f 7149 7222 7227
f 7227 7229 7149
f 7149 7229 7230
f 7149 7230 7165
f 7165 7230 7232
f 7165 7232 7233
f 7240 7180 7237
f 7237 7180 7165
f 7237 7165 7236
f 7236 7165 7234
f 6927 7025 6942
f 6942 7025 7114
f 6942 7114 6958
f 6958 7114 7128
f 6958 7128 6986
f 6986 7128 7140
f 6986 7140 7013
f 7013 7140 7149
f 7013 7149 7044
f 7044 7149 7165
f 7044 7165 7079
f 7079 7165 7180
f 7079 7180 7189
f 7189 7180 7240
f 7189 7240 7247
f 6774 6859 6784
f 6784 6859 6942
f 6784 6942 6799
f 6799 6942 6958
f 6799 6958 6813
f 6813 6958 6986
f 6813 6986 6857
f 6857 6986 7013
f 6857 7013 6881
f 6881 7013 7044
f 6881 7044 6895
f 6895 7044 7079
f 6895 7079 7119
f 7119 7079 7189
f 7119 7189 7205
f 7205 7189 7247
f 7205 7247 7261
f 6454 6435 6544
f 6544 6435 6517
f 6544 6517 6625
f 6625 6517 6600
f 6625 6600 6700
f 6700 6600 6681
f 6700 6681 6785
f 6785 6681 6839
f 6785 6839 6883
f 6883 6839 6948
f 7094 7103 6908
f 6908 7103 6929
f 6908 6929 6752
f 6752 6929 6782
f 6752 6782 6640
f 6640 6782 6661
f 6640 6661 6550
f 6550 6661 6576
f 6550 6576 6458
f 6458 6576 6486
f 6458 6486 6358
f 6358 6486 6397
f 7171 7108 7096
f 7096 7108 6991
f 7096 6991 6954
f 6954 6991 6903
f 6954 6903 6782
f 6782 6903 6801
f 6782 6801 6661
f 6661 6801 6681
f 6661 6681 6576
f 6576 6681 6600
f 6576 6600 6486
f 6486 6600 6517
f 6486 6517 6397
f 6397 6517 6435
f 6397 6435 6308
f 6308 6435 6454
f 6308 6454 6345
f 6123 6212 6136
f 6136 6212 6240
f 6136 6240 6169
f 6169 6240 6260
f 6169 6260 6190
f 6190 6260 6211
f 7183 7146 7197
f 7197 7146 7135
f 7197 7135 7166
f 7166 7135 7068
f 7166 7068 6957
f 6957 7068 6807
f 6957 6807 6745
f 6745 6807 6634
f 6745 6634 6722
f 6722 6634 6622
f 6722 6622 6695
f 6695 6622 6609
f 6695 6609 6682
f 6682 6609 6595
f 6682 6595 6665
f 6665 6595 6573
f 6665 6573 6656
f 7184 7191 7130
f 7130 7191 7145
f 7130 7145 7077
f 7077 7145 7092
f 7077 7092 6948
f 6948 7092 6984
f 6948 6984 6883
f 6883 6984 6904
f 6883 6904 6785
f 6785 6904 6808
f 6785 6808 6700
f 6700 6808 6743
f 6700 6743 6625
f 6625 6743 6647
f 6625 6647 6544
f 6544 6647 6558
f 6544 6558 6454
f 6454 6558 6466
f 6454 6466 6345
f 6345 6466 6372
f 6345 6372 6252
f 6252 6372 6262
f 6959 6931 6900
f 6900 6931 6757
f 6900 6757 6683
f 6683 6757 6596
f 6683 6596 6541
f 6541 6596 6441
f 6541 6441 6522
f 6522 6441 6422
f 6522 6422 6510
f 6510 6422 6396
f 6510 6396 6488
f 7086 7072 7068
f 7068 7072 6900
f 7068 6900 6807
f 6807 6900 6683
f 6807 6683 6634
f 6634 6683 6541
f 6634 6541 6622
f 6622 6541 6522
f 6622 6522 6609
f 6609 6522 6510
f 6609 6510 6595
f 6595 6510 6488
f 6595 6488 6573
f 7301 7250 7231
f 7231 7250 7166
f 7231 7166 7119
f 7119 7166 6957
f 7119 6957 6895
f 6895 6957 6745
f 6895 6745 6881
f 6881 6745 6722
f 6881 6722 6857
f 6857 6722 6695
f 6857 6695 6813
f 6813 6695 6682
f 6813 6682 6799
f 6799 6682 6665
f 6799 6665 6784
f 6784 6665 6656
f 6784 6656 6774
f 5845 5891 5774
f 6318 6226 6200
f 6200 6226 6144
f 6200 6144 6127
f 6127 6144 6083
f 6127 6083 6057
f 6057 6083 5960
f 6057 5960 6038
f 6038 5960 5943
f 6038 5943 6003
f 6003 5943 5922
f 6003 5922 5970
f 5970 5922 5891
f 5970 5891 5950
f 5950 5891 5865
f 6226 6173 6144
f 6144 6173 6102
f 6144 6102 6083
f 6083 6102 5995
f 6083 5995 5960
f 5960 5995 5890
f 5960 5890 5943
f 5943 5890 5864
f 5943 5864 5922
f 5922 5864 5841
f 5922 5841 5891
f 5891 5841 5808
f 5891 5808 5774
f 5774 5808 5671
f 5666 5671 5699
f 5699 5671 5808
f 5699 5808 5736
f 5736 5808 5841
f 5736 5841 5777
f 5777 5841 5864
f 5777 5864 5816
f 5816 5864 5890
f 5816 5890 5926
f 5926 5890 5995
f 5926 5995 6036
f 6036 5995 6102
f 6036 6102 6123
f 6123 6102 6192
f 6123 6192 6212
f 5575 5608 5486
f 5486 5608 5497
f 5636 5679 5556
f 5556 5679 5591
f 5556 5591 5413
f 5608 5636 5497
f 5497 5636 5556
f 5497 5556 5371
f 5371 5556 5413
f 5371 5413 5285
f 5115 5241 5285
f 5285 5241 5289
f 5285 5289 5371
f 5371 5289 5340
f 5371 5340 5497
f 5497 5340 5440
f 5497 5440 5486
f 5850 5756 5720
f 5720 5756 5627
f 5720 5627 5591
f 5591 5627 5477
f 5591 5477 5413
f 5413 5477 5323
f 5413 5323 5285
f 5285 5323 5177
f 5285 5177 5115
f 5115 5177 5018
f 5975 5829 5949
f 5949 5829 5803
f 5949 5803 5850
f 5850 5803 5781
f 5850 5781 5756
f 5756 5781 5667
f 5756 5667 5627
f 5627 5667 5546
f 5627 5546 5477
f 5477 5546 5366
f 5477 5366 5323
f 5323 5366 5234
f 5323 5234 5177
f 5177 5234 5015
f 5177 5015 5018
f 5018 5015 4948
f 5612 5483 5586
f 5586 5483 5411
f 5673 5843 5694
f 5694 5843 5869
f 3411 3381 3572
f 3572 3381 3696
f 3572 3696 3821
f 3821 3696 3904
f 3821 3904 4013
f 4013 3904 4105
f 4013 4105 4204
f 4204 4105 4371
f 4204 4371 4424
f 4424 4371 4599
f 4424 4599 4638
f 4638 4599 4817
f 4638 4817 4859
f 4859 4817 5092
f 4859 5092 5149
f 5149 5092 5308
f 5149 5308 5328
f 5328 5308 5411
f 5328 5411 5352
f 5352 5411 5483
f 5829 5653 5803
f 5803 5653 5628
f 5803 5628 5781
f 5781 5628 5612
f 5781 5612 5667
f 5667 5612 5586
f 5667 5586 5546
f 5546 5586 5411
f 5546 5411 5366
f 5366 5411 5308
f 5366 5308 5284
f 5284 5308 5184
f 5284 5184 5106
f 5106 5184 4988
f 5106 4988 4952
f 4952 4988 4739
f 4952 4739 4697
f 4697 4739 4503
f 4697 4503 4463
f 4463 4503 4218
f 4463 4218 4418
f 4418 4218 4139
f 4418 4139 4377
f 4377 4139 4337
f 4377 4337 4588
f 4588 4337 4410
f 4588 4410 4548
f 5575 5666 5608
f 5608 5666 5699
f 5608 5699 5636
f 5636 5699 5736
f 5636 5736 5679
f 5679 5736 5777
f 5679 5777 5720
f 5720 5777 5816
f 5720 5816 5850
f 5850 5816 5926
f 5850 5926 5949
f 5949 5926 6036
f 5949 6036 5975
f 5975 6036 6123
f 5975 6123 6011
f 6011 6123 6136
f 6011 6136 6047
f 6047 6136 6169
f 6047 6169 6073
f 6073 6169 6190
f 6073 6190 6097
f 6097 6190 6211
f 6097 6211 6117
f 6237 6208 6403
f 6403 6208 6188
f 6403 6188 6319
f 6319 6188 6170
f 6319 6170 6262
f 6262 6170 6133
f 6262 6133 6252
f 6252 6133 6117
f 6252 6117 6242
f 6242 6117 6211
f 6242 6211 6308
f 6308 6211 6260
f 6308 6260 6397
f 6397 6260 6240
f 6397 6240 6358
f 6358 6240 6212
f 6358 6212 6320
f 6320 6212 6192
f 6320 6192 6275
f 6275 6192 6173
f 6275 6173 6249
f 6249 6173 6226
f 6249 6226 6354
f 6354 6226 6318
f 6354 6318 6467
f 6467 6318 6446
f 6467 6446 6575
f 6575 6446 6551
f 6575 6551 6675
f 6675 6551 6655
f 6675 6655 6812
f 6812 6655 6638
f 6812 6638 6735
f 5903 5740 5869
f 5869 5740 5722
f 5869 5722 5694
f 6125 6035 6106
f 6106 6035 6001
f 6106 6001 6088
f 6088 6001 5965
f 6088 5965 6063
f 6063 5965 5948
f 6063 5948 6041
f 6041 5948 5920
f 6041 5920 5999
f 5999 5920 5883
f 5999 5883 5959
f 5959 5883 5854
f 5959 5854 5938
f 5938 5854 5814
f 5938 5814 5903
f 5903 5814 5767
f 5903 5767 5740
f 6237 6125 6208
f 6208 6125 6106
f 6208 6106 6188
f 6188 6106 6088
f 6188 6088 6170
f 6170 6088 6063
f 6170 6063 6133
f 6133 6063 6041
f 6133 6041 6117
f 6117 6041 5999
f 6117 5999 6097
f 6097 5999 5959
f 6097 5959 6073
f 6073 5959 5938
f 6073 5938 6047
f 6047 5938 5903
f 6047 5903 6011
f 6011 5903 5869
f 6011 5869 5975
f 5975 5869 5843
f 5975 5843 5829
f 5829 5843 5673
f 5829 5673 5653
f 5814 5642 5767
f 5767 5642 5619
f 5767 5619 5740
f 5740 5619 5597
f 5740 5597 5722
f 5722 5597 5573
f 5722 5573 5694
f 5694 5573 5552
f 5694 5552 5673
f 5673 5552 5510
f 5673 5510 5653
f 5653 5510 5467
f 5653 5467 5628
f 5628 5467 5433
f 5628 5433 5612
f 5612 5433 5401
f 5612 5401 5483
f 5483 5401 5378
f 5483 5378 5352
f 5352 5378 5220
f 5352 5220 5178
f 5178 5220 4958
f 5178 4958 4907
f 4907 4958 4731
f 4907 4731 4687
f 4687 4731 4524
f 4687 4524 4474
f 4474 4524 4420
f 4474 4420 4257
f 4257 4420 4314
f 4257 4314 4211
f 4211 4314 4433
f 4211 4433 4331
f 4331 4433 4537
f 4331 4537 4451
f 4451 4537 4600
f 4451 4600 4412
f 4412 4600 4559
f 4412 4559 4473
f 4473 4559 4531
f 4473 4531 4445
f 4445 4531 4498
f 4445 4498 4414
f 4414 4498 4478
f 4414 4478 4390
f 7191 7203 7145
f 7145 7203 7164
f 7145 7164 7092
f 7092 7164 7101
f 7092 7101 6984
f 6984 7101 7025
f 6984 7025 6904
f 6904 7025 6927
f 6904 6927 6808
f 6808 6927 6859
f 6808 6859 6743
f 6743 6859 6774
f 6743 6774 6647
f 6647 6774 6656
f 6647 6656 6558
f 6558 6656 6573
f 6558 6573 6466
f 6466 6573 6488
f 6466 6488 6372
f 6372 6488 6396
f 6372 6396 6262
f 6262 6396 6422
f 6262 6422 6319
f 6319 6422 6441
f 6319 6441 6506
f 6506 6441 6596
f 6506 6596 6649
f 6649 6596 6757
f 6649 6757 6672
f 6672 6757 6816
f 6672 6816 6694
f 6694 6816 6871
f 6694 6871 6739
f 6739 6871 6870
f 6739 6870 6864
f 4877 4865 4953
f 4953 4865 4845
f 4953 4845 4835
f 4835 4815 4953
f 4953 4815 4879
f 4953 4879 5041
f 5041 4879 4969
f 5041 4969 5150
f 5150 4969 5064
f 5150 5064 5218
f 5218 5064 5158
f 5218 5158 5270
f 5270 5158 5230
f 5270 5230 5321
f 5321 5230 5286
f 5321 5286 5370
f 5370 5286 5337
f 5370 5337 5431
f 5431 5337 5385
f 5431 5385 5511
f 5511 5385 5452
f 5511 5452 5577
f 5577 5452 5544
f 5577 5544 5626
f 5626 5544 5594
f 5626 5594 5663
f 5663 5594 5643
f 5663 5643 5760
f 5760 5643 5737
f 5760 5737 5827
f 5827 5737 5724
f 5827 5724 5847
f 5847 5724 5700
f 5847 5700 5810
f 5810 5700 5681
f 5810 5681 5658
f 5658 5681 5570
f 5658 5570 5545
f 5545 5570 5492
f 5545 5492 5416
f 5416 5492 5381
f 5416 5381 5359
f 5359 5381 5327
f 5359 5327 5306
f 5306 5327 5272
f 5306 5272 5247
f 5247 5272 5219
f 5247 5219 5176
f 5176 5219 5148
f 5176 5148 5086
f 5086 5148 5031
f 5086 5031 4977
f 4977 5031 4939
f 4977 4939 4889
f 4889 4939 4846
f 4889 4846 4806
f 4806 4846 4776
f 4806 4776 4729
f 4729 4776 4696
f 4729 4696 4653
f 4653 4696 4592
f 4653 4592 4575
f 5957 5930 5990
f 5990 5930 5877
f 5990 5877 6027
f 6027 5877 5905
f 6027 5905 6052
f 6052 5905 5935
f 6052 5935 6075
f 6075 5935 5951
f 6075 5951 6095
f 6095 5951 5976
f 6095 5976 6101
f 6101 5976 5983
f 6101 5983 6105
f 6105 5983 5998
f 6105 5998 6112
f 6112 5998 6008
f 6112 6008 6115
f 6115 6008 6017
f 6115 6017 6119
f 6119 6017 6024
f 6119 6024 6122
f 6122 6024 6028
f 6122 6028 6121
f 6121 6028 6029
f 6121 6029 6118
f 6118 6029 6026
f 6118 6026 6114
f 6114 6026 6019
f 6114 6019 6064
f 6064 6019 6012
f 6064 6012 6009
f 6009 6012 5915
f 6009 5915 5910
f 5910 5915 5825
f 5910 5825 5820
f 5820 5825 5704
f 5820 5704 5702
f 5702 5704 5603
f 5702 5603 5600
f 5600 5603 5557
f 5600 5557 5554
f 5554 5557 5488
f 5554 5488 5491
f 6692 6581 6630
f 6630 6581 6453
f 6630 6453 6652
f 6652 6453 6474
f 6652 6474 6671
f 6671 6474 6511
f 6671 6511 6689
f 6689 6511 6537
f 6689 6537 6702
f 6702 6537 6545
f 6702 6545 6723
f 6723 6545 6557
f 6723 6557 6738
f 6738 6557 6564
f 6738 6564 6746
f 6746 6564 6572
f 6746 6572 6754
f 6754 6572 6580
f 6754 6580 6761
f 6761 6580 6586
f 6761 6586 6764
f 6764 6586 6588
f 6764 6588 6766
f 6766 6588 6582
f 6766 6582 6765
f 6765 6582 6577
f 6765 6577 6759
f 6759 6577 6570
f 6759 6570 6750
f 6750 6570 6563
f 6750 6563 6739
f 6739 6563 6553
f 6739 6553 6694
f 6694 6553 6531
f 6694 6531 6672
f 6672 6531 6503
f 6672 6503 6649
f 6649 6503 6468
f 6649 6468 6440
f 6440 6468 6255
f 6440 6255 6237
f 6237 6255 6142
f 6237 6142 6125
f 6125 6142 6053
f 6125 6053 6035
f 6035 6053 5962
f 6035 5962 6001
f 6001 5962 5898
f 6001 5898 5965
f 5965 5898 5868
f 5965 5868 5948
f 5948 5868 5847
f 5948 5847 5920
f 5920 5847 5810
f 5920 5810 5883
f 5883 5810 5763
f 5883 5763 5854
f 5854 5763 5717
f 5854 5717 5814
f 5814 5717 5665
f 5814 5665 5642
f 5642 5665 5541
f 5642 5541 5495
f 5495 5541 5363
f 5495 5363 5342
f 5342 5363 5242
f 5342 5242 5204
f 5204 5242 5163
f 5204 5163 5117
f 5117 5163 5062
f 5117 5062 4991
f 4991 5062 4957
f 4991 4957 4902
f 4902 4957 4860
f 4902 4860 4808
f 4808 4860 4779
f 4808 4779 4724
f 4724 4779 4695
f 4724 4695 4643
f 4643 4695 4615
f 4643 4615 4555
f 4555 4615 4530
f 4555 4530 4478
f 4478 4530 4452
f 4478 4452 4390
f 4390 4452 4351
f 4390 4351 4299
f 3532 3582 3681
f 4200 4280 4209
f 2003 2035 2151
f 2070 2099 2235
f 4077 4180 4113
f 4299 4351 4281
f 4286 4296 4221
f 4128 4150 4077
f 3169 3271 2932
f 4262 4248 4303
f 4202 4186 4232
f 4323 4315 4376
f 4417 4469 4538
f 4861 4830 4762
f 4792 4812 4888
f 4919 4833 4854
f 4987 4974 4888
f 4947 5036 4998
f 5036 4947 5046
f 4800 4720 4690
f 4400 4388 4298
f 4212 4231 4161
f 4170 4197 4114
f 4096 4131 4051
f 3175 3122 3233
f 3337 3316 3454
f 3266 3221 3352
f 3552 3658 3576
f 3062 2904 2979
f 2359 2340 2314
f 2468 2656 2612
f 2184 2302 2299
f 2221 2177 2127
f 1959 1947 2010
f 1883 1877 1974
f 1876 1890 1985
f 1896 1910 2004
f 5119 5124 4922
f 5127 5128 5002
f 5002 5128 5133
f 5002 5133 5130
f 5103 5110 4921
f 4921 5110 5111
f 4921 5111 4922
f 4922 5111 5116
f 4922 5116 5119
f 5090 5097 4918
f 4918 5097 5098
f 4918 5098 4921
f 4921 5098 5099
f 4921 5099 5103
f 4908 5078 5079
f 4908 5079 4918
f 4918 5079 5082
f 4918 5082 5090
f 5065 5066 4908
f 5066 5069 4908
f 4908 5069 5073
f 4908 5073 5078
f 5048 5049 4972
f 4972 5049 5052
f 4908 4895 5065
f 5065 4895 4972
f 5065 4972 5058
f 5058 4972 5052
f 5032 5034 4954
f 4954 5034 5035
f 4954 5035 5038
f 5020 5023 4934
f 4934 5023 5026
f 4934 5026 5029
f 5020 4934 5017
f 5017 4934 4880
f 5017 4880 4979
f 1913 1923 2046
f 1947 1925 1987
f 1987 1925 1912
f 1987 1912 1903
f 2320 2302 2190
f 2190 2302 2184
f 2190 2184 2069
f 1959 2010 1988
f 2048 1996 2052
f 1996 1988 2052
f 2052 1988 2010
f 2052 2010 2127
f 1947 1987 2010
f 2010 1987 2094
f 2010 2094 2127
f 2127 2094 2216
f 2127 2216 2221
f 2177 2149 2127
f 2127 2149 2146
f 2127 2146 2052
f 2052 2146 2105
f 2052 2105 2048
f 2422 2299 2426
f 2426 2299 2302
f 2426 2302 2447
f 2447 2302 2320
f 2447 2320 2468
f 2445 2433 2422
f 2422 2433 2418
f 2418 2359 2422
f 2422 2359 2314
f 2422 2314 2299
f 2299 2314 2193
f 2299 2193 2184
f 2184 2193 2075
f 2184 2075 2069
f 2069 2075 1975
f 2688 2651 2627
f 2580 2533 2540
f 2540 2533 2528
f 2468 2612 2447
f 2447 2612 2557
f 2447 2557 2426
f 2426 2557 2540
f 2426 2540 2422
f 2422 2540 2528
f 2422 2528 2445
f 2284 2272 2216
f 2216 2272 2254
f 2216 2254 2221
f 2340 2284 2314
f 2314 2284 2216
f 2314 2216 2193
f 2193 2216 2094
f 2193 2094 2075
f 2075 2094 1987
f 2075 1987 1975
f 1975 1987 1903
f 1975 1903 1892
f 1877 1876 1974
f 1974 1876 1985
f 1974 1985 2077
f 2077 1985 2096
f 2077 2096 2204
f 2204 2096 2232
f 2204 2232 2347
f 2347 2232 2387
f 2347 2387 2516
f 2516 2387 2570
f 2516 2570 2714
f 2714 2570 2788
f 2714 2788 3038
f 3038 2788 3120
f 3038 3120 3338
f 3338 3120 3440
f 3338 3440 3530
f 3530 3440 3608
f 3530 3608 3670
f 3670 3608 3750
f 3670 3750 3780
f 3780 3750 3840
f 3780 3840 3866
f 3866 3840 3926
f 3866 3926 3937
f 3937 3926 4006
f 3937 4006 4011
f 4011 4006 4078
f 4011 4078 4067
f 4067 4078 4141
f 4067 3997 4011
f 4011 3997 3938
f 4011 3938 3937
f 3937 3938 3880
f 3937 3880 3866
f 3866 3880 3799
f 3866 3799 3780
f 3780 3799 3718
f 3780 3718 3670
f 3670 3718 3593
f 3670 3593 3530
f 3530 3593 3436
f 3530 3436 3338
f 3338 3436 3241
f 3338 3241 3038
f 3038 3241 2945
f 3038 2945 2714
f 2714 2945 2656
f 2714 2656 2516
f 2516 2656 2468
f 2516 2468 2347
f 2347 2468 2320
f 2347 2320 2204
f 2204 2320 2190
f 2204 2190 2077
f 2077 2190 2069
f 2077 2069 1974
f 1974 2069 1975
f 1974 1975 1883
f 1883 1975 1892
f 3997 3924 3938
f 3938 3924 3874
f 3938 3874 3880
f 3880 3874 3808
f 3880 3808 3799
f 3799 3808 3745
f 3799 3745 3718
f 3718 3745 3636
f 3718 3636 3593
f 3593 3636 3506
f 3593 3506 3436
f 3436 3506 3336
f 3436 3336 3241
f 3241 3336 3144
f 3241 3144 2945
f 2945 3144 2852
f 2945 2852 2656
f 2656 2852 2778
f 2656 2778 2612
f 2612 2778 2718
f 2612 2718 2557
f 2557 2718 2688
f 2557 2688 2540
f 2540 2688 2627
f 2540 2627 2580
f 2983 2901 2821
f 2821 2901 2898
f 2821 2904 2983
f 2983 2904 3062
f 2983 3062 3113
f 3122 3089 3233
f 3233 3089 3113
f 3233 3113 3208
f 3208 3113 3062
f 3208 3062 3149
f 3149 3062 2979
f 3149 2979 3060
f 3089 3026 3113
f 3113 3026 3009
f 3113 3009 2983
f 2983 3009 2952
f 2983 2952 2901
f 3243 3410 3310
f 3310 3410 3457
f 3310 3457 3347
f 3347 3457 3470
f 3347 3470 3352
f 3352 3470 3454
f 3569 3576 3659
f 3659 3576 3658
f 3659 3658 3749
f 3802 3854 3783
f 3533 3569 3639
f 3639 3569 3659
f 3639 3659 3736
f 3736 3659 3749
f 3736 3749 3802
f 3454 3316 3352
f 3352 3316 3289
f 3352 3289 3266
f 3802 3783 3736
f 3736 3783 3698
f 3736 3698 3639
f 3639 3698 3599
f 3639 3599 3533
f 3533 3599 3480
f 3533 3480 3477
f 3477 3425 3533
f 3533 3425 3408
f 3533 3408 3403
f 3403 3337 3533
f 3533 3337 3454
f 3533 3454 3569
f 3569 3454 3470
f 3569 3470 3576
f 3576 3470 3457
f 3576 3457 3552
f 3552 3457 3410
f 3221 3175 3352
f 3352 3175 3233
f 3352 3233 3347
f 3347 3233 3208
f 3347 3208 3310
f 3310 3208 3149
f 3310 3149 3243
f 3243 3149 3060
f 2898 2784 2821
f 2821 2784 2763
f 2821 2763 2743
f 3924 3854 3874
f 3874 3854 3802
f 3874 3802 3808
f 3808 3802 3749
f 3808 3749 3745
f 3745 3749 3658
f 3745 3658 3636
f 3636 3658 3552
f 3636 3552 3506
f 3506 3552 3410
f 3506 3410 3336
f 3336 3410 3243
f 3336 3243 3144
f 3144 3243 3060
f 3144 3060 2852
f 2852 3060 2979
f 2852 2979 2778
f 2778 2979 2904
f 2778 2904 2718
f 2718 2904 2821
f 2718 2821 2688
f 2688 2821 2743
f 2688 2743 2651
f 4429 4338 4422
f 4422 4338 4326
f 4422 4326 4413
f 4413 4326 4395
f 4395 4326 4300
f 4395 4300 4362
f 4362 4300 4278
f 4362 4278 4329
f 4329 4278 4238
f 4329 4238 4285
f 4285 4238 4208
f 4285 4208 4234
f 4234 4208 4171
f 4234 4171 4193
f 4193 4171 4121
f 4193 4121 4141
f 4046 4096 4019
f 4131 4170 4091
f 4197 4212 4142
f 4231 4250 4167
f 4409 4400 4316
f 4421 4409 4325
f 4325 4409 4316
f 4325 4316 4233
f 4085 4108 4097
f 4097 4108 4177
f 4097 4177 4126
f 4126 4177 4155
f 4169 4251 4243
f 4243 4251 4339
f 4243 4339 4334
f 4334 4339 4428
f 4334 4428 4421
f 3974 4043 3973
f 4085 4062 4108
f 4108 4062 4027
f 4108 4027 4043
f 4043 4027 3998
f 4043 3998 3973
f 4046 4019 3968
f 3968 4019 3934
f 3968 3934 3900
f 3900 3934 3863
f 3900 3863 3824
f 3824 3863 3786
f 3824 3786 3753
f 3753 3786 3693
f 3753 3693 3647
f 4131 4091 4051
f 4051 4091 4008
f 4051 4008 3971
f 3971 4008 3925
f 3971 3925 3898
f 3898 3925 3845
f 3898 3845 3815
f 3815 3845 3762
f 3815 3762 3740
f 3762 3651 3638
f 3762 3638 3740
f 3740 3638 3617
f 3740 3617 3605
f 4096 4051 4019
f 4019 4051 3971
f 4019 3971 3934
f 3934 3971 3898
f 3934 3898 3863
f 3863 3898 3815
f 3863 3815 3786
f 3786 3815 3740
f 3786 3740 3693
f 3693 3740 3605
f 3693 3605 3597
f 4197 4142 4114
f 4114 4142 4053
f 4114 4053 4033
f 4033 4053 3964
f 4033 3964 3946
f 3946 3964 3888
f 3946 3888 3868
f 3868 3888 3796
f 3868 3796 3782
f 4231 4167 4161
f 4161 4167 4081
f 4161 4081 4074
f 4074 4081 3994
f 4074 3994 3985
f 3985 3994 3908
f 3985 3908 3899
f 3899 3908 3813
f 3899 3813 3807
f 3807 3813 3722
f 3807 3722 3719
f 3719 3714 3807
f 3807 3714 3711
f 3807 3711 3699
f 4212 4161 4142
f 4142 4161 4074
f 4142 4074 4053
f 4053 4074 3985
f 4053 3985 3964
f 3964 3985 3899
f 3964 3899 3888
f 3888 3899 3807
f 3888 3807 3796
f 3796 3807 3699
f 3796 3699 3695
f 3695 3690 3796
f 3796 3690 3683
f 3796 3683 3782
f 3782 3683 3678
f 3782 3678 3661
f 4170 4114 4091
f 4091 4114 4033
f 4091 4033 4008
f 4008 4033 3946
f 4008 3946 3925
f 3925 3946 3868
f 3925 3868 3845
f 3845 3868 3782
f 3845 3782 3762
f 3762 3782 3661
f 3762 3661 3651
f 3912 3869 3841
f 3841 3869 3818
f 3717 3720 3812
f 3812 3720 3721
f 4421 4325 4334
f 4334 4325 4233
f 4334 4233 4243
f 4243 4233 4163
f 4243 4163 4169
f 4169 4163 4075
f 4169 4075 4083
f 4083 4075 3992
f 4083 3992 3996
f 3996 3992 3905
f 3996 3905 3911
f 3911 3905 3812
f 3911 3812 3817
f 3817 3812 3721
f 3817 3721 3726
f 3700 3710 3805
f 3805 3710 3715
f 4400 4298 4316
f 4316 4298 4214
f 4316 4214 4233
f 4233 4214 4144
f 4233 4144 4163
f 4163 4144 4059
f 4163 4059 4075
f 4075 4059 3975
f 4075 3975 3992
f 3992 3975 3896
f 3992 3896 3905
f 3905 3896 3805
f 3905 3805 3812
f 3812 3805 3715
f 3812 3715 3717
f 3640 3646 3755
f 3755 3646 3648
f 3755 3648 3663
f 3583 3591 3729
f 4291 4177 4216
f 4216 4177 4108
f 4216 4108 4160
f 4160 4108 4043
f 4160 4043 4090
f 4090 4043 3974
f 4090 3974 4020
f 4020 3974 3912
f 4020 3912 3943
f 3943 3912 3841
f 3943 3841 3881
f 3881 3841 3770
f 3881 3770 3800
f 3800 3770 3681
f 3800 3681 3729
f 3729 3681 3582
f 3729 3582 3583
f 3591 3606 3729
f 3729 3606 3612
f 3729 3612 3640
f 3684 3688 3792
f 3792 3688 3691
f 3792 3691 3700
f 3663 3671 3775
f 3775 3671 3684
f 3751 3770 3766
f 3766 3770 3841
f 3766 3841 3797
f 3797 3841 3818
f 3726 3727 3817
f 3817 3727 3728
f 3817 3728 3723
f 3973 3930 3974
f 3974 3930 3923
f 3974 3923 3912
f 3912 3923 3872
f 3912 3872 3869
f 4714 4790 4802
f 4835 4845 4777
f 4777 4845 4865
f 4777 4865 4803
f 4701 4670 4745
f 4914 4826 4899
f 4899 4826 4803
f 4899 4803 4877
f 4877 4803 4865
f 4914 4927 4826
f 4826 4927 4964
f 4826 4964 4880
f 4880 4964 4970
f 4880 4970 4979
f 4815 4835 4745
f 4745 4835 4777
f 4745 4777 4701
f 4701 4777 4803
f 4701 4803 4759
f 4759 4803 4826
f 4759 4826 4801
f 4801 4826 4880
f 4801 4880 4843
f 4843 4880 4934
f 4843 4934 4954
f 4954 4934 5029
f 4954 5029 5032
f 4606 4670 4627
f 4627 4670 4701
f 4627 4701 4681
f 4681 4701 4759
f 4681 4759 4727
f 4727 4759 4801
f 4727 4801 4770
f 4770 4801 4843
f 4770 4843 4878
f 4878 4843 4954
f 4878 4800 4770
f 4770 4800 4690
f 4770 4690 4727
f 4727 4690 4650
f 4727 4650 4681
f 4681 4650 4609
f 4681 4609 4627
f 4627 4609 4546
f 4627 4546 4606
f 4606 4546 4491
f 4641 4732 4662
f 4662 4732 4744
f 4662 4744 4753
f 5130 5126 5002
f 5002 5126 5123
f 5002 5123 4993
f 4993 5123 5113
f 5113 5108 4993
f 4993 5108 5105
f 4993 5105 5095
f 5124 5127 4922
f 4922 5127 5002
f 4922 5002 4920
f 4920 5002 4993
f 5075 4983 5084
f 5084 4983 5091
f 5067 5057 4966
f 4966 5057 5046
f 4732 4895 4744
f 4744 4895 4908
f 4744 4908 4753
f 4753 4908 4918
f 4753 4918 4757
f 4757 4918 4921
f 4757 4921 4758
f 4758 4921 4922
f 4758 4922 4831
f 4831 4922 4920
f 4831 4920 4910
f 4910 4920 4993
f 4910 4993 4983
f 4983 4993 5095
f 4983 5095 5091
f 5046 4947 4966
f 4966 4947 4875
f 4966 4875 4896
f 4896 4875 4813
f 4896 4813 4821
f 4821 4813 4748
f 4821 4748 4755
f 4755 4748 4671
f 4755 4671 4673
f 4673 4671 4598
f 4673 4598 4597
f 4737 4763 4833
f 4951 4946 4861
f 4861 4946 4926
f 4861 4926 4830
f 4830 4926 4913
f 4830 4913 4890
f 4882 4840 4774
f 4774 4840 4827
f 4794 4783 4710
f 4710 4783 4775
f 4644 4513 4511
f 4513 4644 4569
f 4569 4644 4710
f 4569 4710 4581
f 4581 4710 4775
f 4581 4775 4648
f 4737 4663 4763
f 4763 4663 4683
f 4763 4683 4787
f 4787 4683 4704
f 4787 4704 4721
f 4721 4704 4646
f 4721 4646 4656
f 4656 4646 4577
f 4656 4577 4585
f 4833 4763 4854
f 4854 4763 4787
f 4854 4787 4799
f 4799 4787 4721
f 4799 4721 4735
f 4735 4721 4656
f 4735 4656 4665
f 4665 4656 4585
f 4665 4585 4594
f 4538 4587 4663
f 4663 4587 4683
f 4683 4587 4613
f 4683 4613 4704
f 4704 4613 4625
f 4704 4625 4646
f 4646 4625 4563
f 4646 4563 4577
f 4388 4471 4457
f 3700 3805 3792
f 3792 3805 3896
f 3792 3896 3882
f 3882 3896 3975
f 3882 3975 3951
f 3951 3975 4059
f 3951 4059 4039
f 4039 4059 4144
f 4039 4144 4118
f 4118 4144 4214
f 4118 4214 4194
f 4194 4214 4298
f 4194 4298 4275
f 4275 4298 4388
f 4275 4388 4356
f 4356 4388 4457
f 4356 4457 4438
f 4471 4388 4484
f 4484 4388 4400
f 4484 4400 4492
f 4492 4400 4409
f 4492 4409 4501
f 4501 4409 4421
f 4501 4421 4508
f 4508 4421 4428
f 4508 4428 4430
f 4430 4428 4339
f 4430 4339 4341
f 4341 4339 4251
f 4341 4251 4250
f 4250 4251 4169
f 4250 4169 4167
f 4167 4169 4083
f 4167 4083 4081
f 4081 4083 3996
f 4081 3996 3994
f 3994 3996 3911
f 3994 3911 3908
f 3908 3911 3817
f 3908 3817 3813
f 3813 3817 3723
f 3813 3723 3722
f 4538 4469 4587
f 4587 4469 4510
f 4587 4510 4613
f 4613 4510 4532
f 4613 4532 4625
f 4625 4532 4541
f 4625 4541 4563
f 4448 4382 4366
f 4890 4882 4830
f 4830 4882 4774
f 4830 4774 4762
f 4762 4774 4702
f 4762 4702 4629
f 4629 4702 4574
f 4629 4574 4502
f 4502 4574 4448
f 4502 4448 4376
f 4376 4448 4366
f 4376 4366 4323
f 3663 3775 3755
f 3755 3775 3858
f 3755 3858 3835
f 3835 3858 3931
f 3835 3931 3909
f 3909 3931 4017
f 3909 4017 3981
f 3981 4017 4092
f 3981 4092 4052
f 4052 4092 4166
f 4052 4166 4127
f 4127 4166 4229
f 4127 4229 4198
f 4198 4229 4313
f 4198 4313 4271
f 4271 4313 4393
f 4271 4393 4343
f 4812 4792 4715
f 4715 4792 4689
f 4715 4689 4618
f 4618 4689 4561
f 4618 4561 4488
f 4488 4561 4440
f 4488 4440 4364
f 4364 4440 4303
f 4364 4303 4232
f 4232 4303 4248
f 4232 4248 4202
f 3640 3755 3729
f 3729 3755 3835
f 3729 3835 3800
f 3800 3835 3909
f 3800 3909 3881
f 3881 3909 3981
f 3881 3981 3943
f 3943 3981 4052
f 3943 4052 4020
f 4020 4052 4127
f 4020 4127 4090
f 4090 4127 4198
f 4090 4198 4160
f 4160 4198 4271
f 4160 4271 4216
f 4216 4271 4343
f 4216 4343 4291
f 4974 4951 4888
f 4888 4951 4861
f 4888 4861 4792
f 4792 4861 4762
f 4792 4762 4689
f 4689 4762 4629
f 4689 4629 4561
f 4561 4629 4502
f 4561 4502 4440
f 4440 4502 4376
f 4440 4376 4303
f 4303 4376 4315
f 4303 4315 4262
f 3684 3792 3775
f 3775 3792 3882
f 3775 3882 3858
f 3858 3882 3951
f 3858 3951 3931
f 3931 3951 4039
f 3931 4039 4017
f 4017 4039 4118
f 4017 4118 4092
f 4092 4118 4194
f 4092 4194 4166
f 4166 4194 4275
f 4166 4275 4229
f 4229 4275 4356
f 4229 4356 4313
f 4313 4356 4438
f 4313 4438 4393
f 4513 4499 4511
f 4511 4499 4455
f 4511 4455 4437
f 4827 4794 4774
f 4774 4794 4710
f 4774 4710 4702
f 4702 4710 4644
f 4702 4644 4574
f 4574 4644 4511
f 4574 4511 4448
f 4448 4511 4437
f 4448 4437 4382
f 4046 4121 4096
f 4096 4121 4171
f 4096 4171 4131
f 4131 4171 4208
f 4131 4208 4170
f 4170 4208 4238
f 4170 4238 4197
f 4197 4238 4278
f 4197 4278 4212
f 4212 4278 4300
f 4212 4300 4231
f 4231 4300 4326
f 4231 4326 4250
f 4250 4326 4338
f 4250 4338 4341
f 4341 4338 4429
f 4341 4429 4430
f 4430 4429 4509
f 4430 4509 4508
f 4508 4509 4594
f 4508 4594 4501
f 4501 4594 4585
f 4501 4585 4492
f 4492 4585 4577
f 4492 4577 4484
f 4484 4577 4563
f 4484 4563 4471
f 4471 4563 4541
f 4471 4541 4457
f 4457 4541 4532
f 4457 4532 4438
f 4438 4532 4510
f 4438 4510 4393
f 4393 4510 4469
f 4393 4469 4343
f 4343 4469 4417
f 4343 4417 4291
f 2585 2702 2733
f 2733 2702 2831
f 2733 2831 2936
f 2942 3059 2987
f 2987 3059 3093
f 2571 2411 2733
f 2733 2411 2530
f 2733 2530 2585
f 3573 3433 3411
f 3411 3433 3209
f 3297 3356 3209
f 3209 3356 3381
f 3209 3381 3411
f 3724 3611 3607
f 3607 3611 3433
f 3607 3433 3587
f 3587 3433 3573
f 3724 3754 3611
f 3611 3754 3769
f 3611 3769 3757
f 3892 3867 3870
f 3870 3867 3757
f 3870 3757 3833
f 3833 3757 3769
f 3892 3932 3867
f 3867 3932 3983
f 3867 3983 3965
f 2443 2275 2571
f 2571 2275 2392
f 2571 2392 2411
f 2936 2942 2733
f 2733 2942 2987
f 2733 2987 2571
f 2571 2987 2797
f 2571 2797 2443
f 2443 2797 2649
f 2153 2182 2328
f 2328 2182 2268
f 3093 3155 2987
f 2987 3155 3169
f 2987 3169 2797
f 2797 3169 2932
f 2797 2932 2649
f 2649 2932 2888
f 4128 4077 4094
f 3983 4010 3965
f 3965 4010 4041
f 3965 4041 4069
f 4351 4363 4281
f 4281 4363 4378
f 4281 4378 4332
f 4150 4187 4077
f 4077 4187 4190
f 4077 4190 4180
f 4180 4190 4236
f 4180 4236 4239
f 4458 4386 4423
f 4423 4386 4332
f 4423 4332 4402
f 4402 4332 4378
f 4458 4472 4386
f 4386 4472 4479
f 4386 4479 4435
f 4575 4523 4544
f 4544 4523 4482
f 4479 4496 4435
f 4435 4496 4525
f 4435 4525 4482
f 4482 4525 4540
f 4482 4540 4544
f 4608 4564 4635
f 4706 4713 4645
f 4645 4713 4736
f 4645 4736 4678
f 4635 4660 4608
f 4608 4660 4672
f 4608 4672 4645
f 4645 4672 4699
f 4645 4699 4706
f 4575 4592 4523
f 4523 4592 4621
f 4523 4621 4564
f 4564 4621 4630
f 4564 4630 4635
f 4736 4751 4678
f 4678 4751 4772
f 4678 4772 4714
f 4714 4772 4773
f 4714 4773 4790
f 4239 4286 4180
f 4180 4286 4221
f 4180 4221 4113
f 4113 4221 4210
f 4113 4210 4156
f 4642 4567 4612
f 4612 4567 4535
f 4612 4535 4571
f 4571 4535 4497
f 4571 4497 4534
f 4534 4497 4465
f 4534 4465 4494
f 4494 4465 4426
f 4494 4426 4459
f 4459 4426 4385
f 4459 4385 4407
f 4407 4385 4340
f 4407 4340 4361
f 4361 4340 4290
f 4361 4290 4310
f 4310 4290 4235
f 4310 4235 4264
f 4714 4642 4678
f 4678 4642 4612
f 4678 4612 4645
f 4645 4612 4571
f 4645 4571 4608
f 4608 4571 4534
f 4608 4534 4564
f 4564 4534 4494
f 4564 4494 4523
f 4523 4494 4459
f 4523 4459 4482
f 4482 4459 4407
f 4482 4407 4435
f 4435 4407 4361
f 4435 4361 4386
f 4386 4361 4310
f 4386 4310 4332
f 4332 4310 4264
f 4332 4264 4281
f 2003 2151 1979
f 1945 1964 2092
f 1964 1979 2092
f 2092 1979 2151
f 2092 2151 2237
f 2237 2151 2310
f 2237 2310 2405
f 2405 2310 2492
f 2405 2492 2616
f 2616 2492 2713
f 2616 2713 2976
f 3622 3330 3444
f 3444 3330 3098
f 3444 3098 3213
f 3213 3098 2850
f 2517 2850 2739
f 2739 2850 3098
f 2739 3098 3004
f 3004 3098 3330
f 1923 1945 2046
f 2046 1945 2092
f 2046 2092 2176
f 2176 2092 2237
f 2176 2237 2331
f 2331 2237 2405
f 2331 2405 2517
f 2517 2405 2616
f 2517 2616 2850
f 2850 2616 2976
f 2850 2976 3213
f 3763 3622 3705
f 3705 3622 3444
f 3705 3444 3546
f 3546 3444 3213
f 3546 3213 3335
f 3335 3213 2976
f 3335 2976 3096
f 3096 2976 2713
f 3096 2713 2844
f 2844 2713 2492
f 2844 2492 2607
f 2607 2492 2310
f 2607 2310 2402
f 2402 2310 2151
f 2402 2151 2235
f 2235 2151 2035
f 2235 2035 2070
f 3955 3865 3922
f 3922 3865 3819
f 3922 3819 3887
f 3887 3819 3774
f 3887 3774 3839
f 3839 3774 3637
f 3839 3637 3731
f 3731 3637 3459
f 3731 3459 3574
f 3574 3459 3225
f 3574 3225 3369
f 3369 3225 2996
f 3369 2996 3130
f 3130 2996 2725
f 3130 2725 2888
f 2888 2725 2511
f 2888 2511 2649
f 2649 2511 2328
f 2649 2328 2443
f 2443 2328 2268
f 2443 2268 2275
f 3865 3763 3819
f 3819 3763 3705
f 3819 3705 3774
f 3774 3705 3546
f 3774 3546 3637
f 3637 3546 3335
f 3637 3335 3459
f 3459 3335 3096
f 3459 3096 3225
f 3225 3096 2844
f 3225 2844 2996
f 2996 2844 2607
f 2996 2607 2725
f 2725 2607 2402
f 2725 2402 2511
f 2511 2402 2235
f 2511 2235 2328
f 2328 2235 2099
f 2328 2099 2153
f 4135 4050 4115
f 4115 4050 4024
f 4115 4024 4088
f 4088 4024 3987
f 4088 3987 4047
f 4047 3987 3942
f 4047 3942 4014
f 4014 3942 3906
f 4014 3906 3965
f 3965 3906 3794
f 3965 3794 3867
f 3867 3794 3665
f 3867 3665 3757
f 3757 3665 3500
f 3757 3500 3611
f 3611 3500 3280
f 3611 3280 3433
f 3433 3280 3053
f 3433 3053 3209
f 4355 4318 4394
f 4354 4280 4308
f 4308 4280 4200
f 4308 4200 4269
f 4269 4200 4181
f 4069 4094 3965
f 3965 4094 4077
f 3965 4077 4014
f 4014 4077 4113
f 4014 4113 4047
f 4047 4113 4156
f 4047 4156 4088
f 4088 4156 4181
f 4088 4181 4115
f 4115 4181 4200
f 4115 4200 4135
f 4135 4200 4209
f 5038 5048 4954
f 4954 5048 4972
f 4954 4972 4878
f 4878 4972 4895
f 4878 4895 4800
f 4800 4895 4732
f 4800 4732 4720
f 4720 4732 4641
f 4720 4641 4690
f 4690 4641 4614
f 4690 4614 4650
f 4650 4614 4570
f 4650 4570 4609
f 4609 4570 4526
f 4609 4526 4546
f 4546 4526 4481
f 4546 4481 4491
f 4491 4481 4419
f 4491 4419 4464
f 4464 4419 4355
f 4464 4355 4432
f 4432 4355 4394
f 4050 3955 4024
f 4024 3955 3922
f 4024 3922 3987
f 3987 3922 3887
f 3987 3887 3942
f 3942 3887 3839
f 3942 3839 3906
f 3906 3839 3731
f 3906 3731 3794
f 3794 3731 3574
f 3794 3574 3665
f 3665 3574 3369
f 3665 3369 3500
f 3500 3369 3130
f 3500 3130 3280
f 3280 3130 2888
f 3280 2888 3053
f 3053 2888 2932
f 3053 2932 3209
f 3209 2932 3271
f 3209 3271 3297
f 4151 4240 4206
f 4206 4240 4279
f 4206 4279 4266
f 4266 4279 4342
f 4266 4342 4321
f 4321 4342 4398
f 4321 4398 4370
f 4370 4398 4456
f 4370 4456 4408
f 4408 4456 4490
f 4408 4490 4453
f 4453 4490 4528
f 4453 4528 4480
f 4480 4528 4558
f 4480 4558 4495
f 4495 4558 4582
f 4495 4582 4589
f 4240 4318 4279
f 4279 4318 4355
f 4279 4355 4342
f 4342 4355 4419
f 4342 4419 4398
f 4398 4419 4481
f 4398 4481 4456
f 4456 4481 4526
f 4456 4526 4490
f 4490 4526 4570
f 4490 4570 4528
f 4528 4570 4614
f 4528 4614 4558
f 4558 4614 4641
f 4558 4641 4582
f 4582 4641 4662
f 4582 4662 4589
f 4589 4662 4753
f 4589 4753 4597
f 4597 4753 4757
f 4597 4757 4673
f 4673 4757 4758
f 4673 4758 4755
f 4755 4758 4831
f 4755 4831 4821
f 4821 4831 4910
f 4821 4910 4896
f 4896 4910 4983
f 4896 4983 4966
f 4966 4983 5075
f 4966 5075 5067
f 1910 1913 2004
f 2004 1913 2046
f 2004 2046 2129
f 2129 2046 2176
f 2129 2176 2274
f 2274 2176 2331
f 2274 2331 2448
f 2448 2331 2517
f 2448 2517 2654
f 2654 2517 2739
f 2654 2739 2891
f 2891 2739 3004
f 2891 3004 3223
f 3223 3004 3330
f 3223 3330 3537
f 3537 3330 3622
f 3537 3622 3687
f 3687 3622 3763
f 3687 3763 3803
f 3803 3763 3865
f 3803 3865 3902
f 3902 3865 3955
f 3902 3955 3988
f 3988 3955 4050
f 3988 4050 4073
f 4073 4050 4135
f 4073 4135 4151
f 4151 4135 4209
f 4151 4209 4240
f 4240 4209 4280
f 4240 4280 4318
f 4318 4280 4354
f 4318 4354 4394
f 4296 4299 4221
f 4221 4299 4281
f 4221 4281 4210
f 4210 4281 4264
f 4210 4264 4156
f 4156 4264 4235
f 4156 4235 4181
f 4181 4235 4290
f 4181 4290 4269
f 4269 4290 4340
f 4269 4340 4308
f 4308 4340 4385
f 4308 4385 4354
f 4354 4385 4426
f 4354 4426 4394
f 4394 4426 4465
f 4394 4465 4432
f 4432 4465 4497
f 4432 4497 4464
f 4464 4497 4535
f 4464 4535 4491
f 4491 4535 4567
f 4491 4567 4606
f 4606 4567 4642
f 4606 4642 4670
f 4670 4642 4714
f 4670 4714 4745
f 4745 4714 4802
f 4745 4802 4815
f 3751 3735 3770
f 3770 3735 3680
f 3770 3680 3681
f 3681 3680 3632
f 3681 3632 3532
f 3532 3632 3604
f 3532 3604 3525
f 3528 3517 3647
f 3597 3588 3693
f 3693 3588 3580
f 3693 3580 3647
f 3647 3580 3534
f 3647 3534 3528
f 4141 4121 4067
f 4067 4121 4046
f 4067 4046 3997
f 3997 4046 3968
f 3997 3968 3924
f 3924 3968 3900
f 3924 3900 3854
f 3854 3900 3824
f 3854 3824 3783
f 3783 3824 3753
f 3783 3753 3698
f 3698 3753 3647
f 3698 3647 3599
f 3599 3647 3517
f 3599 3517 3480
f 4994 4987 4919
f 4919 4987 4888
f 4919 4888 4833
f 4833 4888 4812
f 4833 4812 4737
f 4737 4812 4715
f 4737 4715 4663
f 4663 4715 4618
f 4663 4618 4538
f 4538 4618 4488
f 4538 4488 4417
f 4417 4488 4364
f 4417 4364 4291
f 4291 4364 4232
f 4291 4232 4177
f 4177 4232 4186
f 4177 4186 4155
f 1890 1896 1985
f 1985 1896 2004
f 1985 2004 2096
f 2096 2004 2129
f 2096 2129 2232
f 2232 2129 2274
f 2232 2274 2387
f 2387 2274 2448
f 2387 2448 2570
f 2570 2448 2654
f 2570 2654 2788
f 2788 2654 2891
f 2788 2891 3120
f 3120 2891 3223
f 3120 3223 3440
f 3440 3223 3537
f 3440 3537 3608
f 3608 3537 3687
f 3608 3687 3750
f 3750 3687 3803
f 3750 3803 3840
f 3840 3803 3902
f 3840 3902 3926
f 3926 3902 3988
f 3926 3988 4006
f 4006 3988 4073
f 4006 4073 4078
f 4078 4073 4151
f 4078 4151 4141
f 4141 4151 4206
f 4141 4206 4193
f 4193 4206 4266
f 4193 4266 4234
f 4234 4266 4321
f 4234 4321 4285
f 4285 4321 4370
f 4285 4370 4329
f 4329 4370 4408
f 4329 4408 4362
f 4362 4408 4453
f 4362 4453 4395
f 4395 4453 4480
f 4395 4480 4413
f 4413 4480 4495
f 4413 4495 4422
f 4422 4495 4589
f 4422 4589 4429
f 4429 4589 4597
f 4429 4597 4509
f 4509 4597 4598
f 4509 4598 4594
f 4594 4598 4671
f 4594 4671 4665
f 4665 4671 4748
f 4665 4748 4735
f 4735 4748 4813
f 4735 4813 4799
f 4799 4813 4875
f 4799 4875 4854
f 4854 4875 4947
f 4854 4947 4919
f 4919 4947 4998
f 4919 4998 4994
f 4938 4963 4950
f 4973 4963 4949
f 4949 4963 4938
f 4949 4938 4923
f 4856 5461 4881
f 4881 5461 5482
f 4881 5482 4915
f 4915 5482 5559
f 4915 5559 4928
f 4928 5559 4937
f 4937 5559 4955
f 4955 5559 5561
f 4955 5561 4962
f 5093 5061 5617
f 5617 5061 4997
f 5617 4997 5561
f 5561 4997 4967
f 5561 4967 4962
f 5408 5409 5693
f 5485 5490 5757
f 5942 5937 5662
f 5652 5818 5813
f 5813 5818 6062
f 5515 5651 5517
f 5517 5651 5652
f 5517 5652 5523
f 5813 5809 5535
f 5535 5534 5813
f 5813 5534 5533
f 5813 5533 5531
f 5531 5528 5813
f 5813 5528 5527
f 5813 5527 5652
f 5652 5527 5524
f 5652 5524 5523
f 5526 5530 5801
f 5801 5530 5532
f 5801 5532 5809
f 5809 5532 5536
f 5809 5536 5535
f 5526 5801 5521
f 5521 5801 5790
f 5521 5790 5519
f 5782 5516 5790
f 5790 5516 5518
f 5790 5518 5519
f 5512 5513 5782
f 5782 5513 5514
f 5782 5514 5516
f 5498 5501 5772
f 5772 5501 5502
f 5772 5502 5782
f 5782 5502 5507
f 5782 5507 5512
f 5757 5490 5772
f 5772 5490 5493
f 5772 5493 5498
f 5460 5466 5742
f 5742 5466 5473
f 5742 5473 5757
f 5757 5473 5481
f 5757 5481 5485
f 5444 5731 5443
f 5443 5731 5719
f 5443 5719 5435
f 5435 5719 5432
f 5444 5454 5731
f 5731 5454 5456
f 5731 5456 5742
f 5742 5456 5458
f 5742 5458 5460
f 5693 5409 5719
f 5719 5409 5420
f 5719 5420 5432
f 5468 5376 5474
f 5474 5376 5384
f 5474 5384 5668
f 5668 5384 5386
f 5668 5386 5693
f 5693 5386 5398
f 5693 5398 5408
f 6062 6059 5813
f 5813 6059 6054
f 5813 6054 5809
f 5809 6054 6048
f 5809 6048 5801
f 5801 6048 6045
f 5801 6045 5790
f 5790 6045 6040
f 5790 6040 5782
f 5782 6040 6030
f 5782 6030 5772
f 5772 6030 6014
f 5772 6014 5757
f 5757 6014 6004
f 5757 6004 5742
f 5742 6004 5986
f 5742 5986 5731
f 5731 5986 5974
f 5731 5974 5719
f 5719 5974 5956
f 5719 5956 5693
f 5693 5956 5942
f 5693 5942 5668
f 5668 5942 5662
f 5668 5662 5474
f 5622 5281 5617
f 5617 5281 5276
f 5276 5262 5617
f 5617 5262 5253
f 5617 5253 5245
f 5245 5229 5617
f 5617 5229 5208
f 5617 5208 5203
f 5203 5192 5617
f 5617 5192 5174
f 5617 5174 5152
f 5152 5151 5617
f 5617 5151 5140
f 5617 5140 5093
f 5632 5365 5624
f 5624 5365 5356
f 5624 5356 5622
f 5622 5356 5349
f 5349 5338 5622
f 5622 5338 5330
f 5622 5330 5316
f 5316 5314 5622
f 5622 5314 5299
f 5622 5299 5296
f 5296 5287 5622
f 5622 5287 5283
f 5622 5283 5281
f 5633 5637 5422
f 5402 5632 5415
f 5415 5632 5633
f 5415 5633 5417
f 5417 5633 5422
f 5402 5395 5632
f 5632 5395 5394
f 5632 5394 5383
f 5383 5375 5632
f 5632 5375 5368
f 5632 5368 5365
f 5648 5476 5475
f 5648 5475 5638
f 5638 5475 5465
f 5638 5465 5464
f 5464 5459 5638
f 5638 5459 5442
f 5638 5442 5637
f 5637 5442 5439
f 5637 5439 5422
f 5515 5508 5651
f 5651 5508 5649
f 5508 5504 5649
f 5649 5504 5491
f 5649 5491 5648
f 5648 5491 5488
f 5648 5488 5476
f 5376 5468 5372
f 5372 5468 5407
f 5372 5407 5339
f 5339 5407 5331
f 5257 5264 5325
f 5325 5264 5336
f 5264 5267 5336
f 5336 5267 5291
f 5336 5291 5407
f 5407 5291 5318
f 5407 5318 5331
f 5265 5182 5193
f 5265 5193 5280
f 5280 5193 5216
f 5280 5216 5325
f 5325 5216 5240
f 5325 5240 5257
f 5233 5147 5239
f 5239 5147 5153
f 5239 5153 5265
f 5265 5153 5181
f 5265 5181 5182
f 5089 5112 5211
f 5211 5112 5135
f 5211 5135 5233
f 5233 5135 5144
f 5233 5144 5147
f 5089 5211 5080
f 5080 5211 5198
f 5080 5198 5070
f 5070 5198 5196
f 5070 5196 5054
f 5054 5196 5186
f 5054 5186 5053
f 5053 5186 5045
f 5045 5186 5183
f 5045 5183 5039
f 5039 5183 5172
f 5039 5172 5033
f 5006 5005 5170
f 5170 5005 5168
f 5168 5005 5008
f 5168 5008 5166
f 5008 5012 5166
f 5166 5012 5013
f 5166 5013 5165
f 5165 5013 5019
f 5165 5019 5171
f 5171 5019 5027
f 5171 5027 5172
f 5172 5027 5028
f 5172 5028 5033
f 5190 5011 5188
f 5188 5011 5009
f 5188 5009 5180
f 5180 5009 5007
f 5180 5007 5179
f 5179 5007 5003
f 5179 5003 5170
f 5170 5003 5004
f 5170 5004 5006
f 5020 5017 5205
f 5205 5017 5194
f 5194 5017 5016
f 5194 5016 5190
f 5190 5016 5014
f 5190 5014 5011
f 5032 5029 5226
f 5226 5029 5223
f 5223 5029 5026
f 5223 5026 5205
f 5205 5026 5023
f 5205 5023 5020
f 5238 5048 5038
f 5238 5038 5236
f 5236 5038 5035
f 5236 5035 5226
f 5226 5035 5034
f 5226 5034 5032
f 5258 5069 5066
f 5066 5065 5258
f 5258 5065 5058
f 5258 5058 5254
f 5254 5058 5052
f 5254 5052 5238
f 5238 5052 5049
f 5238 5049 5048
f 5073 5277 5078
f 5078 5277 5079
f 5069 5258 5073
f 5073 5258 5271
f 5073 5271 5277
f 5098 5097 5297
f 5297 5097 5090
f 5297 5090 5082
f 5079 5277 5082
f 5082 5277 5295
f 5082 5295 5297
f 5111 5110 5317
f 5317 5110 5103
f 5317 5103 5099
f 5098 5297 5099
f 5099 5297 5313
f 5099 5313 5317
f 5127 5124 5341
f 5341 5124 5119
f 5341 5119 5116
f 5111 5317 5116
f 5116 5317 5335
f 5116 5335 5341
f 5139 5137 5355
f 5355 5137 5133
f 5355 5133 5128
f 5127 5341 5128
f 5128 5341 5351
f 5128 5351 5355
f 5141 5380 5134
f 5134 5380 5132
f 5139 5355 5141
f 5141 5355 5373
f 5141 5373 5380
f 5399 5101 5107
f 5107 5109 5399
f 5399 5109 5120
f 5399 5120 5396
f 5396 5120 5122
f 5396 5122 5380
f 5380 5122 5125
f 5380 5125 5132
f 5063 5426 5060
f 5060 5426 5059
f 5063 5077 5426
f 5426 5077 5094
f 5426 5094 5419
f 5419 5094 5399
f 5399 5094 5096
f 5399 5096 5101
f 4898 5461 4863
f 4863 5461 4856
f 4898 4904 5461
f 5461 4904 4933
f 5461 4933 4959
f 4959 4961 5461
f 5461 4961 4982
f 5461 4982 4992
f 4992 5000 5461
f 5461 5000 5021
f 5461 5021 5042
f 5059 5426 5042
f 5042 5426 5457
f 5042 5457 5461
f 5616 5617 5561
f 5576 5561 5559
f 5576 5592 5561
f 5561 5592 5604
f 5561 5604 5616
f 5461 5494 5482
f 5482 5494 5529
f 5482 5529 5559
f 5559 5529 5562
f 5559 5562 5576
f 5617 5616 6037
f 5468 5474 5662
f 5468 5662 5407
f 5407 5662 5937
f 5407 5937 5336
f 5336 5937 5849
f 5336 5849 5325
f 5325 5849 5832
f 5325 5832 5280
f 5280 5832 5800
f 5280 5800 5265
f 5265 5800 5761
f 5265 5761 5239
f 5239 5761 5233
f 5233 5761 5735
f 5233 5735 5211
f 5172 5183 5721
f 5721 5183 5186
f 5721 5186 5729
f 5729 5186 5196
f 5729 5196 5735
f 5735 5196 5198
f 5735 5198 5211
f 5172 5721 5171
f 5171 5721 5712
f 5171 5712 5709
f 5710 5166 5709
f 5709 5166 5165
f 5709 5165 5171
f 5718 5170 5710
f 5710 5170 5168
f 5710 5168 5166
f 5723 5180 5718
f 5718 5180 5179
f 5718 5179 5170
f 5728 5190 5723
f 5723 5190 5188
f 5723 5188 5180
f 5738 5205 5728
f 5728 5205 5194
f 5728 5194 5190
f 5754 5226 5738
f 5738 5226 5223
f 5738 5223 5205
f 5775 5238 5754
f 5754 5238 5236
f 5754 5236 5226
f 5791 5258 5775
f 5775 5258 5254
f 5775 5254 5238
f 5812 5277 5791
f 5791 5277 5271
f 5791 5271 5258
f 5838 5297 5812
f 5812 5297 5295
f 5812 5295 5277
f 5848 5317 5838
f 5838 5317 5313
f 5838 5313 5297
f 5862 5341 5848
f 5848 5341 5335
f 5848 5335 5317
f 5874 5355 5862
f 5862 5355 5351
f 5862 5351 5341
f 5892 5380 5874
f 5874 5380 5373
f 5874 5373 5355
f 5907 5399 5892
f 5892 5399 5396
f 5892 5396 5380
f 5932 5426 5907
f 5907 5426 5419
f 5907 5419 5399
f 6037 5616 6034
f 6034 5616 5604
f 6034 5604 6021
f 6021 5604 5592
f 6021 5592 6007
f 6007 5592 5576
f 6007 5576 5989
f 5989 5576 5562
f 5989 5562 5972
f 5972 5562 5529
f 5972 5529 5953
f 5953 5529 5494
f 5953 5494 5944
f 5944 5494 5461
f 5944 5461 5932
f 5932 5461 5457
f 5932 5457 5426
f 5617 6037 5622
f 5622 6037 6044
f 5622 6044 5624
f 5624 6044 5632
f 5632 6044 6049
f 5632 6049 5633
f 5633 6049 5637
f 5637 6049 6056
f 5637 6056 5638
f 5638 6056 5648
f 5648 6056 6060
f 5648 6060 5649
f 6060 6062 5818
f 5649 6060 5651
f 5651 6060 5818
f 5651 5818 5652
f 6832 6834 7118
f 6838 6840 7124
f 7219 7211 7364
f 7148 7144 7281
f 6863 7136 7137
f 6822 6819 7117
f 7117 6819 6820
f 7117 6820 7115
f 7122 6835 6833
f 6833 6828 7122
f 7122 6828 6825
f 7122 6825 7117
f 7117 6825 6823
f 7117 6823 6822
f 6835 7122 6837
f 6837 7122 7129
f 6837 7129 6842
f 6863 6854 7136
f 7136 6854 6846
f 7136 6846 7129
f 7129 6846 6843
f 7129 6843 6842
f 6875 7150 6879
f 6879 7150 6880
f 6875 6874 7150
f 7150 6874 6866
f 7150 6866 7137
f 7137 6866 6865
f 7137 6865 6863
f 6880 7150 6887
f 6887 7150 7179
f 6887 7179 6896
f 6922 6912 7196
f 7196 6912 6910
f 7196 6910 7179
f 7179 6910 6897
f 7179 6897 6896
f 6982 6969 7223
f 7223 6969 6943
f 7223 6943 7196
f 7196 6943 6926
f 7196 6926 6922
f 7081 7032 7245
f 7245 7032 6998
f 7245 6998 7223
f 7223 6998 6994
f 7223 6994 6982
f 7281 7144 7280
f 7280 7144 7132
f 7280 7132 7123
f 7123 7107 7280
f 7280 7107 7095
f 7280 7095 7245
f 7245 7095 7088
f 7245 7088 7081
f 7211 7201 7364
f 7364 7201 7194
f 7364 7194 7281
f 7281 7194 7169
f 7281 7169 7148
f 7255 7253 7386
f 7386 7253 7243
f 7386 7243 7364
f 7364 7243 7221
f 7364 7221 7219
f 7255 7386 7258
f 7258 7386 7393
f 7258 7393 7265
f 7276 7393 7289
f 7289 7393 7404
f 7276 7272 7393
f 7393 7272 7266
f 7393 7266 7265
f 7299 7298 7407
f 7407 7298 7297
f 7407 7297 7404
f 7404 7297 7290
f 7404 7290 7289
f 7306 7305 7410
f 7410 7305 7304
f 7410 7304 7407
f 7407 7304 7300
f 7407 7300 7299
f 7307 7306 7311
f 7307 7311 7317
f 7306 7410 7311
f 7311 7410 7318
f 7311 7318 7317
f 7327 7414 7328
f 7328 7414 7417
f 7328 7417 7331
f 7331 7417 7333
f 7327 7325 7414
f 7414 7325 7322
f 7414 7322 7410
f 7410 7322 7319
f 7410 7319 7318
f 7415 7337 7417
f 7417 7337 7339
f 7417 7339 7340
f 7340 7338 7417
f 7417 7338 7336
f 7417 7336 7333
f 7326 7329 7411
f 7411 7329 7330
f 7411 7330 7415
f 7415 7330 7332
f 7415 7332 7337
f 7408 7313 7315
f 7315 7320 7408
f 7408 7320 7323
f 7408 7323 7411
f 7411 7323 7324
f 7411 7324 7326
f 7313 7408 7312
f 7312 7408 7406
f 7312 7406 7310
f 7271 7282 7390
f 7390 7282 7286
f 7390 7286 7406
f 7406 7286 7308
f 7406 7308 7310
f 7209 7214 7362
f 7362 7214 7239
f 7362 7239 7390
f 7239 7248 7390
f 7390 7248 7257
f 7390 7257 7264
f 7264 7267 7390
f 7390 7267 7270
f 7390 7270 7271
f 7274 7133 7135
f 7274 7135 7277
f 7135 7146 7277
f 7277 7146 7183
f 7277 7183 7362
f 7362 7183 7204
f 7362 7204 7209
f 7072 7086 7246
f 7246 7086 7105
f 7246 7105 7274
f 7274 7105 7111
f 7274 7111 7133
f 7226 7007 7246
f 7246 7007 7071
f 7246 7071 7072
f 7199 6914 6930
f 7199 6930 7226
f 7226 6930 6931
f 7226 6931 6959
f 6959 6961 7226
f 7226 6961 6962
f 7226 6962 7007
f 7182 6899 7199
f 7199 6899 6911
f 7199 6911 6914
f 6885 6888 7182
f 7182 6888 6891
f 7182 6891 6899
f 6885 7182 6877
f 6877 7182 7155
f 6877 7155 6876
f 7143 6870 7155
f 7155 6870 6871
f 7155 6871 6876
f 6855 6860 7143
f 6860 6861 7143
f 7143 6861 6864
f 7143 6864 6870
f 6844 6848 7131
f 7131 6848 6851
f 7131 6851 7143
f 7143 6851 6852
f 7143 6852 6855
f 7124 6840 7131
f 7131 6840 6841
f 7131 6841 6844
f 7118 6834 7124
f 7124 6834 6836
f 7124 6836 6838
f 6820 6821 7115
f 7115 6821 6824
f 7115 6824 7116
f 7116 6824 6827
f 7116 6827 7118
f 7118 6827 6831
f 7118 6831 6832
f 8013 8001 7836
f 7154 7427 7389
f 8058 8062 7840
f 8096 8097 7843
f 8136 8137 7849
f 7443 7441 7485
f 7463 7464 7497
f 7321 7303 7392
f 7392 7303 7296
f 7392 7296 7388
f 7388 7296 7293
f 7388 7293 7385
f 7385 7293 7292
f 7385 7292 7383
f 7383 7292 7288
f 7383 7288 7381
f 7381 7288 7284
f 7381 7284 7379
f 7379 7284 7285
f 7379 7285 7380
f 7380 7285 7291
f 7380 7291 7382
f 7382 7291 7295
f 7382 7295 7387
f 7387 7295 7309
f 7387 7309 7395
f 7395 7309 7360
f 7395 7360 7401
f 7401 7360 7418
f 7418 7360 7372
f 7418 7372 7419
f 7419 7372 7389
f 7419 7389 7432
f 7432 7389 7427
f 7432 7427 7466
f 6504 6032 6033
f 7160 6504 6505
f 8138 8133 7848
f 8138 7848 8137
f 7845 8122 7847
f 7847 8122 8130
f 7847 8130 7849
f 7849 8130 8131
f 7849 8131 8136
f 8108 8109 7844
f 7844 8109 8119
f 7844 8119 7845
f 7845 8119 8120
f 7845 8120 8122
f 8097 8098 7843
f 7843 8098 8102
f 7843 8102 7844
f 7844 8102 8107
f 7844 8107 8108
f 6504 6033 6505
f 6505 6033 6031
f 6505 6031 6502
f 6502 6031 6023
f 6502 6023 6495
f 6495 6023 6013
f 6495 6013 6483
f 6483 6013 6005
f 6483 6005 6473
f 6473 6005 5992
f 6473 5992 6460
f 8096 7843 8092
f 8092 7843 7842
f 8092 7842 8088
f 8078 8080 7842
f 8078 7842 8077
f 8080 8085 7842
f 7842 8085 8087
f 7842 8087 8088
f 8062 8068 7840
f 7840 8068 8069
f 7840 8069 7841
f 7841 8069 8076
f 7841 8076 7842
f 7842 8076 8077
f 8022 8025 7838
f 7838 8025 8029
f 7838 8029 7839
f 7839 8029 8040
f 8040 8041 7839
f 7839 8041 8047
f 7839 8047 7840
f 7840 8047 8057
f 7840 8057 8058
f 8008 7837 7997
f 7997 7837 7835
f 8008 8011 7837
f 7837 8011 8012
f 7837 8012 7838
f 7838 8012 8019
f 7838 8019 8022
f 7987 7835 7976
f 7976 7835 7834
f 7987 7988 7835
f 7835 7988 7995
f 7835 7995 7997
f 7957 7958 7834
f 7834 7958 7970
f 7834 7970 7976
f 7957 7834 7955
f 7955 7834 7833
f 7955 7833 7949
f 7949 7833 7832
f 7949 7832 7943
f 7832 7927 7929
f 7929 7935 7832
f 7832 7935 7939
f 7832 7939 7943
f 7927 7832 7926
f 7926 7832 7830
f 7926 7830 7920
f 7920 7830 7829
f 7920 7829 7917
f 7902 7903 7828
f 7828 7903 7907
f 7828 7907 7829
f 7829 7907 7915
f 7829 7915 7917
f 7826 7895 7828
f 7828 7895 7896
f 7828 7896 7902
f 7583 7519 7520
f 7520 7519 7430
f 7520 7430 7518
f 7518 7430 7428
f 7518 7428 7516
f 7516 7428 7426
f 7516 7426 7515
f 7515 7426 7424
f 7515 7424 7514
f 7514 7424 7423
f 7514 7423 7513
f 7513 7423 7421
f 7513 7421 7512
f 7512 7421 7409
f 7512 7409 7509
f 7509 7409 7405
f 7509 7405 7508
f 7508 7405 7403
f 7508 7403 7506
f 7506 7403 7399
f 7506 7399 7505
f 7505 7399 7394
f 7505 7394 7502
f 7502 7394 7384
f 7502 7384 7501
f 7501 7384 7378
f 7501 7378 7499
f 7499 7378 7375
f 7499 7375 7498
f 7498 7375 7373
f 7498 7373 7496
f 7496 7373 7369
f 7496 7369 7494
f 7494 7369 7363
f 7494 7363 7492
f 7492 7363 7361
f 7492 7361 7490
f 7490 7361 7344
f 7490 7344 7487
f 7487 7344 7321
f 7644 7583 7584
f 7584 7583 7520
f 7584 7520 7582
f 7582 7520 7518
f 7582 7518 7580
f 7580 7518 7516
f 7580 7516 7579
f 7579 7516 7515
f 7579 7515 7576
f 7576 7515 7514
f 7576 7514 7575
f 7575 7514 7513
f 7575 7513 7573
f 7573 7513 7512
f 7573 7512 7572
f 7572 7512 7509
f 7572 7509 7571
f 7571 7509 7508
f 7571 7508 7569
f 7569 7508 7506
f 7569 7506 7568
f 7568 7506 7505
f 7568 7505 7565
f 7565 7505 7502
f 7565 7502 7564
f 7564 7502 7501
f 7564 7501 7563
f 7563 7501 7499
f 7563 7499 7561
f 7561 7499 7498
f 7561 7498 7559
f 7559 7498 7496
f 7559 7496 7557
f 7557 7496 7494
f 7557 7494 7556
f 7556 7494 7492
f 7556 7492 7554
f 7554 7492 7490
f 7554 7490 7552
f 7552 7490 7487
f 7552 7487 7550
f 7883 7886 7825
f 7825 7886 7891
f 7825 7891 7826
f 7826 7891 7892
f 7826 7892 7895
f 7705 7644 7645
f 7645 7644 7584
f 7645 7584 7643
f 7643 7584 7582
f 7643 7582 7641
f 7641 7582 7580
f 7641 7580 7640
f 7640 7580 7579
f 7640 7579 7639
f 7639 7579 7576
f 7639 7576 7638
f 7638 7576 7575
f 7638 7575 7636
f 7636 7575 7573
f 7636 7573 7635
f 7635 7573 7572
f 7635 7572 7634
f 7634 7572 7571
f 7634 7571 7632
f 7632 7571 7569
f 7632 7569 7631
f 7631 7569 7568
f 7631 7568 7629
f 7629 7568 7565
f 7629 7565 7627
f 7627 7565 7564
f 7627 7564 7626
f 7626 7564 7563
f 7626 7563 7619
f 7619 7563 7561
f 7619 7561 7617
f 7617 7561 7559
f 7617 7559 7615
f 7615 7559 7557
f 7615 7557 7614
f 7614 7557 7556
f 7614 7556 7611
f 7611 7556 7554
f 7611 7554 7610
f 7610 7554 7552
f 7610 7552 7608
f 7608 7552 7550
f 7608 7550 7606
f 7875 7878 7823
f 7823 7878 7879
f 7823 7879 7825
f 7825 7879 7881
f 7825 7881 7883
f 7743 7705 7706
f 7706 7705 7645
f 7706 7645 7704
f 7704 7645 7643
f 7704 7643 7702
f 7702 7643 7641
f 7702 7641 7700
f 7700 7641 7640
f 7700 7640 7699
f 7699 7640 7639
f 7699 7639 7698
f 7698 7639 7638
f 7698 7638 7697
f 7697 7638 7636
f 7697 7636 7695
f 7695 7636 7635
f 7695 7635 7694
f 7694 7635 7634
f 7694 7634 7693
f 7693 7634 7632
f 7693 7632 7691
f 7691 7632 7631
f 7691 7631 7689
f 7689 7631 7629
f 7689 7629 7687
f 7687 7629 7627
f 7687 7627 7684
f 7684 7627 7626
f 7684 7626 7682
f 7682 7626 7619
f 7682 7619 7679
f 7679 7619 7617
f 7679 7617 7678
f 7678 7617 7615
f 7678 7615 7676
f 7676 7615 7614
f 7676 7614 7674
f 7674 7614 7611
f 7674 7611 7672
f 7672 7611 7610
f 7672 7610 7670
f 7670 7610 7608
f 7670 7608 7668
f 7668 7608 7606
f 7668 7606 7666
f 7872 7873 7822
f 7822 7873 7823
f 7823 7873 7874
f 7823 7874 7875
f 7778 7743 7744
f 7744 7743 7706
f 7744 7706 7742
f 7742 7706 7704
f 7742 7704 7740
f 7740 7704 7702
f 7740 7702 7739
f 7739 7702 7700
f 7739 7700 7738
f 7738 7700 7699
f 7738 7699 7737
f 7737 7699 7698
f 7737 7698 7736
f 7736 7698 7697
f 7736 7697 7735
f 7735 7697 7695
f 7735 7695 7734
f 7734 7695 7694
f 7734 7694 7733
f 7733 7694 7693
f 7733 7693 7732
f 7732 7693 7691
f 7732 7691 7730
f 7730 7691 7689
f 7730 7689 7729
f 7729 7689 7687
f 7729 7687 7728
f 7728 7687 7684
f 7728 7684 7727
f 7727 7684 7682
f 7727 7682 7725
f 7725 7682 7679
f 7725 7679 7724
f 7724 7679 7678
f 7724 7678 7723
f 7723 7678 7676
f 7723 7676 7721
f 7721 7676 7674
f 7721 7674 7720
f 7720 7674 7672
f 7720 7672 7718
f 7718 7672 7670
f 7718 7670 7717
f 7717 7670 7668
f 7717 7668 7715
f 7715 7668 7666
f 7715 7666 7714
f 7820 7869 7822
f 7822 7869 7871
f 7822 7871 7872
f 7813 7778 7779
f 7779 7778 7744
f 7779 7744 7777
f 7777 7744 7742
f 7777 7742 7775
f 7775 7742 7740
f 7775 7740 7774
f 7774 7740 7739
f 7774 7739 7773
f 7773 7739 7738
f 7773 7738 7772
f 7772 7738 7737
f 7772 7737 7771
f 7771 7737 7736
f 7771 7736 7770
f 7770 7736 7735
f 7770 7735 7769
f 7769 7735 7734
f 7769 7734 7768
f 7768 7734 7733
f 7768 7733 7767
f 7767 7733 7732
f 7767 7732 7765
f 7765 7732 7730
f 7765 7730 7764
f 7764 7730 7729
f 7764 7729 7763
f 7763 7729 7728
f 7763 7728 7762
f 7762 7728 7727
f 7762 7727 7760
f 7760 7727 7725
f 7760 7725 7759
f 7759 7725 7724
f 7759 7724 7758
f 7758 7724 7723
f 7758 7723 7756
f 7756 7723 7721
f 7756 7721 7755
f 7755 7721 7720
f 7755 7720 7753
f 7753 7720 7718
f 7753 7718 7752
f 7752 7718 7717
f 7752 7717 7750
f 7750 7717 7715
f 7750 7715 7749
f 7749 7715 7714
f 7749 7714 7747
f 7863 7864 7819
f 7819 7864 7865
f 7819 7865 7820
f 7820 7865 7867
f 7820 7867 7869
f 7848 7813 7814
f 7814 7813 7779
f 7814 7779 7812
f 7812 7779 7777
f 7812 7777 7810
f 7810 7777 7775
f 7810 7775 7809
f 7809 7775 7774
f 7809 7774 7808
f 7808 7774 7773
f 7808 7773 7807
f 7807 7773 7772
f 7807 7772 7806
f 7806 7772 7771
f 7806 7771 7805
f 7805 7771 7770
f 7805 7770 7804
f 7804 7770 7769
f 7804 7769 7803
f 7803 7769 7768
f 7803 7768 7802
f 7802 7768 7767
f 7802 7767 7800
f 7800 7767 7765
f 7800 7765 7799
f 7799 7765 7764
f 7799 7764 7798
f 7798 7764 7763
f 7798 7763 7797
f 7797 7763 7762
f 7797 7762 7795
f 7795 7762 7760
f 7795 7760 7794
f 7794 7760 7759
f 7794 7759 7793
f 7793 7759 7758
f 7793 7758 7791
f 7791 7758 7756
f 7791 7756 7790
f 7790 7756 7755
f 7790 7755 7788
f 7788 7755 7753
f 7788 7753 7787
f 7787 7753 7752
f 7787 7752 7785
f 7785 7752 7750
f 7785 7750 7784
f 7784 7750 7749
f 7784 7749 7782
f 7782 7749 7747
f 7782 7747 7780
f 7863 7819 7861
f 7861 7819 7817
f 7861 7817 7859
f 8137 7848 7849
f 7849 7848 7814
f 7849 7814 7847
f 7847 7814 7812
f 7847 7812 7845
f 7845 7812 7810
f 7845 7810 7844
f 7844 7810 7809
f 7844 7809 7843
f 7843 7809 7808
f 7843 7808 7842
f 7842 7808 7807
f 7842 7807 7841
f 7841 7807 7806
f 7841 7806 7840
f 7840 7806 7805
f 7840 7805 7839
f 7839 7805 7804
f 7839 7804 7838
f 7838 7804 7803
f 7838 7803 7837
f 7837 7803 7802
f 7837 7802 7835
f 7835 7802 7800
f 7835 7800 7834
f 7834 7800 7799
f 7834 7799 7833
f 7833 7799 7798
f 7833 7798 7832
f 7832 7798 7797
f 7832 7797 7830
f 7830 7797 7795
f 7830 7795 7829
f 7829 7795 7794
f 7829 7794 7828
f 7828 7794 7793
f 7828 7793 7826
f 7826 7793 7791
f 7826 7791 7825
f 7825 7791 7790
f 7825 7790 7823
f 7823 7790 7788
f 7823 7788 7822
f 7822 7788 7787
f 7822 7787 7820
f 7820 7787 7785
f 7820 7785 7819
f 7819 7785 7784
f 7819 7784 7817
f 7817 7784 7782
f 7817 7782 7815
f 7815 7782 7780
f 7815 7780 7816
f 7854 7855 7817
f 7817 7855 7857
f 7817 7857 7859
f 7851 7815 7856
f 7856 7815 7816
f 7856 7816 7858
f 7851 7850 7815
f 7815 7850 7852
f 7815 7852 7817
f 7817 7852 7853
f 7817 7853 7854
f 7866 7862 7818
f 7818 7862 7860
f 7860 7858 7818
f 7818 7858 7816
f 7818 7816 7781
f 7781 7816 7780
f 7781 7780 7745
f 7745 7780 7747
f 7745 7747 7712
f 7712 7747 7714
f 7712 7714 7665
f 7665 7714 7666
f 7665 7666 7604
f 7604 7666 7606
f 7604 7606 7548
f 7548 7606 7550
f 7548 7550 7485
f 7485 7550 7487
f 7485 7487 7443
f 7443 7487 7321
f 7443 7321 7396
f 7396 7321 7392
f 7876 7870 7821
f 7821 7870 7868
f 7868 7866 7821
f 7821 7866 7818
f 7821 7818 7783
f 7783 7818 7781
f 7783 7781 7746
f 7746 7781 7745
f 7746 7745 7710
f 7710 7745 7712
f 7710 7712 7662
f 7662 7712 7665
f 7662 7665 7602
f 7602 7665 7604
f 7602 7604 7546
f 7546 7604 7548
f 7546 7548 7483
f 7483 7548 7485
f 7483 7485 7440
f 7440 7485 7441
f 7877 7876 7824
f 7824 7876 7821
f 7824 7821 7786
f 7786 7821 7783
f 7786 7783 7748
f 7748 7783 7746
f 7748 7746 7711
f 7711 7746 7710
f 7711 7710 7660
f 7660 7710 7662
f 7660 7662 7600
f 7600 7662 7602
f 7600 7602 7545
f 7545 7602 7546
f 7545 7546 7481
f 7481 7546 7483
f 7481 7483 7438
f 7438 7483 7440
f 7898 7888 7824
f 7824 7888 7880
f 7824 7880 7877
f 7438 7437 7481
f 7481 7437 7479
f 7481 7479 7545
f 7545 7479 7543
f 7545 7543 7600
f 7600 7543 7598
f 7600 7598 7660
f 7660 7598 7661
f 7660 7661 7711
f 7711 7661 7713
f 7711 7713 7748
f 7748 7713 7751
f 7748 7751 7786
f 7786 7751 7789
f 7786 7789 7824
f 7824 7789 7827
f 7824 7827 7898
f 5992 5988 6460
f 6460 5988 5980
f 6460 5980 6448
f 6448 5980 5961
f 6448 5961 6429
f 6429 5961 5952
f 6429 5952 6413
f 6413 5952 5941
f 6413 5941 6380
f 6380 5941 5931
f 6380 5931 6348
f 6348 5931 5906
f 6348 5906 6324
f 6324 5906 5886
f 6324 5886 6280
f 6280 5886 5871
f 6280 5871 6258
f 6258 5871 5860
f 6258 5860 6247
f 6247 5860 5846
f 6247 5846 6230
f 6230 5846 5839
f 6230 5839 6214
f 6214 5839 5819
f 6214 5819 6204
f 6204 5819 5805
f 6204 5805 6194
f 6194 5805 5789
f 6194 5789 6187
f 6187 5789 5778
f 6187 5778 6181
f 6181 5778 5768
f 6181 5768 6177
f 6177 5768 5758
f 6177 5758 6171
f 6171 5758 5753
f 6171 5753 6166
f 6166 5753 5749
f 6166 5749 6158
f 6158 5749 5745
f 6158 5745 6156
f 6156 5745 5747
f 6156 5747 6157
f 6157 5747 5752
f 6157 5752 6164
f 6164 5752 5766
f 6164 5766 6176
f 6176 5766 5783
f 6176 5783 6183
f 6183 5783 5817
f 6183 5817 6202
f 6202 5817 5857
f 6202 5857 6246
f 7919 7904 7827
f 7827 7904 7901
f 7827 7901 7898
f 7936 7919 7831
f 7831 7919 7827
f 7831 7827 7792
f 7792 7827 7789
f 7792 7789 7754
f 7754 7789 7751
f 7754 7751 7716
f 7716 7751 7713
f 7716 7713 7664
f 7664 7713 7661
f 7664 7661 7599
f 7599 7661 7598
f 7599 7598 7541
f 7541 7598 7543
f 7541 7543 7477
f 7477 7543 7479
f 7477 7479 7435
f 7435 7479 7437
f 7464 7470 7497
f 7497 7470 7503
f 7497 7503 7567
f 7454 7463 7491
f 7491 7463 7497
f 7491 7497 7560
f 7560 7497 7567
f 7560 7567 7630
f 7442 7454 7486
f 7486 7454 7491
f 7486 7491 7555
f 7555 7491 7560
f 7555 7560 7618
f 7618 7560 7630
f 7618 7630 7690
f 7439 7442 7482
f 7482 7442 7486
f 7482 7486 7551
f 7551 7486 7555
f 7551 7555 7613
f 7613 7555 7618
f 7613 7618 7681
f 7681 7618 7690
f 7681 7690 7731
f 7436 7439 7478
f 7478 7439 7482
f 7478 7482 7547
f 7547 7482 7551
f 7547 7551 7609
f 7609 7551 7613
f 7609 7613 7675
f 7675 7613 7681
f 7675 7681 7726
f 7726 7681 7731
f 7726 7731 7766
f 7434 7436 7476
f 7476 7436 7478
f 7476 7478 7544
f 7544 7478 7547
f 7544 7547 7605
f 7605 7547 7609
f 7605 7609 7671
f 7671 7609 7675
f 7671 7675 7722
f 7722 7675 7726
f 7722 7726 7761
f 7761 7726 7766
f 7761 7766 7801
f 7433 7434 7474
f 7474 7434 7476
f 7474 7476 7542
f 7542 7476 7544
f 7542 7544 7601
f 7601 7544 7605
f 7601 7605 7667
f 7667 7605 7671
f 7667 7671 7719
f 7719 7671 7722
f 7719 7722 7757
f 7757 7722 7761
f 7757 7761 7796
f 7796 7761 7801
f 7796 7801 7836
f 7964 7963 7831
f 7831 7963 7942
f 7831 7942 7936
f 8001 7964 7836
f 7836 7964 7831
f 7836 7831 7796
f 7796 7831 7792
f 7796 7792 7757
f 7757 7792 7754
f 7757 7754 7719
f 7719 7754 7716
f 7719 7716 7667
f 7667 7716 7664
f 7667 7664 7601
f 7601 7664 7599
f 7601 7599 7542
f 7542 7599 7541
f 7542 7541 7474
f 7474 7541 7477
f 7474 7477 7433
f 7433 7477 7435
f 5857 5859 6246
f 6246 5859 5917
f 6246 5917 6333
f 6333 5917 6025
f 6025 6497 6333
f 6333 6497 6993
f 6333 6993 6246
f 6246 6993 6892
f 6246 6892 6202
f 6202 6892 6803
f 6202 6803 6183
f 6183 6803 6771
f 6183 6771 6176
f 6176 6771 6748
f 6176 6748 6164
f 6164 6748 6737
f 6164 6737 6157
f 6157 6737 6731
f 6157 6731 6156
f 6156 6731 6727
f 6156 6727 6158
f 6158 6727 6733
f 6158 6733 6166
f 6166 6733 6742
f 6166 6742 6171
f 6171 6742 6744
f 6171 6744 6177
f 6177 6744 6749
f 6177 6749 6181
f 6181 6749 6762
f 6181 6762 6187
f 6187 6762 6780
f 6187 6780 6194
f 6194 6780 6791
f 6194 6791 6204
f 6204 6791 6804
f 6204 6804 6214
f 6214 6804 6830
f 6214 6830 6230
f 6230 6830 6872
f 6230 6872 6247
f 6247 6872 6893
f 6247 6893 6258
f 6258 6893 6913
f 6258 6913 6280
f 6280 6913 6934
f 6280 6934 6324
f 6324 6934 6977
f 6324 6977 6348
f 6348 6977 7016
f 6348 7016 6380
f 6380 7016 7062
f 6380 7062 6413
f 6413 7062 7090
f 6413 7090 6429
f 6429 7090 7100
f 6429 7100 6448
f 6448 7100 7112
f 6448 7112 6460
f 6460 7112 7126
f 6460 7126 6473
f 6473 7126 7138
f 6473 7138 6483
f 6483 7138 7147
f 6483 7147 6495
f 6495 7147 7153
f 6495 7153 6502
f 6502 7153 7158
f 6502 7158 6505
f 6505 7158 7163
f 6505 7163 7160
f 7160 7163 7429
f 6497 7154 6993
f 6993 7154 7389
f 6993 7389 6892
f 6892 7389 7372
f 6892 7372 6803
f 6803 7372 7360
f 6803 7360 6771
f 6771 7360 7309
f 6771 7309 6748
f 6748 7309 7295
f 6748 7295 6737
f 6737 7295 7291
f 6737 7291 6731
f 6731 7291 7285
f 6731 7285 6727
f 6727 7285 7284
f 6727 7284 6733
f 6733 7284 7288
f 6733 7288 6742
f 6742 7288 7292
f 6742 7292 6744
f 6744 7292 7293
f 6744 7293 6749
f 6749 7293 7296
f 6749 7296 6762
f 6762 7296 7303
f 6762 7303 6780
f 6780 7303 7321
f 6780 7321 6791
f 6791 7321 7344
f 6791 7344 6804
f 6804 7344 7361
f 6804 7361 6830
f 6830 7361 7363
f 6830 7363 6872
f 6872 7363 7369
f 6872 7369 6893
f 6893 7369 7373
f 6893 7373 6913
f 6913 7373 7375
f 6913 7375 6934
f 6934 7375 7378
f 6934 7378 6977
f 6977 7378 7384
f 6977 7384 7016
f 7016 7384 7394
f 7016 7394 7062
f 7062 7394 7399
f 7062 7399 7090
f 7090 7399 7403
f 7090 7403 7100
f 7100 7403 7405
f 7100 7405 7112
f 7112 7405 7409
f 7112 7409 7126
f 7126 7409 7421
f 7126 7421 7138
f 7138 7421 7423
f 7138 7423 7147
f 7147 7423 7424
f 7147 7424 7153
f 7153 7424 7426
f 7153 7426 7158
f 7158 7426 7428
f 7158 7428 7163
f 7163 7428 7430
f 7163 7430 7429
f 7429 7430 7519
f 8123 8066 7846
f 7846 8066 8063
f 8063 8013 7846
f 7846 8013 7836
f 7846 7836 7811
f 7811 7836 7801
f 7811 7801 7776
f 7776 7801 7766
f 7776 7766 7741
f 7741 7766 7731
f 7741 7731 7703
f 7703 7731 7690
f 7703 7690 7642
f 7642 7690 7630
f 7642 7630 7581
f 7581 7630 7567
f 7581 7567 7517
f 7517 7567 7503
f 7517 7503 7493
f 7493 7503 7470
f 8133 8123 7848
f 7848 8123 7846
f 7848 7846 7813
f 7813 7846 7811
f 7813 7811 7778
f 7778 7811 7776
f 7778 7776 7743
f 7743 7776 7741
f 7743 7741 7705
f 7705 7741 7703
f 7705 7703 7644
f 7644 7703 7642
f 7644 7642 7583
f 7583 7642 7581
f 7583 7581 7519
f 7581 7517 7519
f 7519 7517 7493
f 7519 7493 7429
f 6025 6032 6497
f 6497 6032 6504
f 6497 6504 7154
f 7154 6504 7160
f 7154 7160 7427
f 7427 7160 7429
f 7427 7429 7466
f 7466 7429 7493
f 8817 8926 8824
f 8824 8926 8931
f 8824 8931 8830
f 8830 8931 8933
f 8830 8933 8842
f 8842 8933 8944
f 8842 8944 8878
f 8878 8944 8959
f 8878 8959 8971
f 8814 8828 8817
f 8817 8828 8840
f 8840 8853 8817
f 8817 8853 8868
f 8817 8868 8926
f 8926 8868 8881
f 8881 8889 8926
f 8926 8889 8903
f 8926 8903 8923
f 8923 8903 8921
f 9018 9028 9012
f 9012 8994 9018
f 9018 8994 8977
f 9018 8977 8997
f 8997 8977 8952
f 8997 8952 8995
f 8995 8952 8945
f 8995 8945 8971
f 8971 8945 8919
f 8971 8919 8878
f 9027 9028 9018
f 8337 8357 8415
f 8000 8021 8089
f 8981 8991 9005
f 8969 8971 8959
f 8983 8985 8964
f 8964 8985 8967
f 8786 8760 8709
f 8519 8438 8454
f 8454 8438 8432
f 8454 8432 8375
f 8586 8590 8635
f 8681 8734 8705
f 8705 8660 8681
f 8681 8660 8647
f 8681 8647 8635
f 8635 8647 8616
f 8635 8616 8586
f 8586 8571 8590
f 8590 8571 8521
f 8590 8521 8519
f 8519 8521 8491
f 8519 8491 8438
f 8768 8754 8782
f 8782 8754 8708
f 8818 8801 8834
f 8834 8801 8768
f 8892 8880 8908
f 8908 8880 8865
f 8864 8844 8873
f 8873 8844 8818
f 8941 8939 8957
f 8957 8939 8937
f 8957 8937 8949
f 8949 8937 8928
f 8949 8928 8925
f 8892 8908 8896
f 8896 8908 8936
f 8896 8936 8905
f 8961 8949 8936
f 8936 8949 8925
f 8936 8925 8905
f 8979 8961 8955
f 8955 8961 8936
f 8955 8936 8946
f 8946 8936 8908
f 8946 8908 8935
f 8944 8942 8958
f 8818 8834 8873
f 8873 8834 8860
f 8873 8860 8899
f 8899 8860 8929
f 8899 8929 8954
f 8954 8929 8966
f 8954 8966 8974
f 8979 8955 8974
f 8974 8955 8946
f 8974 8946 8954
f 8954 8946 8935
f 8954 8935 8899
f 8899 8935 8908
f 8899 8908 8873
f 8873 8908 8865
f 8873 8865 8864
f 8750 8826 8805
f 8805 8826 8854
f 8805 8854 8859
f 8859 8854 8904
f 8859 8904 8906
f 8698 8603 8644
f 8644 8728 8698
f 8698 8728 8741
f 8698 8741 8750
f 8750 8741 8799
f 8750 8799 8826
f 8863 8910 8934
f 8934 8910 8951
f 8934 8951 8973
f 8768 8782 8834
f 8834 8782 8813
f 8834 8813 8860
f 8860 8813 8885
f 8860 8885 8929
f 8929 8885 8947
f 8929 8947 8966
f 8966 8947 8978
f 8966 8978 8974
f 8974 8978 8989
f 8974 8989 8979
f 8979 8989 8983
f 8979 8983 8961
f 8961 8983 8964
f 8961 8964 8949
f 8949 8964 8967
f 8949 8967 8957
f 9004 9009 8999
f 9013 9016 9003
f 9003 9016 9007
f 9003 9007 8992
f 8992 9007 8996
f 8992 8996 8969
f 9009 9013 8999
f 8999 9013 9003
f 8999 9003 8990
f 8990 9003 8992
f 8990 8992 8968
f 8968 8992 8969
f 8968 8969 8958
f 8958 8969 8959
f 8958 8959 8944
f 8942 8941 8958
f 8958 8941 8957
f 8958 8957 8968
f 8968 8957 8967
f 8968 8967 8990
f 8990 8967 8985
f 8990 8985 8999
f 8999 8985 8983
f 8999 8983 9004
f 9004 8983 8989
f 9004 8989 9000
f 9000 8989 8978
f 8910 8950 8963
f 8910 8963 8951
f 8951 8963 8976
f 8951 8976 8973
f 8991 8981 8987
f 9011 9014 9019
f 9024 9025 9020
f 9020 9025 9022
f 9011 9019 9015
f 9015 9019 9021
f 9015 9021 9020
f 9020 9021 9023
f 9020 9023 9024
f 8976 8987 8973
f 8973 8987 8981
f 8973 8981 8998
f 8998 8981 9005
f 8998 9005 9008
f 8760 8786 8839
f 8839 8786 8863
f 8839 8863 8909
f 8909 8863 8934
f 8909 8934 8962
f 8962 8934 8973
f 8962 8973 8986
f 8986 8973 8998
f 8986 8998 9011
f 9011 8998 9008
f 9011 9008 9014
f 8134 8063 8066
f 8193 8237 8250
f 8193 8250 8248
f 8237 8193 8188
f 8188 8193 8134
f 8188 8134 8182
f 8182 8134 8066
f 8182 8066 8123
f 8472 8418 8443
f 8364 8395 8418
f 8418 8395 8436
f 8418 8436 8443
f 8250 8293 8248
f 8248 8293 8314
f 8248 8314 8307
f 8307 8314 8343
f 8307 8343 8364
f 8364 8343 8376
f 8364 8376 8395
f 8859 8812 8805
f 8805 8812 8755
f 8805 8755 8750
f 8750 8755 8704
f 8750 8704 8698
f 8698 8704 8655
f 8698 8655 8603
f 8603 8655 8567
f 8603 8567 8530
f 8530 8567 8492
f 8530 8492 8472
f 8472 8492 8435
f 8472 8435 8418
f 8418 8435 8379
f 8418 8379 8364
f 8364 8379 8324
f 8364 8324 8307
f 8307 8324 8273
f 8307 8273 8248
f 8248 8273 8214
f 8248 8214 8193
f 8193 8214 8150
f 8193 8150 8134
f 8134 8150 8072
f 8134 8072 8063
f 8000 7978 7974
f 7963 8021 7942
f 7942 8021 8000
f 7942 8000 7936
f 7936 8000 7974
f 7936 7974 7919
f 8148 8103 8067
f 8067 8103 8034
f 8067 8034 8031
f 7964 8001 8072
f 8072 8001 8013
f 8072 8013 8063
f 8278 8190 8215
f 8215 8190 8187
f 8215 8187 8148
f 8148 8187 8104
f 8148 8104 8103
f 8337 8263 8278
f 8278 8263 8252
f 8278 8252 8190
f 8415 8344 8337
f 8337 8344 8317
f 8337 8317 8263
f 8357 8337 8296
f 8296 8337 8278
f 8296 8278 8233
f 8233 8278 8215
f 8233 8215 8167
f 8167 8215 8148
f 8167 8148 8089
f 8089 8148 8067
f 8089 8067 8000
f 8000 8067 8031
f 8000 8031 7978
f 8760 8734 8709
f 8709 8734 8681
f 8709 8681 8662
f 8662 8681 8635
f 8662 8635 8617
f 8617 8635 8590
f 8617 8590 8533
f 8533 8590 8519
f 8533 8519 8471
f 8471 8519 8454
f 8471 8454 8415
f 8415 8454 8375
f 8415 8375 8344
f 9025 9026 9022
f 9022 9026 9027
f 9022 9027 9017
f 9017 9027 9018
f 9017 9018 8997
f 8971 8969 8995
f 8995 8969 8996
f 8995 8996 8997
f 8997 8996 9007
f 8997 9007 9017
f 9017 9007 9016
f 9017 9016 9022
f 9022 9016 9013
f 9022 9013 9020
f 9020 9013 9009
f 9020 9009 9015
f 9015 9009 9004
f 9015 9004 9011
f 9011 9004 9000
f 9011 9000 8986
f 8986 9000 8978
f 8986 8978 8962
f 8962 8978 8947
f 8962 8947 8909
f 8909 8947 8885
f 8909 8885 8839
f 8839 8885 8813
f 8839 8813 8760
f 8760 8813 8782
f 8760 8782 8734
f 8734 8782 8708
f 8734 8708 8705
f 8443 8495 8472
f 8472 8495 8529
f 8472 8529 8530
f 8530 8529 8563
f 8530 8563 8603
f 8603 8563 8633
f 8603 8633 8644
f 7963 7964 8021
f 8021 7964 8072
f 8021 8072 8089
f 8089 8072 8150
f 8089 8150 8167
f 8167 8150 8214
f 8167 8214 8233
f 8233 8214 8273
f 8233 8273 8296
f 8296 8273 8324
f 8296 8324 8357
f 8357 8324 8379
f 8357 8379 8415
f 8415 8379 8435
f 8415 8435 8471
f 8471 8435 8492
f 8471 8492 8533
f 8533 8492 8567
f 8533 8567 8617
f 8617 8567 8655
f 8617 8655 8662
f 8662 8655 8704
f 8662 8704 8709
f 8709 8704 8755
f 8709 8755 8786
f 8786 8755 8812
f 8786 8812 8863
f 8863 8812 8859
f 8863 8859 8910
f 8910 8859 8906
f 8910 8906 8950
f 8126 8135 8209
f 7876 7877 7900
f 7959 7940 7946
f 8103 8104 8090
f 8865 8880 8867
f 8867 8880 8882
f 8690 8643 8660
f 8811 8848 8837
f 8485 8468 8487
f 8487 8468 8460
f 8468 8451 8460
f 8460 8451 8401
f 8460 8401 8397
f 8520 8522 8523
f 8523 8522 8557
f 8592 8637 8628
f 8628 8589 8592
f 8592 8589 8581
f 8592 8581 8557
f 8557 8581 8554
f 8557 8554 8523
f 8679 8726 8716
f 8716 8694 8679
f 8679 8694 8672
f 8679 8672 8637
f 8637 8672 8630
f 8637 8630 8628
f 8874 8893 8887
f 8887 8871 8874
f 8874 8871 8866
f 8874 8866 8848
f 8848 8866 8841
f 8848 8841 8837
f 8837 8800 8811
f 8811 8800 8795
f 8811 8795 8770
f 8770 8795 8759
f 8770 8759 8726
f 8726 8759 8744
f 8726 8744 8716
f 8916 8923 8921
f 8921 8913 8916
f 8916 8913 8912
f 8916 8912 8907
f 8907 8912 8902
f 8907 8902 8893
f 8893 8902 8894
f 8893 8894 8887
f 8926 8923 8920
f 8920 8923 8916
f 8920 8916 8914
f 8914 8916 8907
f 8914 8907 8901
f 8901 8907 8893
f 8901 8893 8883
f 8883 8893 8874
f 8883 8874 8855
f 8855 8874 8848
f 8855 8848 8823
f 8823 8848 8811
f 8823 8811 8781
f 8781 8811 8770
f 8781 8770 8736
f 8736 8770 8726
f 8736 8726 8693
f 8693 8726 8679
f 8693 8679 8648
f 8648 8679 8637
f 8648 8637 8606
f 8606 8637 8592
f 8606 8592 8564
f 8564 8592 8557
f 8564 8557 8528
f 8528 8557 8522
f 8486 8425 8438
f 8559 8586 8595
f 8595 8586 8616
f 8595 8616 8643
f 8643 8616 8647
f 8643 8647 8660
f 8438 8491 8486
f 8486 8491 8521
f 8486 8521 8559
f 8559 8521 8571
f 8559 8571 8586
f 8849 8847 8807
f 8761 8784 8807
f 8807 8784 8829
f 8807 8829 8849
f 8864 8849 8844
f 8844 8849 8829
f 8844 8829 8818
f 8818 8829 8784
f 8818 8784 8801
f 8925 8918 8891
f 8925 8928 8918
f 8918 8928 8937
f 8918 8937 8930
f 8880 8892 8882
f 8882 8892 8896
f 8882 8896 8891
f 8891 8896 8905
f 8891 8905 8925
f 8932 8933 8931
f 8864 8865 8849
f 8849 8865 8867
f 8849 8867 8847
f 8847 8867 8882
f 8847 8882 8877
f 8877 8882 8891
f 8877 8891 8897
f 8897 8891 8918
f 8897 8918 8917
f 8917 8918 8930
f 8917 8930 8924
f 8924 8930 8932
f 8924 8932 8927
f 8927 8932 8931
f 8660 8705 8690
f 8690 8705 8708
f 8690 8708 8737
f 8737 8708 8754
f 8737 8754 8768
f 7888 7898 7931
f 7931 7898 7901
f 7931 7901 7904
f 7991 7966 7960
f 7960 7966 7938
f 7960 7938 7931
f 7931 7938 7912
f 7931 7912 7888
f 7888 7912 7880
f 8103 8090 8034
f 7904 7919 7931
f 7931 7919 7974
f 7931 7974 7960
f 7960 7974 7978
f 7960 7978 7991
f 7991 7978 8031
f 8104 8187 8172
f 8172 8187 8190
f 8172 8190 8240
f 8190 8252 8240
f 8240 8252 8263
f 8240 8263 8303
f 8737 8717 8690
f 8690 8717 8669
f 8690 8669 8643
f 8643 8669 8621
f 8643 8621 8595
f 8595 8621 8584
f 8595 8584 8559
f 8559 8584 8545
f 8559 8545 8486
f 8486 8545 8475
f 8486 8475 8425
f 8425 8475 8416
f 8425 8416 8368
f 8368 8416 8354
f 8368 8354 8303
f 8303 8354 8290
f 8303 8290 8240
f 8240 8290 8226
f 8240 8226 8172
f 8172 8226 8155
f 7858 7889 7856
f 7856 7889 7884
f 7856 7884 7851
f 7914 7910 7906
f 7858 7860 7889
f 7889 7860 7862
f 7889 7862 7893
f 7893 7862 7866
f 7893 7866 7868
f 7925 7921 7893
f 7893 7921 7914
f 7893 7914 7889
f 7889 7914 7906
f 7889 7906 7884
f 7959 7946 7969
f 8037 8035 8015
f 8035 8037 8086
f 8086 8037 8115
f 8086 8115 8114
f 7973 7977 8042
f 8042 7977 8045
f 8042 8045 8126
f 7876 7900 7870
f 7868 7870 7893
f 7893 7870 7900
f 7893 7900 7925
f 7925 7900 7930
f 7925 7930 7993
f 7946 7951 7980
f 7980 7951 7983
f 7980 7983 8050
f 8050 7983 8053
f 8050 8053 8084
f 8084 8053 8094
f 8034 8090 8020
f 8020 8090 8071
f 8020 8071 8002
f 8002 8071 8059
f 8002 8059 7993
f 7993 8059 7986
f 7993 7986 7925
f 7877 7880 7900
f 7900 7880 7912
f 7900 7912 7930
f 7930 7912 7938
f 7930 7938 7993
f 7993 7938 7966
f 7993 7966 8002
f 8002 7966 7991
f 8002 7991 8020
f 8020 7991 8031
f 8020 8031 8034
f 8114 8115 8170
f 8170 8115 8200
f 8170 8200 8198
f 8198 8200 8242
f 8242 8200 8266
f 8242 8266 8264
f 8332 8266 8270
f 8270 8266 8200
f 8270 8200 8203
f 8203 8200 8115
f 8203 8115 8118
f 8118 8115 8037
f 8401 8392 8397
f 8397 8392 8387
f 8397 8387 8332
f 8332 8387 8328
f 8332 8328 8266
f 8266 8328 8316
f 8266 8316 8264
f 8535 8489 8469
f 8469 8489 8464
f 8469 8464 8411
f 8411 8464 8403
f 8411 8403 8345
f 8345 8403 8339
f 8345 8339 8285
f 8285 8339 8276
f 8285 8276 8218
f 8218 8276 8209
f 8218 8209 8147
f 8147 8209 8135
f 8489 8487 8464
f 8464 8487 8460
f 8464 8460 8403
f 8403 8460 8397
f 8403 8397 8339
f 8339 8397 8332
f 8339 8332 8276
f 8276 8332 8270
f 8276 8270 8209
f 8209 8270 8203
f 8209 8203 8126
f 8126 8203 8118
f 8126 8118 8042
f 8042 8118 8037
f 8042 8037 7973
f 7973 8037 8015
f 7973 8015 8004
f 8104 8172 8090
f 8090 8172 8155
f 8090 8155 8071
f 8071 8155 8094
f 8071 8094 8059
f 8059 8094 8053
f 8059 8053 7986
f 7986 8053 7983
f 7986 7983 7925
f 7925 7983 7951
f 7925 7951 7921
f 7921 7951 7946
f 7921 7946 7914
f 7914 7946 7940
f 7914 7940 7910
f 8944 8933 8942
f 8942 8933 8932
f 8942 8932 8941
f 8941 8932 8930
f 8941 8930 8939
f 8939 8930 8937
f 8931 8926 8927
f 8927 8926 8920
f 8927 8920 8924
f 8924 8920 8914
f 8924 8914 8917
f 8917 8914 8901
f 8917 8901 8897
f 8897 8901 8883
f 8897 8883 8877
f 8877 8883 8855
f 8877 8855 8847
f 8847 8855 8823
f 8847 8823 8807
f 8807 8823 8781
f 8807 8781 8761
f 8761 8781 8736
f 8761 8736 8703
f 8703 8736 8693
f 8703 8693 8659
f 8659 8693 8648
f 8659 8648 8618
f 8618 8648 8606
f 8618 8606 8573
f 8573 8606 8564
f 8573 8564 8535
f 8535 8564 8528
f 8535 8528 8489
f 8489 8528 8522
f 8489 8522 8487
f 8487 8522 8520
f 8487 8520 8485
f 8263 8317 8303
f 8303 8317 8344
f 8303 8344 8368
f 8368 8344 8375
f 8368 8375 8425
f 8425 8375 8432
f 8425 8432 8438
f 8004 7969 7973
f 7973 7969 7946
f 7973 7946 7977
f 7977 7946 7980
f 7977 7980 8045
f 8045 7980 8050
f 8045 8050 8126
f 8126 8050 8084
f 8126 8084 8135
f 8135 8084 8094
f 8135 8094 8147
f 8147 8094 8155
f 8147 8155 8218
f 8218 8155 8226
f 8218 8226 8285
f 8285 8226 8290
f 8285 8290 8345
f 8345 8290 8354
f 8345 8354 8411
f 8411 8354 8416
f 8411 8416 8469
f 8469 8416 8475
f 8469 8475 8535
f 8535 8475 8545
f 8535 8545 8573
f 8573 8545 8584
f 8573 8584 8618
f 8618 8584 8621
f 8618 8621 8659
f 8659 8621 8669
f 8659 8669 8703
f 8703 8669 8717
f 8703 8717 8761
f 8761 8717 8737
f 8761 8737 8784
f 8784 8737 8768
f 8784 8768 8801
f 8242 8264 8260
f 8316 8328 8326
f 8170 8198 8195
f 7906 7910 7909
f 8005 8036 8039
f 8330 8334 8275
f 8272 8275 8210
f 8627 8631 8667
f 8631 8627 8596
f 8695 8666 8677
f 8531 8499 8502
f 8553 8524 8531
f 8531 8524 8518
f 8531 8518 8499
f 8518 8493 8499
f 8499 8493 8473
f 8499 8473 8453
f 8453 8473 8448
f 8453 8448 8410
f 8610 8582 8588
f 8765 8789 8767
f 8767 8749 8765
f 8765 8749 8733
f 8765 8733 8738
f 8738 8733 8723
f 8738 8723 8710
f 8710 8723 8697
f 8622 8661 8652
f 8652 8661 8677
f 8652 8677 8653
f 8653 8677 8666
f 8822 8810 8803
f 8803 8810 8789
f 8803 8789 8779
f 8779 8789 8765
f 8779 8765 8753
f 8753 8765 8738
f 8753 8738 8722
f 8722 8738 8710
f 8722 8710 8691
f 8814 8796 8810
f 8810 8796 8791
f 8810 8791 8789
f 8789 8791 8774
f 8789 8774 8767
f 8568 8601 8596
f 8596 8601 8631
f 8631 8601 8636
f 8631 8636 8667
f 8667 8636 8671
f 8667 8671 8701
f 8701 8671 8707
f 8701 8707 8735
f 8735 8707 8740
f 8735 8740 8766
f 8766 8740 8773
f 8766 8773 8809
f 8850 8857 8845
f 8850 8836 8832
f 8832 8836 8816
f 8832 8816 8809
f 8809 8816 8792
f 8809 8792 8766
f 8850 8845 8836
f 8836 8845 8822
f 8836 8822 8816
f 8816 8822 8803
f 8816 8803 8792
f 8792 8803 8779
f 8792 8779 8766
f 8766 8779 8753
f 8766 8753 8735
f 8735 8753 8722
f 8735 8722 8701
f 8701 8722 8691
f 8701 8691 8667
f 8653 8634 8652
f 8652 8634 8619
f 8652 8619 8622
f 8622 8619 8591
f 8622 8591 8593
f 8593 8591 8565
f 8593 8565 8566
f 8566 8565 8538
f 8566 8538 8539
f 8539 8538 8511
f 8539 8511 8509
f 8509 8511 8450
f 8509 8450 8479
f 8383 8384 8446
f 8446 8384 8449
f 8446 8449 8483
f 8387 8392 8390
f 8390 8392 8401
f 8515 8520 8523
f 8382 8383 8441
f 8441 8383 8446
f 8441 8446 8480
f 8480 8446 8483
f 8480 8483 8512
f 8512 8483 8515
f 8512 8515 8546
f 8546 8515 8523
f 8523 8554 8546
f 8546 8554 8581
f 8546 8581 8583
f 8583 8581 8589
f 8583 8589 8620
f 8520 8515 8485
f 8485 8515 8483
f 8485 8483 8468
f 8468 8483 8449
f 8468 8449 8451
f 8790 8785 8756
f 8756 8785 8752
f 8756 8752 8720
f 8720 8752 8718
f 8720 8718 8680
f 8680 8718 8676
f 8680 8676 8645
f 8645 8676 8641
f 8645 8641 8609
f 8609 8641 8608
f 8609 8608 8572
f 8572 8608 8570
f 8572 8570 8541
f 8541 8570 8540
f 8541 8540 8503
f 8503 8540 8506
f 8503 8506 8477
f 8790 8821 8785
f 8785 8821 8778
f 8785 8778 8752
f 8752 8778 8748
f 8752 8748 8718
f 8718 8748 8711
f 8718 8711 8676
f 8676 8711 8674
f 8676 8674 8641
f 8641 8674 8638
f 8641 8638 8608
f 8608 8638 8604
f 8608 8604 8570
f 8570 8604 8569
f 8570 8569 8540
f 8540 8569 8542
f 8540 8542 8506
f 8870 8857 8862
f 8862 8857 8850
f 8862 8850 8846
f 8846 8850 8832
f 8846 8832 8821
f 8821 8832 8809
f 8821 8809 8778
f 8778 8809 8773
f 8778 8773 8748
f 8748 8773 8740
f 8748 8740 8711
f 8711 8740 8707
f 8711 8707 8674
f 8674 8707 8671
f 8674 8671 8638
f 8638 8671 8636
f 8638 8636 8604
f 8604 8636 8601
f 8604 8601 8569
f 8569 8601 8568
f 8569 8568 8542
f 8884 8870 8875
f 8875 8870 8862
f 8875 8862 8858
f 8858 8862 8846
f 8858 8846 8835
f 8835 8846 8821
f 8835 8821 8797
f 8797 8821 8790
f 8797 8790 8762
f 8762 8790 8756
f 8762 8756 8725
f 8725 8756 8720
f 8725 8720 8686
f 8686 8720 8680
f 8686 8680 8649
f 8649 8680 8645
f 8649 8645 8611
f 8611 8645 8609
f 8611 8609 8574
f 8574 8609 8572
f 8574 8572 8543
f 8543 8572 8541
f 8543 8541 8505
f 8505 8541 8503
f 8505 8503 8476
f 8476 8503 8477
f 8476 8477 8439
f 8439 8477 8442
f 8439 8442 8389
f 8389 8442 8391
f 8389 8391 8334
f 8716 8744 8702
f 8702 8744 8745
f 8851 8820 8841
f 8841 8866 8851
f 8851 8866 8871
f 8851 8871 8872
f 8744 8759 8745
f 8745 8759 8795
f 8745 8795 8783
f 8783 8795 8800
f 8783 8800 8820
f 8820 8800 8837
f 8820 8837 8841
f 8589 8628 8620
f 8620 8628 8630
f 8620 8630 8664
f 8664 8630 8672
f 8664 8672 8702
f 8702 8672 8694
f 8702 8694 8716
f 7896 7895 7922
f 7922 7895 7892
f 7916 7891 7886
f 7908 7883 7881
f 7879 7878 7905
f 7905 7878 7875
f 8051 8016 8009
f 8009 8016 7981
f 8009 7981 7971
f 7971 7981 7944
f 7971 7944 7934
f 7934 7944 7908
f 7934 7908 7905
f 7905 7908 7881
f 7905 7881 7879
f 8070 8027 8064
f 8064 8027 8023
f 8064 8023 8060
f 8060 8023 8017
f 7899 7874 7873
f 7873 7872 7897
f 7897 7872 7871
f 7873 7897 7899
f 7899 7897 7928
f 7899 7928 7932
f 7932 7928 7962
f 7932 7962 7965
f 7965 7962 7996
f 7965 7996 8003
f 8003 7996 8030
f 8003 8030 8038
f 8038 8030 8074
f 8038 8074 8083
f 7864 7890 7865
f 7865 7890 7894
f 7865 7894 7867
f 7867 7894 7869
f 8027 7994 8023
f 8023 7994 7989
f 8023 7989 8017
f 8017 7989 7985
f 8017 7985 8014
f 8014 8052 8017
f 8017 8052 8056
f 8017 8056 8060
f 8634 8610 8619
f 8619 8610 8588
f 8619 8588 8591
f 8591 8588 8562
f 8591 8562 8565
f 8565 8562 8536
f 8565 8536 8538
f 8538 8536 8510
f 8538 8510 8511
f 8511 8510 8455
f 8511 8455 8450
f 8450 8455 8400
f 8450 8400 8398
f 8398 8400 8342
f 8398 8342 8341
f 8341 8342 8286
f 8341 8286 8284
f 8284 8286 8222
f 8284 8222 8220
f 8220 8222 8156
f 8220 8156 8153
f 8479 8447 8444
f 8444 8447 8396
f 8444 8396 8394
f 8394 8396 8338
f 8394 8338 8336
f 8336 8338 8282
f 8336 8282 8277
f 8277 8282 8217
f 8277 8217 8212
f 8212 8217 8149
f 8212 8149 8144
f 8479 8450 8447
f 8447 8450 8398
f 8447 8398 8396
f 8396 8398 8341
f 8396 8341 8338
f 8338 8341 8284
f 8338 8284 8282
f 8282 8284 8220
f 8282 8220 8217
f 8217 8220 8153
f 8217 8153 8149
f 8139 8129 8166
f 8166 8129 8124
f 8166 8124 8163
f 8163 8124 8121
f 8163 8121 8116
f 8275 8272 8330
f 8330 8272 8329
f 8330 8329 8385
f 8334 8330 8389
f 8389 8330 8385
f 8389 8385 8439
f 8439 8385 8440
f 8439 8440 8476
f 8476 8440 8478
f 8476 8478 8505
f 8505 8478 8508
f 8505 8508 8543
f 8543 8508 8544
f 8543 8544 8574
f 8574 8544 8577
f 8574 8577 8611
f 8611 8577 8613
f 8611 8613 8649
f 8649 8613 8654
f 8649 8654 8686
f 8686 8654 8692
f 8686 8692 8725
f 8725 8692 8730
f 8725 8730 8762
f 8762 8730 8769
f 8762 8769 8797
f 8797 8769 8806
f 8797 8806 8835
f 8697 8695 8710
f 8710 8695 8677
f 8710 8677 8691
f 8691 8677 8661
f 8691 8661 8667
f 8667 8661 8622
f 8667 8622 8627
f 8627 8622 8593
f 8627 8593 8596
f 8596 8593 8566
f 8596 8566 8568
f 8568 8566 8539
f 8568 8539 8542
f 8542 8539 8509
f 8542 8509 8506
f 8506 8509 8479
f 8506 8479 8477
f 8477 8479 8444
f 8477 8444 8442
f 8442 8444 8394
f 8442 8394 8391
f 8391 8394 8336
f 8391 8336 8334
f 8334 8336 8277
f 8334 8277 8275
f 8275 8277 8212
f 8275 8212 8210
f 8210 8212 8144
f 7859 7887 7861
f 7861 7887 7890
f 7861 7890 7863
f 7863 7890 7864
f 7859 7857 7887
f 7887 7857 7855
f 7887 7855 7885
f 7972 8006 7975
f 7975 8006 8010
f 7975 8010 7979
f 7979 8010 8014
f 7979 8014 7984
f 7984 8014 7985
f 8006 8044 8010
f 8010 8044 8046
f 8010 8046 8014
f 8014 8046 8049
f 8014 8049 8052
f 7855 7854 7885
f 7885 7854 7853
f 7885 7853 7882
f 7910 7937 7909
f 7909 7937 7941
f 7909 7941 7911
f 7911 7941 7945
f 7911 7945 7913
f 7913 7945 7948
f 7913 7948 7918
f 7918 7948 7952
f 7918 7952 7923
f 7923 7952 7953
f 7923 7953 7924
f 7924 7953 7956
f 7851 7884 7850
f 7850 7884 7882
f 7850 7882 7852
f 7852 7882 7853
f 7924 7894 7923
f 7923 7894 7890
f 7923 7890 7918
f 7918 7890 7887
f 7918 7887 7913
f 7913 7887 7885
f 7913 7885 7911
f 7911 7885 7882
f 7911 7882 7909
f 7909 7882 7884
f 7909 7884 7906
f 7994 7956 7989
f 7989 7956 7953
f 7989 7953 7985
f 7985 7953 7952
f 7985 7952 7984
f 7984 7952 7948
f 7984 7948 7979
f 7979 7948 7945
f 7979 7945 7975
f 7975 7945 7941
f 7975 7941 7972
f 7972 7941 7937
f 8004 8005 7968
f 8036 8033 8112
f 7940 7959 7968
f 7968 7959 7969
f 7968 7969 8004
f 8382 8325 8322
f 8121 8039 8116
f 8116 8039 8036
f 8116 8036 8113
f 8113 8036 8112
f 8113 8112 8195
f 8195 8112 8114
f 8195 8114 8170
f 8207 8205 8269
f 8269 8205 8202
f 8269 8202 8265
f 8265 8202 8199
f 8265 8199 8262
f 8262 8199 8196
f 8262 8196 8259
f 8259 8196 8260
f 8259 8260 8326
f 8326 8260 8264
f 8326 8264 8316
f 8141 8139 8207
f 8207 8139 8166
f 8207 8166 8205
f 8205 8166 8163
f 8205 8163 8202
f 8202 8163 8116
f 8202 8116 8199
f 8199 8116 8113
f 8199 8113 8196
f 8196 8113 8195
f 8196 8195 8260
f 8260 8195 8198
f 8260 8198 8242
f 8382 8322 8383
f 8383 8322 8323
f 8383 8323 8384
f 8384 8323 8390
f 8384 8390 8449
f 8449 8390 8401
f 8449 8401 8451
f 8005 8004 8036
f 8036 8004 8015
f 8036 8015 8033
f 8033 8015 8035
f 8033 8035 8112
f 8112 8035 8086
f 8112 8086 8114
f 8895 8884 8888
f 8888 8884 8875
f 8888 8875 8872
f 8872 8875 8858
f 8872 8858 8851
f 8851 8858 8835
f 8851 8835 8820
f 8820 8835 8806
f 8820 8806 8783
f 8783 8806 8769
f 8783 8769 8745
f 8745 8769 8730
f 8745 8730 8702
f 8702 8730 8692
f 8702 8692 8664
f 8664 8692 8654
f 8664 8654 8620
f 8620 8654 8613
f 8620 8613 8583
f 8583 8613 8577
f 8583 8577 8546
f 8546 8577 8544
f 8546 8544 8512
f 8512 8544 8508
f 8512 8508 8480
f 8480 8508 8478
f 8480 8478 8441
f 8441 8478 8440
f 8441 8440 8382
f 8382 8440 8385
f 8382 8385 8325
f 8325 8385 8329
f 7970 7958 8007
f 8007 7958 7957
f 8007 7957 7955
f 7998 7949 7943
f 8007 8061 8075
f 7976 7970 8018
f 8018 7970 8007
f 8018 8007 8024
f 8024 8007 8075
f 8132 8192 8201
f 8201 8160 8132
f 8132 8160 8145
f 8132 8145 8061
f 8061 8145 8081
f 8061 8081 8075
f 7926 7954 7927
f 7927 7954 7929
f 7929 7954 7935
f 7935 7954 7992
f 7935 7992 7939
f 7915 7947 7917
f 7917 7947 7920
f 7915 7907 7933
f 7933 7907 7903
f 7933 7903 7902
f 7915 7933 7947
f 7947 7933 7967
f 7947 7967 7982
f 8032 7982 7999
f 7999 7982 7967
f 7999 7967 7961
f 7961 7967 7933
f 7961 7933 7922
f 7922 7933 7902
f 7922 7902 7896
f 8169 8093 8125
f 8083 8051 8038
f 8038 8051 8009
f 8038 8009 8003
f 8003 8009 7971
f 8003 7971 7965
f 7965 7971 7934
f 7965 7934 7932
f 7932 7934 7905
f 7932 7905 7899
f 7899 7905 7875
f 7899 7875 7874
f 8074 8125 8083
f 8083 8125 8093
f 8083 8093 8051
f 8051 8093 8026
f 8051 8026 8016
f 8016 8026 7990
f 8016 7990 7981
f 7981 7990 7950
f 7981 7950 7944
f 7944 7950 7916
f 7944 7916 7908
f 7908 7916 7886
f 7908 7886 7883
f 8243 8192 8186
f 8186 8192 8132
f 8186 8132 8117
f 8117 8132 8061
f 8117 8061 8055
f 8055 8061 8007
f 8055 8007 7998
f 7998 8007 7955
f 7998 7955 7949
f 8299 8243 8241
f 8241 8243 8186
f 8241 8186 8181
f 8181 8186 8117
f 8181 8117 8106
f 8106 8117 8055
f 8106 8055 8048
f 8048 8055 7998
f 8048 7998 7992
f 7992 7998 7943
f 7992 7943 7939
f 8301 8291 8246
f 8246 8291 8251
f 8246 8251 8227
f 8358 8356 8301
f 8301 8356 8304
f 8301 8304 8291
f 8448 8420 8410
f 8410 8420 8406
f 8410 8406 8358
f 8358 8406 8360
f 8358 8360 8356
f 8457 8407 8405
f 8405 8407 8355
f 8405 8355 8352
f 8352 8355 8299
f 8352 8299 8298
f 8298 8299 8241
f 8298 8241 8238
f 8238 8241 8181
f 8238 8181 8176
f 8176 8181 8106
f 8176 8106 8099
f 8099 8106 8048
f 8099 8048 8032
f 8032 8048 7992
f 8032 7992 7982
f 7982 7992 7954
f 7982 7954 7947
f 7947 7954 7926
f 7947 7926 7920
f 8502 8457 8458
f 8458 8457 8405
f 8458 8405 8404
f 8404 8405 8352
f 8404 8352 8350
f 8350 8352 8298
f 8350 8298 8295
f 8295 8298 8238
f 8295 8238 8235
f 8235 8238 8176
f 8235 8176 8169
f 8169 8176 8099
f 8169 8099 8093
f 8093 8099 8032
f 8093 8032 8026
f 8026 8032 7999
f 8026 7999 7990
f 7990 7999 7961
f 7990 7961 7950
f 7950 7961 7922
f 7950 7922 7916
f 7916 7922 7892
f 7916 7892 7891
f 8502 8499 8457
f 8457 8499 8453
f 8457 8453 8407
f 8407 8453 8410
f 8407 8410 8355
f 8355 8410 8358
f 8355 8358 8299
f 8299 8358 8301
f 8299 8301 8243
f 8243 8301 8246
f 8243 8246 8192
f 8192 8246 8227
f 8192 8227 8201
f 8561 8553 8558
f 8558 8553 8531
f 8558 8531 8534
f 8534 8531 8502
f 8534 8502 8507
f 8507 8502 8458
f 8507 8458 8456
f 8456 8458 8404
f 8456 8404 8402
f 8402 8404 8350
f 8402 8350 8346
f 8346 8350 8295
f 8346 8295 8289
f 8289 8295 8235
f 8289 8235 8229
f 8229 8235 8169
f 8229 8169 8162
f 8162 8169 8125
f 8162 8125 8105
f 8105 8125 8074
f 8105 8074 8070
f 8070 8074 8030
f 8070 8030 8027
f 8027 8030 7996
f 8027 7996 7994
f 7994 7996 7962
f 7994 7962 7956
f 7956 7962 7928
f 7956 7928 7924
f 7924 7928 7897
f 7924 7897 7894
f 7894 7897 7871
f 7894 7871 7869
f 8871 8887 8872
f 8872 8887 8894
f 8872 8894 8888
f 8888 8894 8902
f 8888 8902 8895
f 8895 8902 8912
f 8895 8912 8913
f 8814 8810 8828
f 8828 8810 8822
f 8828 8822 8840
f 8840 8822 8845
f 8840 8845 8853
f 8853 8845 8857
f 8853 8857 8868
f 8868 8857 8870
f 8868 8870 8881
f 8881 8870 8884
f 8881 8884 8889
f 8889 8884 8895
f 8889 8895 8903
f 8903 8895 8913
f 8903 8913 8921
f 8144 8141 8210
f 8210 8141 8207
f 8210 8207 8272
f 8272 8207 8269
f 8272 8269 8329
f 8329 8269 8265
f 8329 8265 8325
f 8325 8265 8262
f 8325 8262 8322
f 8322 8262 8259
f 8322 8259 8323
f 8323 8259 8326
f 8323 8326 8390
f 8390 8326 8328
f 8390 8328 8387
f 8582 8561 8588
f 8588 8561 8558
f 8588 8558 8562
f 8562 8558 8534
f 8562 8534 8536
f 8536 8534 8507
f 8536 8507 8510
f 8510 8507 8456
f 8510 8456 8455
f 8455 8456 8402
f 8455 8402 8400
f 8400 8402 8346
f 8400 8346 8342
f 8342 8346 8289
f 8342 8289 8286
f 8286 8289 8229
f 8286 8229 8222
f 8222 8229 8162
f 8222 8162 8156
f 8156 8162 8105
f 8156 8105 8153
f 8153 8105 8070
f 8153 8070 8149
f 8149 8070 8064
f 8149 8064 8144
f 8144 8064 8060
f 8144 8060 8141
f 8141 8060 8056
f 8141 8056 8139
f 8139 8056 8052
f 8139 8052 8129
f 8129 8052 8049
f 8129 8049 8124
f 8124 8049 8046
f 8124 8046 8121
f 8121 8046 8044
f 8121 8044 8039
f 8039 8044 8006
f 8039 8006 8005
f 8005 8006 7972
f 8005 7972 7968
f 7968 7972 7937
f 7968 7937 7940
f 7940 7937 7910
f 8119 8109 8161
f 8160 8201 8208
f 8291 8304 8309
f 8356 8360 8361
f 8227 8251 8254
f 8024 8075 8082
f 8081 8145 8154
f 8143 8140 8177
f 8224 8228 8183
f 8197 8189 8234
f 8598 8597 8623
f 8890 8869 8827
f 8426 8424 8466
f 8517 8579 8594
f 8729 8757 8688
f 8688 8757 8732
f 8688 8732 8650
f 8732 8685 8650
f 8650 8685 8675
f 8650 8675 8579
f 8579 8675 8605
f 8579 8605 8594
f 8819 8833 8777
f 8777 8833 8831
f 8777 8831 8729
f 8729 8831 8780
f 8729 8780 8757
f 8861 8898 8819
f 8819 8898 8876
f 8819 8876 8833
f 8900 8948 8861
f 8861 8948 8922
f 8861 8922 8898
f 8993 8988 8972
f 8972 8988 8960
f 8993 8972 9001
f 9001 8972 8980
f 9001 8980 9002
f 8988 8982 8960
f 8960 8982 8975
f 8960 8975 8938
f 8938 8975 8970
f 8938 8970 8900
f 8900 8970 8953
f 8900 8953 8948
f 9002 8980 9006
f 9006 8980 8984
f 9006 8984 9010
f 9010 8984 8994
f 9010 8994 9012
f 8646 8678 8724
f 8724 8678 8764
f 8764 8678 8713
f 8764 8713 8804
f 8804 8713 8751
f 8804 8751 8843
f 8843 8751 8788
f 8843 8788 8879
f 8879 8788 8825
f 8879 8825 8911
f 8911 8825 8856
f 8911 8856 8943
f 8943 8856 8886
f 8943 8886 8956
f 8956 8886 8915
f 8956 8915 8965
f 8965 8915 8940
f 8965 8940 8977
f 8437 8488 8504
f 8482 8434 8430
f 8482 8430 8474
f 8504 8488 8556
f 8639 8673 8642
f 8426 8470 8427
f 8427 8470 8474
f 8427 8474 8429
f 8429 8474 8430
f 8532 8482 8516
f 8516 8482 8474
f 8516 8474 8513
f 8513 8474 8470
f 8417 8414 8459
f 8459 8414 8413
f 8412 8406 8420
f 8412 8420 8452
f 8426 8466 8470
f 8470 8466 8501
f 8470 8501 8513
f 8513 8501 8555
f 8513 8555 8516
f 8598 8555 8550
f 8550 8555 8501
f 8550 8501 8500
f 8500 8501 8466
f 8500 8466 8463
f 8463 8466 8424
f 8463 8424 8423
f 8526 8494 8518
f 8417 8459 8461
f 8461 8459 8496
f 8461 8496 8497
f 8497 8496 8525
f 8497 8525 8547
f 8518 8524 8526
f 8526 8524 8553
f 8526 8553 8551
f 8551 8553 8561
f 8551 8561 8580
f 8597 8598 8575
f 8575 8598 8550
f 8575 8550 8548
f 8548 8550 8500
f 8548 8500 8498
f 8498 8500 8463
f 8498 8463 8462
f 8462 8463 8423
f 8462 8423 8419
f 8420 8448 8452
f 8452 8448 8473
f 8452 8473 8494
f 8494 8473 8493
f 8494 8493 8518
f 8600 8614 8560
f 8560 8614 8639
f 8560 8639 8587
f 8587 8639 8642
f 8587 8642 8612
f 8706 8670 8739
f 8739 8670 8700
f 8739 8700 8776
f 8776 8700 8731
f 8776 8731 8808
f 8808 8731 8763
f 8808 8763 8838
f 8838 8763 8793
f 8758 8793 8727
f 8727 8793 8763
f 8727 8763 8699
f 8699 8763 8731
f 8699 8731 8668
f 8668 8731 8700
f 8668 8700 8640
f 8640 8700 8670
f 8612 8532 8587
f 8587 8532 8516
f 8587 8516 8560
f 8560 8516 8555
f 8560 8555 8600
f 8600 8555 8598
f 8600 8598 8624
f 8624 8598 8623
f 8624 8623 8656
f 8696 8665 8695
f 8640 8626 8668
f 8668 8626 8657
f 8668 8657 8699
f 8699 8657 8684
f 8699 8684 8727
f 8727 8684 8714
f 8727 8714 8758
f 8758 8714 8746
f 8742 8746 8712
f 8712 8746 8714
f 8712 8714 8683
f 8683 8714 8684
f 8683 8684 8656
f 8656 8684 8657
f 8656 8657 8624
f 8624 8657 8626
f 8624 8626 8600
f 8600 8626 8640
f 8600 8640 8614
f 8614 8640 8670
f 8614 8670 8639
f 8639 8670 8706
f 8639 8706 8673
f 8890 8827 8852
f 8852 8827 8787
f 8852 8787 8815
f 8815 8787 8775
f 8815 8775 8802
f 8802 8775 8771
f 8802 8771 8798
f 8772 8743 8747
f 8747 8743 8715
f 8747 8715 8719
f 8719 8715 8687
f 8719 8687 8689
f 8689 8687 8658
f 8689 8658 8663
f 8663 8658 8625
f 8663 8625 8629
f 8629 8625 8599
f 8629 8599 8602
f 8602 8599 8576
f 8602 8576 8578
f 8578 8576 8547
f 8578 8547 8549
f 8549 8547 8525
f 8772 8742 8743
f 8743 8742 8712
f 8743 8712 8715
f 8715 8712 8683
f 8715 8683 8687
f 8687 8683 8656
f 8687 8656 8658
f 8658 8656 8623
f 8658 8623 8625
f 8625 8623 8597
f 8625 8597 8599
f 8599 8597 8575
f 8599 8575 8576
f 8576 8575 8548
f 8576 8548 8547
f 8547 8548 8498
f 8547 8498 8497
f 8497 8498 8462
f 8497 8462 8461
f 8461 8462 8419
f 8461 8419 8417
f 8794 8798 8772
f 8772 8798 8771
f 8772 8771 8742
f 8742 8771 8775
f 8742 8775 8746
f 8746 8775 8787
f 8746 8787 8758
f 8758 8787 8827
f 8758 8827 8793
f 8793 8827 8869
f 8793 8869 8838
f 8695 8697 8696
f 8696 8697 8723
f 8696 8723 8721
f 8721 8723 8733
f 8721 8733 8749
f 8561 8582 8580
f 8580 8582 8610
f 8580 8610 8607
f 8607 8610 8634
f 8607 8634 8632
f 8632 8634 8653
f 8632 8653 8665
f 8665 8653 8666
f 8665 8666 8695
f 8109 8108 8161
f 8161 8108 8107
f 8161 8107 8157
f 8107 8102 8157
f 8157 8102 8098
f 8157 8098 8152
f 8098 8097 8152
f 8152 8097 8096
f 8152 8096 8146
f 8092 8088 8143
f 8143 8088 8087
f 8143 8087 8140
f 8189 8183 8234
f 8234 8183 8228
f 8234 8228 8280
f 8096 8092 8146
f 8146 8092 8143
f 8146 8143 8179
f 8179 8143 8177
f 8179 8177 8221
f 8206 8197 8245
f 8245 8197 8234
f 8245 8234 8292
f 8292 8234 8280
f 8292 8280 8333
f 8373 8333 8319
f 8319 8333 8280
f 8319 8280 8271
f 8271 8280 8228
f 8271 8228 8261
f 8261 8228 8224
f 8261 8224 8258
f 8087 8085 8140
f 8140 8085 8080
f 8140 8080 8177
f 8177 8080 8175
f 8177 8175 8221
f 8078 8077 8111
f 8076 8069 8101
f 8101 8069 8068
f 8101 8068 8095
f 8095 8068 8062
f 8255 8256 8175
f 8175 8256 8258
f 8175 8258 8221
f 8221 8258 8224
f 8221 8224 8179
f 8179 8224 8183
f 8179 8183 8146
f 8146 8183 8189
f 8146 8189 8152
f 8152 8189 8197
f 8152 8197 8157
f 8157 8197 8206
f 8157 8206 8161
f 8232 8239 8194
f 8194 8239 8204
f 8194 8204 8158
f 8158 8204 8164
f 8158 8164 8111
f 8080 8128 8175
f 8175 8128 8173
f 8175 8173 8255
f 8255 8173 8211
f 8255 8211 8249
f 8249 8211 8244
f 8079 8041 8040
f 8079 8040 8073
f 8062 8058 8095
f 8095 8058 8057
f 8095 8057 8079
f 8079 8057 8047
f 8079 8047 8041
f 8022 8065 8025
f 8025 8065 8073
f 8025 8073 8029
f 8029 8073 8040
f 8022 8019 8065
f 8065 8019 8012
f 8065 8012 8054
f 7995 8028 8043
f 8012 8011 8054
f 8054 8011 8008
f 8054 8008 8043
f 8043 8008 7997
f 8043 7997 7995
f 7976 8018 7987
f 7987 8018 8028
f 7987 8028 7988
f 7988 8028 7995
f 8075 8081 8082
f 8082 8081 8154
f 8082 8154 8091
f 8091 8154 8159
f 8091 8159 8100
f 8100 8159 8165
f 8100 8165 8110
f 8110 8165 8171
f 8110 8171 8127
f 8127 8171 8178
f 8127 8178 8142
f 8142 8178 8185
f 8142 8185 8151
f 8018 8024 8028
f 8028 8024 8082
f 8028 8082 8043
f 8043 8082 8091
f 8043 8091 8054
f 8054 8091 8100
f 8054 8100 8065
f 8065 8100 8110
f 8065 8110 8073
f 8073 8110 8127
f 8073 8127 8079
f 8079 8127 8142
f 8079 8142 8095
f 8095 8142 8151
f 8095 8151 8101
f 8080 8078 8128
f 8128 8078 8111
f 8128 8111 8173
f 8173 8111 8164
f 8173 8164 8211
f 8211 8164 8204
f 8211 8204 8244
f 8244 8204 8239
f 8422 8373 8365
f 8365 8373 8319
f 8365 8319 8311
f 8311 8319 8271
f 8311 8271 8308
f 8308 8271 8261
f 8308 8261 8306
f 8306 8261 8258
f 8306 8258 8305
f 8305 8258 8256
f 8305 8256 8302
f 8302 8256 8255
f 8302 8255 8297
f 8297 8255 8249
f 8297 8249 8294
f 8294 8249 8244
f 8294 8244 8288
f 8288 8244 8239
f 8288 8239 8283
f 8283 8239 8232
f 8283 8232 8279
f 8201 8227 8208
f 8208 8227 8254
f 8208 8254 8213
f 8213 8254 8257
f 8213 8257 8219
f 8219 8257 8267
f 8219 8267 8225
f 8225 8267 8274
f 8225 8274 8230
f 8465 8422 8409
f 8409 8422 8365
f 8409 8365 8359
f 8359 8365 8311
f 8359 8311 8353
f 8353 8311 8308
f 8353 8308 8351
f 8351 8308 8306
f 8351 8306 8349
f 8349 8306 8305
f 8349 8305 8347
f 8347 8305 8302
f 8347 8302 8340
f 8340 8302 8297
f 8340 8297 8335
f 8335 8297 8294
f 8335 8294 8327
f 8327 8294 8288
f 8327 8288 8321
f 8321 8288 8283
f 8321 8283 8318
f 8318 8283 8279
f 8504 8465 8437
f 8437 8465 8409
f 8437 8409 8399
f 8399 8409 8359
f 8399 8359 8393
f 8393 8359 8353
f 8393 8353 8386
f 8386 8353 8351
f 8386 8351 8381
f 8381 8351 8349
f 8381 8349 8380
f 8380 8349 8347
f 8380 8347 8377
f 8377 8347 8340
f 8377 8340 8374
f 8374 8340 8335
f 8374 8335 8372
f 8372 8335 8327
f 8372 8327 8369
f 8369 8327 8321
f 8369 8321 8367
f 8367 8321 8318
f 8367 8318 8366
f 8304 8356 8309
f 8309 8356 8361
f 8309 8361 8312
f 8312 8361 8363
f 8312 8363 8315
f 8251 8291 8254
f 8254 8291 8309
f 8254 8309 8257
f 8257 8309 8312
f 8257 8312 8267
f 8267 8312 8315
f 8267 8315 8274
f 8145 8160 8154
f 8154 8160 8208
f 8154 8208 8159
f 8159 8208 8213
f 8159 8213 8165
f 8165 8213 8219
f 8165 8219 8171
f 8171 8219 8225
f 8171 8225 8178
f 8178 8225 8230
f 8178 8230 8185
f 8366 8413 8367
f 8367 8413 8414
f 8367 8414 8369
f 8369 8414 8417
f 8369 8417 8372
f 8372 8417 8419
f 8372 8419 8374
f 8374 8419 8423
f 8374 8423 8377
f 8377 8423 8424
f 8377 8424 8380
f 8380 8424 8426
f 8380 8426 8381
f 8381 8426 8427
f 8381 8427 8386
f 8386 8427 8429
f 8386 8429 8393
f 8393 8429 8430
f 8393 8430 8399
f 8399 8430 8434
f 8399 8434 8437
f 8437 8434 8482
f 8437 8482 8488
f 8488 8482 8532
f 8488 8532 8556
f 8556 8532 8612
f 8133 8138 8180
f 8180 8138 8137
f 8180 8137 8136
f 8231 8191 8180
f 8180 8191 8184
f 8180 8184 8133
f 8281 8247 8231
f 8231 8247 8236
f 8231 8236 8191
f 8320 8310 8281
f 8281 8310 8287
f 8281 8287 8247
f 8130 8122 8168
f 8168 8122 8120
f 8370 8371 8320
f 8320 8371 8331
f 8320 8331 8310
f 8467 8433 8421
f 8421 8433 8428
f 8421 8428 8370
f 8370 8428 8378
f 8370 8378 8371
f 8594 8537 8517
f 8517 8537 8514
f 8517 8514 8467
f 8467 8514 8484
f 8467 8484 8433
f 8724 8682 8646
f 8646 8682 8651
f 8646 8651 8585
f 8585 8651 8615
f 8585 8615 8527
f 8527 8615 8552
f 8527 8552 8481
f 8481 8552 8490
f 8481 8490 8431
f 8431 8490 8445
f 8431 8445 8388
f 8388 8445 8408
f 8388 8408 8348
f 8348 8408 8362
f 8348 8362 8300
f 8300 8362 8313
f 8300 8313 8253
f 8253 8313 8268
f 8253 8268 8216
f 8216 8268 8223
f 8216 8223 8168
f 8168 8223 8174
f 8168 8174 8130
f 8130 8174 8131
f 8977 8994 8965
f 8965 8994 8984
f 8965 8984 8956
f 8956 8984 8980
f 8956 8980 8943
f 8943 8980 8972
f 8943 8972 8911
f 8911 8972 8960
f 8911 8960 8879
f 8879 8960 8938
f 8879 8938 8843
f 8843 8938 8900
f 8843 8900 8804
f 8804 8900 8861
f 8804 8861 8764
f 8764 8861 8819
f 8764 8819 8724
f 8724 8819 8777
f 8724 8777 8682
f 8682 8777 8729
f 8682 8729 8651
f 8651 8729 8688
f 8651 8688 8615
f 8615 8688 8650
f 8615 8650 8552
f 8552 8650 8579
f 8552 8579 8490
f 8490 8579 8517
f 8490 8517 8445
f 8445 8517 8467
f 8445 8467 8408
f 8408 8467 8421
f 8408 8421 8362
f 8362 8421 8370
f 8362 8370 8313
f 8313 8370 8320
f 8313 8320 8268
f 8268 8320 8281
f 8268 8281 8223
f 8223 8281 8231
f 8223 8231 8174
f 8174 8231 8180
f 8174 8180 8131
f 8131 8180 8136
f 8366 8412 8413
f 8413 8412 8452
f 8413 8452 8459
f 8459 8452 8494
f 8459 8494 8496
f 8496 8494 8526
f 8496 8526 8525
f 8525 8526 8551
f 8525 8551 8549
f 8549 8551 8580
f 8549 8580 8578
f 8578 8580 8607
f 8578 8607 8602
f 8602 8607 8632
f 8602 8632 8629
f 8629 8632 8665
f 8629 8665 8663
f 8663 8665 8696
f 8663 8696 8689
f 8689 8696 8721
f 8689 8721 8719
f 8719 8721 8749
f 8719 8749 8747
f 8747 8749 8767
f 8747 8767 8772
f 8772 8767 8774
f 8772 8774 8794
f 8794 8774 8791
f 8794 8791 8796
f 8919 8945 8940
f 8940 8945 8952
f 8940 8952 8977
f 8360 8406 8361
f 8361 8406 8412
f 8361 8412 8363
f 8363 8412 8366
f 8363 8366 8315
f 8315 8366 8318
f 8315 8318 8274
f 8274 8318 8279
f 8274 8279 8230
f 8230 8279 8232
f 8230 8232 8185
f 8185 8232 8194
f 8185 8194 8151
f 8151 8194 8158
f 8151 8158 8101
f 8101 8158 8111
f 8101 8111 8076
f 8076 8111 8077
f 8120 8119 8168
f 8168 8119 8161
f 8168 8161 8216
f 8216 8161 8206
f 8216 8206 8253
f 8253 8206 8245
f 8253 8245 8300
f 8300 8245 8292
f 8300 8292 8348
f 8348 8292 8333
f 8348 8333 8388
f 8388 8333 8373
f 8388 8373 8431
f 8431 8373 8422
f 8431 8422 8481
f 8481 8422 8465
f 8481 8465 8527
f 8527 8465 8504
f 8527 8504 8585
f 8585 8504 8556
f 8585 8556 8646
f 8646 8556 8612
f 8646 8612 8678
f 8678 8612 8642
f 8678 8642 8713
f 8713 8642 8673
f 8713 8673 8751
f 8751 8673 8706
f 8751 8706 8788
f 8788 8706 8739
f 8788 8739 8825
f 8825 8739 8776
f 8825 8776 8856
f 8856 8776 8808
f 8856 8808 8886
f 8886 8808 8838
f 8886 8838 8915
f 8915 8838 8869
f 8915 8869 8940
f 8940 8869 8890
f 8940 8890 8919
f 8919 8890 8852
f 8919 8852 8878
f 8878 8852 8815
f 8878 8815 8842
f 8842 8815 8802
f 8842 8802 8830
f 8830 8802 8798
f 8830 8798 8824
f 8824 8798 8794
f 8824 8794 8817
f 8817 8794 8796
f 8817 8796 8814
f 8443 8436 8433
f 8780 8826 8757
f 8757 8826 8799
f 8757 8799 8732
f 8732 8799 8685
f 8685 8799 8741
f 8685 8741 8675
f 8675 8741 8728
f 8675 8728 8605
f 8605 8728 8644
f 8605 8644 8594
f 8594 8644 8633
f 8594 8633 8537
f 8922 8963 8898
f 8898 8963 8950
f 8898 8950 8876
f 9006 9025 9002
f 9002 9025 9024
f 9002 9024 9001
f 9001 9024 9023
f 9001 9023 8993
f 8993 9023 9021
f 8993 9021 8988
f 8988 9021 9019
f 8988 9019 8982
f 8982 9019 9014
f 8982 9014 8975
f 8975 9014 9008
f 8975 9008 8970
f 8970 9008 9005
f 8970 9005 8953
f 8953 9005 8991
f 8953 8991 8948
f 8948 8991 8987
f 8948 8987 8922
f 8922 8987 8976
f 8922 8976 8963
f 8876 8950 8833
f 8833 8950 8906
f 8833 8906 8831
f 8831 8906 8904
f 8831 8904 8780
f 8780 8904 8854
f 8780 8854 8826
f 8443 8433 8495
f 8123 8133 8182
f 8182 8133 8184
f 8182 8184 8188
f 8188 8184 8191
f 8188 8191 8237
f 8237 8191 8236
f 8237 8236 8250
f 8250 8236 8247
f 8250 8247 8293
f 8293 8247 8287
f 8293 8287 8314
f 8314 8287 8310
f 8314 8310 8343
f 8343 8310 8331
f 8343 8331 8376
f 8376 8331 8371
f 8376 8371 8395
f 8395 8371 8378
f 8395 8378 8436
f 8436 8378 8428
f 8436 8428 8433
f 9012 9028 9010
f 9010 9028 9027
f 9010 9027 9006
f 9006 9027 9026
f 9006 9026 9025
f 8433 8484 8495
f 8495 8484 8514
f 8495 8514 8529
f 8529 8514 8537
f 8529 8537 8563
f 8563 8537 8633
f 7377 7396 7392
f 7392 7388 7377
f 7377 7388 7385
f 7377 7385 7374
f 7374 7385 7383
f 7374 7383 7371
f 7371 7383 7381
f 7371 7381 7370
f 7370 7381 7379
f 7370 7379 7366
f 7366 7379 7365
f 7365 7379 7367
f 7367 7379 7380
f 7367 7380 7382
f 7401 7400 7395
f 7395 7400 7367
f 7395 7367 7387
f 7387 7367 7382
f 7401 7418 7400
f 7400 7418 7419
f 7400 7419 7402
f 7402 7419 7432
f 7402 7432 7447
f 7456 7450 7459
f 7459 7450 7447
f 7459 7447 7461
f 7461 7447 7432
f 7461 7432 7466
f 7464 7453 7470
f 7470 7453 7455
f 7470 7455 7493
f 7493 7455 7472
f 7493 7472 7488
f 7473 7480 7472
f 7472 7480 7484
f 7472 7484 7488
f 7438 7440 7431
f 7431 7440 7441
f 7431 7441 7443
f 7439 7436 7416
f 7416 7436 7434
f 7416 7434 7412
f 7412 7434 7433
f 7412 7433 7413
f 7438 7431 7437
f 7437 7431 7425
f 7437 7425 7435
f 7435 7425 7422
f 7435 7422 7433
f 7433 7422 7420
f 7433 7420 7413
f 7464 7463 7453
f 7453 7463 7454
f 7453 7454 7416
f 7416 7454 7442
f 7416 7442 7439
f 7431 7443 7377
f 7377 7443 7396
f 7493 7488 7466
f 7466 7488 7461
f 7461 7488 7484
f 7461 7484 7459
f 7459 7484 7480
f 7459 7480 7456
f 7456 7480 7473
f 7456 7473 7450
f 7450 7473 7472
f 7450 7472 7447
f 7447 7472 7402
f 7402 7472 7455
f 7402 7455 7400
f 7400 7455 7453
f 7400 7453 7367
f 7367 7453 7416
f 7367 7416 7412
f 7367 7412 7365
f 7365 7412 7413
f 7365 7413 7366
f 7366 7413 7420
f 7366 7420 7370
f 7370 7420 7422
f 7370 7422 7371
f 7371 7422 7425
f 7371 7425 7374
f 7374 7425 7431
f 7374 7431 7377
f 7623 7647 7637
f 7397 7510 7504
f 7621 7578 7574
f 7511 7398 7391
f 7511 7507 7525
f 7525 7507 7530
f 7646 7648 7624
f 7648 7646 7709
f 7709 7646 7707
f 7707 7646 7633
f 7707 7633 7696
f 7696 7633 7625
f 7696 7625 7688
f 7511 7391 7507
f 7507 7391 7368
f 7507 7368 7500
f 7500 7368 7283
f 7500 7283 7489
f 7489 7283 7279
f 7489 7279 7471
f 7688 7625 7686
f 7686 7625 7612
f 7686 7612 7680
f 7680 7612 7603
f 7680 7603 7673
f 7673 7603 7596
f 7673 7596 7663
f 7663 7596 7594
f 7663 7594 7658
f 7658 7594 7592
f 7658 7592 7656
f 7656 7592 7590
f 7656 7590 7654
f 7654 7590 7588
f 7654 7588 7652
f 7652 7588 7587
f 7652 7587 7651
f 7651 7587 7585
f 7651 7585 7649
f 7649 7585 7586
f 7649 7586 7650
f 7650 7586 7589
f 7650 7589 7653
f 7653 7589 7591
f 7653 7591 7655
f 7655 7591 7593
f 7655 7593 7657
f 7657 7593 7595
f 7657 7595 7659
f 7659 7595 7597
f 7659 7597 7669
f 7669 7597 7607
f 7669 7607 7677
f 7677 7607 7616
f 7677 7616 7683
f 7578 7530 7574
f 7574 7530 7507
f 7574 7507 7566
f 7566 7507 7500
f 7566 7500 7558
f 7558 7500 7489
f 7558 7489 7549
f 7549 7489 7471
f 7549 7471 7539
f 7539 7471 7468
f 7539 7468 7537
f 7537 7468 7465
f 7537 7465 7535
f 7535 7465 7460
f 7535 7460 7533
f 7533 7460 7457
f 7533 7457 7531
f 7531 7457 7451
f 7531 7451 7526
f 7526 7451 7448
f 7526 7448 7523
f 7523 7448 7446
f 7523 7446 7521
f 7521 7446 7444
f 7521 7444 7522
f 7522 7444 7445
f 7522 7445 7527
f 7527 7445 7449
f 7527 7449 7532
f 7532 7449 7452
f 7532 7452 7534
f 7534 7452 7458
f 7534 7458 7536
f 7536 7458 7462
f 7536 7462 7538
f 7538 7462 7467
f 7538 7467 7540
f 7540 7467 7469
f 7540 7469 7553
f 7553 7469 7475
f 7553 7475 7562
f 7562 7475 7495
f 7624 7621 7646
f 7646 7621 7574
f 7646 7574 7633
f 7633 7574 7566
f 7633 7566 7625
f 7625 7566 7558
f 7625 7558 7612
f 7612 7558 7549
f 7612 7549 7603
f 7603 7549 7539
f 7603 7539 7596
f 7596 7539 7537
f 7596 7537 7594
f 7594 7537 7535
f 7594 7535 7592
f 7592 7535 7533
f 7592 7533 7590
f 7590 7533 7531
f 7590 7531 7588
f 7588 7531 7526
f 7588 7526 7587
f 7587 7526 7523
f 7587 7523 7585
f 7585 7523 7521
f 7585 7521 7586
f 7586 7521 7522
f 7586 7522 7589
f 7589 7522 7527
f 7589 7527 7591
f 7591 7527 7532
f 7591 7532 7593
f 7593 7532 7534
f 7593 7534 7595
f 7595 7534 7536
f 7595 7536 7597
f 7597 7536 7538
f 7597 7538 7607
f 7607 7538 7540
f 7607 7540 7616
f 7616 7540 7553
f 7616 7553 7628
f 7628 7553 7562
f 7628 7562 7637
f 7279 7259 7471
f 7471 7259 7235
f 7471 7235 7468
f 7468 7235 7213
f 7468 7213 7465
f 7465 7213 7193
f 7465 7193 7460
f 7460 7193 7185
f 7460 7185 7457
f 7457 7185 7175
f 7457 7175 7451
f 7451 7175 7167
f 7451 7167 7448
f 7448 7167 7162
f 7448 7162 7446
f 7446 7162 7157
f 7446 7157 7444
f 7444 7157 7161
f 7444 7161 7445
f 7445 7161 7168
f 7445 7168 7449
f 7449 7168 7177
f 7449 7177 7452
f 7452 7177 7186
f 7452 7186 7458
f 7458 7186 7200
f 7458 7200 7462
f 7462 7200 7224
f 7462 7224 7467
f 7467 7224 7241
f 7467 7241 7469
f 7469 7241 7268
f 7469 7268 7475
f 7475 7268 7278
f 7475 7278 7495
f 7495 7278 7316
f 7495 7316 7376
f 7637 7562 7570
f 7570 7562 7495
f 7570 7495 7504
f 7504 7495 7376
f 7504 7376 7397
f 7510 7524 7504
f 7504 7524 7529
f 7504 7529 7570
f 7570 7529 7577
f 7570 7577 7637
f 7637 7577 7620
f 7637 7620 7623
f 7683 7616 7685
f 7685 7616 7628
f 7685 7628 7692
f 7692 7628 7637
f 7692 7637 7701
f 7701 7637 7647
f 7701 7647 7708
f 7701 7708 7709
f 7709 7707 7701
f 7701 7707 7696
f 7701 7696 7692
f 7692 7696 7685
f 7696 7688 7685
f 7685 7688 7686
f 7685 7686 7683
f 7683 7686 7680
f 7683 7680 7677
f 7677 7680 7673
f 7677 7673 7669
f 7669 7673 7663
f 7669 7663 7659
f 7659 7663 7658
f 7659 7658 7657
f 7649 7650 7651
f 7651 7650 7653
f 7651 7653 7652
f 7652 7653 7655
f 7652 7655 7654
f 7654 7655 7657
f 7654 7657 7656
f 7656 7657 7658
f 7530 7528 7525
f 7620 7622 7623
f 7397 7398 7510
f 7510 7398 7511
f 7510 7511 7524
f 7709 7708 7648
f 7648 7708 7647
f 7648 7647 7624
f 7511 7525 7524
f 7524 7525 7528
f 7524 7528 7529
f 7529 7528 7530
f 7529 7530 7577
f 7577 7530 7578
f 7577 7578 7620
f 7620 7578 7621
f 7620 7621 7622
f 7622 7621 7624
f 7622 7624 7623
f 7623 7624 7647
f 3117 3075 3051
f 2909 2879 2855
f 2551 2479 2489
f 2210 2183 2212
f 2072 2066 2100
f 2017 2013 2053
f 1895 1869 1919
f 1841 1837 1874
f 3464 3463 3418
f 3348 3322 3288
f 3190 3161 3129
f 3025 2986 2966
f 2460 2397 2413
f 2282 2251 2269
f 2134 2124 2148
f 1992 1976 2009
f 1918 1907 1951
f 1855 1851 1901
f 1828 1827 1866
f 1831 1833 1870
f 2593 2719 2587
f 1849 1863 1915
f 1911 1927 1969
f 3482 3490 3476
f 3476 3490 3525
f 3476 3525 3518
f 3482 3476 3429
f 3429 3476 3419
f 3429 3419 3417
f 3417 3419 3392
f 3417 3392 3396
f 3239 3294 3281
f 3281 3294 3323
f 3281 3323 3319
f 3319 3323 3355
f 3319 3355 3360
f 3360 3355 3367
f 3180 3215 3239
f 3239 3215 3246
f 3239 3246 3294
f 3015 3078 3073
f 3073 3078 3134
f 3073 3134 3132
f 3132 3134 3147
f 3132 3147 3180
f 3180 3147 3184
f 3180 3184 3215
f 2923 2995 3015
f 3015 2995 3017
f 3015 3017 3078
f 2818 2878 2923
f 2923 2878 2925
f 2923 2925 2995
f 2719 2756 2818
f 2818 2756 2822
f 2818 2822 2878
f 2719 2621 2666
f 2666 2621 2635
f 2518 2439 2505
f 2505 2541 2518
f 2518 2541 2549
f 2518 2549 2621
f 2621 2549 2606
f 2621 2606 2635
f 2303 2361 2364
f 2364 2361 2407
f 2364 2407 2410
f 2252 2205 2286
f 2286 2305 2252
f 2252 2305 2324
f 2252 2324 2303
f 2303 2324 2352
f 2303 2352 2361
f 2410 2414 2364
f 2364 2414 2457
f 2364 2457 2439
f 2439 2457 2467
f 2439 2467 2505
f 2223 2158 2126
f 1999 2078 2042
f 2042 2078 2128
f 2042 2128 2095
f 2128 2167 2095
f 2095 2167 2195
f 2095 2195 2126
f 2126 2195 2197
f 2126 2197 2223
f 2112 2120 2078
f 2078 2120 2138
f 2078 2138 2128
f 2128 2138 2164
f 2128 2164 2167
f 2223 2228 2158
f 2158 2228 2262
f 2158 2262 2205
f 2205 2262 2265
f 2205 2265 2286
f 1868 1897 1936
f 1936 1897 1900
f 1900 1911 1936
f 1936 1911 1969
f 1936 1969 1983
f 1983 1969 2008
f 1983 2008 2041
f 2041 2008 2062
f 2041 2062 2073
f 2073 2062 2097
f 2073 2097 2115
f 2115 2097 2132
f 2115 2132 2152
f 2152 2132 2179
f 2152 2179 2211
f 2211 2179 2226
f 2211 2226 2266
f 2266 2226 2281
f 2266 2281 2333
f 2333 2281 2346
f 2333 2346 2409
f 2409 2346 2421
f 2409 2421 2495
f 2495 2421 2508
f 2495 2508 2611
f 2611 2508 2617
f 2611 2617 2719
f 1894 1846 1847
f 1847 1849 1894
f 1894 1849 1915
f 1894 1915 1949
f 1949 1915 1966
f 1949 1966 2002
f 2002 1966 2020
f 2002 2020 2040
f 2040 2020 2056
f 2040 2056 2081
f 2081 2056 2093
f 2081 2093 2125
f 2125 2093 2137
f 2125 2137 2180
f 2180 2137 2194
f 2180 2194 2242
f 2242 2194 2253
f 2242 2253 2313
f 2313 2253 2321
f 2313 2321 2388
f 2388 2321 2400
f 2388 2400 2484
f 2484 2400 2490
f 2484 2490 2598
f 2598 2490 2601
f 2598 2601 2719
f 1831 1870 1826
f 2593 2587 2478
f 2478 2587 2472
f 2478 2472 2384
f 2384 2472 2379
f 2384 2379 2300
f 2300 2379 2295
f 2300 2295 2231
f 2231 2295 2224
f 2231 2224 2166
f 2166 2224 2160
f 2166 2160 2116
f 2116 2160 2111
f 2116 2111 2068
f 2068 2111 2060
f 2068 2060 2031
f 2031 2060 2023
f 2031 2023 1993
f 1993 2023 1984
f 1993 1984 1933
f 1933 1984 1924
f 1933 1924 1870
f 1870 1924 1864
f 1870 1864 1826
f 1828 1866 1830
f 1837 1830 1874
f 1874 1830 1866
f 1874 1866 1934
f 1934 1866 1926
f 1934 1926 1997
f 1997 1926 1989
f 1997 1989 2034
f 2034 1989 2027
f 2034 2027 2071
f 2071 2027 2061
f 2071 2061 2119
f 2119 2061 2113
f 2119 2113 2170
f 2170 2113 2163
f 2170 2163 2236
f 2236 2163 2227
f 2236 2227 2304
f 2304 2227 2297
f 2304 2297 2385
f 2385 2297 2380
f 2385 2380 2481
f 2481 2380 2476
f 2481 2476 2595
f 2595 2476 2589
f 2595 2589 2719
f 1855 1901 1859
f 1869 1859 1919
f 1919 1859 1901
f 1919 1901 1971
f 1971 1901 1957
f 1971 1957 2029
f 2029 1957 2005
f 2029 2005 2059
f 2059 2005 2044
f 2059 2044 2101
f 2101 2044 2087
f 2101 2087 2145
f 2145 2087 2130
f 2145 2130 2198
f 2198 2130 2187
f 2198 2187 2258
f 2258 2187 2247
f 2258 2247 2325
f 2325 2247 2316
f 2325 2316 2403
f 2403 2316 2391
f 2403 2391 2493
f 2493 2391 2485
f 2493 2485 2604
f 2604 2485 2600
f 2604 2600 2719
f 1972 1943 1977
f 1977 1943 1929
f 1929 1918 1977
f 1977 1918 1951
f 1977 1951 2022
f 2022 1951 1994
f 2022 1994 2074
f 2074 1994 2049
f 2074 2049 2108
f 2108 2049 2085
f 2108 2085 2143
f 2143 2085 2122
f 2143 2122 2192
f 2192 2122 2161
f 2192 2161 2238
f 2238 2161 2219
f 2238 2219 2288
f 2288 2219 2270
f 2288 2270 2351
f 2351 2270 2339
f 2351 2339 2427
f 2427 2339 2415
f 2427 2415 2512
f 2512 2415 2496
f 2512 2496 2618
f 2618 2496 2613
f 2618 2613 2719
f 2013 1992 2053
f 2053 1992 2009
f 2053 2009 2091
f 2091 2009 2055
f 2091 2055 2139
f 2139 2055 2103
f 2139 2103 2169
f 2169 2103 2135
f 2169 2135 2207
f 2207 2135 2173
f 2207 2173 2248
f 2248 2173 2215
f 2248 2215 2287
f 2287 2215 2263
f 2287 2263 2338
f 2338 2263 2315
f 2338 2315 2393
f 2393 2315 2369
f 2393 2369 2461
f 2461 2369 2446
f 2461 2446 2534
f 2534 2446 2521
f 2534 2521 2629
f 2629 2521 2623
f 2629 2623 2719
f 2183 2134 2212
f 2212 2134 2148
f 2212 2148 2244
f 2244 2148 2191
f 2244 2191 2278
f 2278 2191 2230
f 2278 2230 2301
f 2301 2230 2257
f 2301 2257 2329
f 2329 2257 2283
f 2329 2283 2358
f 2358 2283 2318
f 2358 2318 2390
f 2390 2318 2354
f 2390 2354 2434
f 2434 2354 2398
f 2434 2398 2470
f 2470 2398 2449
f 2470 2449 2526
f 2526 2449 2499
f 2526 2499 2577
f 2577 2499 2556
f 2577 2556 2653
f 2653 2556 2646
f 2653 2646 2719
f 2366 2319 2341
f 2341 2319 2312
f 2312 2282 2341
f 2341 2282 2269
f 2341 2269 2360
f 2360 2269 2296
f 2360 2296 2389
f 2389 2296 2336
f 2389 2336 2408
f 2408 2336 2350
f 2408 2350 2429
f 2429 2350 2375
f 2429 2375 2454
f 2454 2375 2404
f 2454 2404 2473
f 2473 2404 2437
f 2473 2437 2506
f 2506 2437 2463
f 2506 2463 2537
f 2537 2463 2507
f 2537 2507 2573
f 2573 2507 2547
f 2573 2547 2625
f 2625 2547 2608
f 2625 2608 2679
f 2679 2608 2665
f 2679 2665 2719
f 2479 2460 2489
f 2489 2460 2413
f 2489 2413 2503
f 2503 2413 2432
f 2503 2432 2519
f 2519 2432 2455
f 2519 2455 2529
f 2529 2455 2464
f 2529 2464 2539
f 2539 2464 2483
f 2539 2483 2548
f 2548 2483 2502
f 2548 2502 2565
f 2565 2502 2523
f 2565 2523 2591
f 2591 2523 2543
f 2591 2543 2620
f 2620 2543 2568
f 2620 2568 2642
f 2642 2568 2614
f 2642 2614 2668
f 2668 2614 2647
f 2668 2647 2699
f 2699 2647 2691
f 2699 2691 2719
f 2676 2675 2567
f 2567 2675 2638
f 2567 2638 2562
f 2757 2672 2750
f 2750 2672 2674
f 2750 2674 2744
f 2744 2674 2678
f 2744 2678 2742
f 2742 2678 2680
f 2742 2680 2740
f 2740 2680 2682
f 2740 2682 2735
f 2735 2682 2687
f 2735 2687 2731
f 2731 2687 2690
f 2731 2690 2729
f 2729 2690 2695
f 2729 2695 2727
f 2727 2695 2698
f 2727 2698 2724
f 2724 2698 2704
f 2724 2704 2722
f 2722 2704 2709
f 2722 2709 2721
f 2721 2709 2712
f 2721 2712 2719
f 2823 2776 2757
f 2879 2823 2855
f 2855 2823 2757
f 2855 2757 2841
f 2841 2757 2750
f 2841 2750 2827
f 2827 2750 2744
f 2827 2744 2813
f 2813 2744 2742
f 2813 2742 2807
f 2807 2742 2740
f 2807 2740 2801
f 2801 2740 2735
f 2801 2735 2789
f 2789 2735 2731
f 2789 2731 2780
f 2780 2731 2729
f 2780 2729 2772
f 2772 2729 2727
f 2772 2727 2760
f 2760 2727 2724
f 2760 2724 2748
f 2748 2724 2722
f 2748 2722 2734
f 2734 2722 2721
f 2734 2721 2719
f 3025 2966 3034
f 3075 3034 3051
f 3051 3034 2966
f 3051 2966 3032
f 3032 2966 2940
f 3032 2940 2999
f 2999 2940 2917
f 2999 2917 2975
f 2975 2917 2906
f 2975 2906 2962
f 2962 2906 2886
f 2962 2886 2938
f 2938 2886 2877
f 2938 2877 2918
f 2918 2877 2851
f 2918 2851 2890
f 2890 2851 2836
f 2890 2836 2856
f 2856 2836 2810
f 2856 2810 2828
f 2828 2810 2792
f 2828 2792 2794
f 2794 2792 2771
f 2794 2771 2759
f 2759 2771 2747
f 2759 2747 2719
f 3304 3250 3210
f 3210 3250 3212
f 3212 3190 3210
f 3210 3190 3129
f 3210 3129 3167
f 3167 3129 3095
f 3167 3095 3126
f 3126 3095 3064
f 3126 3064 3106
f 3106 3064 3047
f 3106 3047 3083
f 3083 3047 3030
f 3083 3030 3054
f 3054 3030 3005
f 3054 3005 3028
f 3028 3005 2972
f 3028 2972 2988
f 2988 2972 2941
f 2988 2941 2949
f 2949 2941 2910
f 2949 2910 2897
f 2897 2910 2862
f 2897 2862 2838
f 2838 2862 2812
f 2838 2812 2781
f 2781 2812 2769
f 2781 2769 2719
f 3357 3398 3388
f 3388 3348 3357
f 3357 3348 3288
f 3357 3288 3306
f 3306 3288 3245
f 3306 3245 3254
f 3254 3245 3187
f 3254 3187 3219
f 3219 3187 3163
f 3219 3163 3179
f 3179 3163 3133
f 3179 3133 3152
f 3152 3133 3100
f 3152 3100 3112
f 3112 3100 3070
f 3112 3070 3068
f 3068 3070 3035
f 3068 3035 3023
f 3023 3035 2984
f 3023 2984 2959
f 2959 2984 2929
f 2959 2929 2885
f 2885 2929 2863
f 2885 2863 2804
f 2804 2863 2791
f 2804 2791 2719
f 3371 3307 3360
f 3360 3307 3319
f 3319 3307 3274
f 3319 3274 3281
f 3281 3274 3236
f 3281 3236 3239
f 3239 3236 3192
f 3239 3192 3180
f 3180 3192 3151
f 3180 3151 3132
f 3132 3151 3097
f 3132 3097 3073
f 3073 3097 3048
f 3073 3048 3015
f 3015 3048 2985
f 3015 2985 2923
f 2923 2985 2912
f 2923 2912 2818
f 2818 2912 2809
f 2818 2809 2719
f 3464 3418 3479
f 3518 3479 3476
f 3476 3479 3418
f 3476 3418 3419
f 3419 3418 3371
f 3419 3371 3392
f 3392 3371 3360
f 3392 3360 3396
f 3396 3360 3367
f 1955 1965 1999
f 1999 1965 1968
f 1999 1968 1995
f 2112 2078 2082
f 2082 2078 1999
f 2082 1999 2079
f 2079 1999 1995
f 2079 1995 2048
f 1927 1955 1969
f 1969 1955 1999
f 1969 1999 2008
f 2008 1999 2042
f 2008 2042 2062
f 2062 2042 2095
f 2062 2095 2097
f 2097 2095 2126
f 2097 2126 2132
f 2132 2126 2158
f 2132 2158 2179
f 2179 2158 2205
f 2179 2205 2226
f 2226 2205 2252
f 2226 2252 2281
f 2281 2252 2303
f 2281 2303 2346
f 2346 2303 2364
f 2346 2364 2421
f 2421 2364 2439
f 2421 2439 2508
f 2508 2439 2518
f 2508 2518 2617
f 2617 2518 2621
f 2617 2621 2719
f 1863 1868 1915
f 1915 1868 1936
f 1915 1936 1966
f 1966 1936 1983
f 1966 1983 2020
f 2020 1983 2041
f 2020 2041 2056
f 2056 2041 2073
f 2056 2073 2093
f 2093 2073 2115
f 2093 2115 2137
f 2137 2115 2152
f 2137 2152 2194
f 2194 2152 2211
f 2194 2211 2253
f 2253 2211 2266
f 2253 2266 2321
f 2321 2266 2333
f 2321 2333 2400
f 2400 2333 2409
f 2400 2409 2490
f 2490 2409 2495
f 2490 2495 2601
f 2601 2495 2611
f 2601 2611 2719
f 1833 1846 1870
f 1870 1846 1894
f 1870 1894 1933
f 1933 1894 1949
f 1933 1949 1993
f 1993 1949 2002
f 1993 2002 2031
f 2031 2002 2040
f 2031 2040 2068
f 2068 2040 2081
f 2068 2081 2116
f 2116 2081 2125
f 2116 2125 2166
f 2166 2125 2180
f 2166 2180 2231
f 2231 2180 2242
f 2231 2242 2300
f 2300 2242 2313
f 2300 2313 2384
f 2384 2313 2388
f 2384 2388 2478
f 2478 2388 2484
f 2478 2484 2593
f 2593 2484 2598
f 2593 2598 2719
f 1817 1823 1864
f 1864 1823 1824
f 1864 1824 1826
f 1819 1817 1861
f 1861 1817 1864
f 1861 1864 1920
f 1920 1864 1924
f 1920 1924 1982
f 1982 1924 1984
f 1982 1984 2016
f 2016 1984 2023
f 2016 2023 2058
f 2058 2023 2060
f 2058 2060 2106
f 2106 2060 2111
f 2106 2111 2155
f 2155 2111 2160
f 2155 2160 2222
f 2222 2160 2224
f 2222 2224 2292
f 2292 2224 2295
f 2292 2295 2378
f 2378 2295 2379
f 2378 2379 2471
f 2471 2379 2472
f 2471 2472 2586
f 2586 2472 2587
f 2586 2587 2719
f 1827 1819 1866
f 1866 1819 1861
f 1866 1861 1926
f 1926 1861 1920
f 1926 1920 1989
f 1989 1920 1982
f 1989 1982 2027
f 2027 1982 2016
f 2027 2016 2061
f 2061 2016 2058
f 2061 2058 2113
f 2113 2058 2106
f 2113 2106 2163
f 2163 2106 2155
f 2163 2155 2227
f 2227 2155 2222
f 2227 2222 2297
f 2297 2222 2292
f 2297 2292 2380
f 2380 2292 2378
f 2380 2378 2476
f 2476 2378 2471
f 2476 2471 2589
f 2589 2471 2586
f 2589 2586 2719
f 1851 1841 1901
f 1901 1841 1874
f 1901 1874 1957
f 1957 1874 1934
f 1957 1934 2005
f 2005 1934 1997
f 2005 1997 2044
f 2044 1997 2034
f 2044 2034 2087
f 2087 2034 2071
f 2087 2071 2130
f 2130 2071 2119
f 2130 2119 2187
f 2187 2119 2170
f 2187 2170 2247
f 2247 2170 2236
f 2247 2236 2316
f 2316 2236 2304
f 2316 2304 2391
f 2391 2304 2385
f 2391 2385 2485
f 2485 2385 2481
f 2485 2481 2600
f 2600 2481 2595
f 2600 2595 2719
f 1907 1895 1951
f 1951 1895 1919
f 1951 1919 1994
f 1994 1919 1971
f 1994 1971 2049
f 2049 1971 2029
f 2049 2029 2085
f 2085 2029 2059
f 2085 2059 2122
f 2122 2059 2101
f 2122 2101 2161
f 2161 2101 2145
f 2161 2145 2219
f 2219 2145 2198
f 2219 2198 2270
f 2270 2198 2258
f 2270 2258 2339
f 2339 2258 2325
f 2339 2325 2415
f 2415 2325 2403
f 2415 2403 2496
f 2496 2403 2493
f 2496 2493 2613
f 2613 2493 2604
f 2613 2604 2719
f 1976 1972 2009
f 2009 1972 1977
f 2009 1977 2055
f 2055 1977 2022
f 2055 2022 2103
f 2103 2022 2074
f 2103 2074 2135
f 2135 2074 2108
f 2135 2108 2173
f 2173 2108 2143
f 2173 2143 2215
f 2215 2143 2192
f 2215 2192 2263
f 2263 2192 2238
f 2263 2238 2315
f 2315 2238 2288
f 2315 2288 2369
f 2369 2288 2351
f 2369 2351 2446
f 2446 2351 2427
f 2446 2427 2521
f 2521 2427 2512
f 2521 2512 2623
f 2623 2512 2618
f 2623 2618 2719
f 2066 2017 2100
f 2100 2017 2053
f 2100 2053 2136
f 2136 2053 2091
f 2136 2091 2188
f 2188 2091 2139
f 2188 2139 2214
f 2214 2139 2169
f 2214 2169 2249
f 2249 2169 2207
f 2249 2207 2279
f 2279 2207 2248
f 2279 2248 2323
f 2323 2248 2287
f 2323 2287 2365
f 2365 2287 2338
f 2365 2338 2420
f 2420 2338 2393
f 2420 2393 2480
f 2480 2393 2461
f 2480 2461 2545
f 2545 2461 2534
f 2545 2534 2636
f 2636 2534 2629
f 2636 2629 2719
f 2124 2072 2148
f 2148 2072 2100
f 2148 2100 2191
f 2191 2100 2136
f 2191 2136 2230
f 2230 2136 2188
f 2230 2188 2257
f 2257 2188 2214
f 2257 2214 2283
f 2283 2214 2249
f 2283 2249 2318
f 2318 2249 2279
f 2318 2279 2354
f 2354 2279 2323
f 2354 2323 2398
f 2398 2323 2365
f 2398 2365 2449
f 2449 2365 2420
f 2449 2420 2499
f 2499 2420 2480
f 2499 2480 2556
f 2556 2480 2545
f 2556 2545 2646
f 2646 2545 2636
f 2646 2636 2719
f 2251 2210 2269
f 2269 2210 2212
f 2269 2212 2296
f 2296 2212 2244
f 2296 2244 2336
f 2336 2244 2278
f 2336 2278 2350
f 2350 2278 2301
f 2350 2301 2375
f 2375 2301 2329
f 2375 2329 2404
f 2404 2329 2358
f 2404 2358 2437
f 2437 2358 2390
f 2437 2390 2463
f 2463 2390 2434
f 2463 2434 2507
f 2507 2434 2470
f 2507 2470 2547
f 2547 2470 2526
f 2547 2526 2608
f 2608 2526 2577
f 2608 2577 2665
f 2665 2577 2653
f 2665 2653 2719
f 2397 2366 2413
f 2413 2366 2341
f 2413 2341 2432
f 2432 2341 2360
f 2432 2360 2455
f 2455 2360 2389
f 2455 2389 2464
f 2464 2389 2408
f 2464 2408 2483
f 2483 2408 2429
f 2483 2429 2502
f 2502 2429 2454
f 2502 2454 2523
f 2523 2454 2473
f 2523 2473 2543
f 2543 2473 2506
f 2543 2506 2568
f 2568 2506 2537
f 2568 2537 2614
f 2614 2537 2573
f 2614 2573 2647
f 2647 2573 2625
f 2647 2625 2691
f 2691 2625 2679
f 2691 2679 2719
f 2562 2551 2567
f 2567 2551 2489
f 2567 2489 2576
f 2576 2489 2503
f 2576 2503 2592
f 2592 2503 2519
f 2592 2519 2603
f 2603 2519 2529
f 2603 2529 2615
f 2615 2529 2539
f 2615 2539 2622
f 2622 2539 2548
f 2622 2548 2631
f 2631 2548 2565
f 2631 2565 2645
f 2645 2565 2591
f 2645 2591 2655
f 2655 2591 2620
f 2655 2620 2677
f 2677 2620 2642
f 2677 2642 2693
f 2693 2642 2668
f 2693 2668 2708
f 2708 2668 2699
f 2708 2699 2719
f 2776 2765 2757
f 2757 2765 2676
f 2757 2676 2672
f 2672 2676 2567
f 2672 2567 2674
f 2674 2567 2576
f 2674 2576 2678
f 2678 2576 2592
f 2678 2592 2680
f 2680 2592 2603
f 2680 2603 2682
f 2682 2603 2615
f 2682 2615 2687
f 2687 2615 2622
f 2687 2622 2690
f 2690 2622 2631
f 2690 2631 2695
f 2695 2631 2645
f 2695 2645 2698
f 2698 2645 2655
f 2698 2655 2704
f 2704 2655 2677
f 2704 2677 2709
f 2709 2677 2693
f 2709 2693 2712
f 2712 2693 2708
f 2712 2708 2719
f 2986 2909 2966
f 2966 2909 2855
f 2966 2855 2940
f 2940 2855 2841
f 2940 2841 2917
f 2917 2841 2827
f 2917 2827 2906
f 2906 2827 2813
f 2906 2813 2886
f 2886 2813 2807
f 2886 2807 2877
f 2877 2807 2801
f 2877 2801 2851
f 2851 2801 2789
f 2851 2789 2836
f 2836 2789 2780
f 2836 2780 2810
f 2810 2780 2772
f 2810 2772 2792
f 2792 2772 2760
f 2792 2760 2771
f 2771 2760 2748
f 2771 2748 2747
f 2747 2748 2734
f 2747 2734 2719
f 3161 3117 3129
f 3129 3117 3051
f 3129 3051 3095
f 3095 3051 3032
f 3095 3032 3064
f 3064 3032 2999
f 3064 2999 3047
f 3047 2999 2975
f 3047 2975 3030
f 3030 2975 2962
f 3030 2962 3005
f 3005 2962 2938
f 3005 2938 2972
f 2972 2938 2918
f 2972 2918 2941
f 2941 2918 2890
f 2941 2890 2910
f 2910 2890 2856
f 2910 2856 2862
f 2862 2856 2828
f 2862 2828 2812
f 2812 2828 2794
f 2812 2794 2769
f 2769 2794 2759
f 2769 2759 2719
f 3322 3304 3288
f 3288 3304 3210
f 3288 3210 3245
f 3245 3210 3167
f 3245 3167 3187
f 3187 3167 3126
f 3187 3126 3163
f 3163 3126 3106
f 3163 3106 3133
f 3133 3106 3083
f 3133 3083 3100
f 3100 3083 3054
f 3100 3054 3070
f 3070 3054 3028
f 3070 3028 3035
f 3035 3028 2988
f 3035 2988 2984
f 2984 2988 2949
f 2984 2949 2929
f 2929 2949 2897
f 2929 2897 2863
f 2863 2897 2838
f 2863 2838 2791
f 2791 2838 2781
f 2791 2781 2719
f 3463 3398 3418
f 3418 3398 3357
f 3418 3357 3371
f 3371 3357 3306
f 3371 3306 3307
f 3307 3306 3254
f 3307 3254 3274
f 3274 3254 3219
f 3274 3219 3236
f 3236 3219 3179
f 3236 3179 3192
f 3192 3179 3152
f 3192 3152 3151
f 3151 3152 3112
f 3151 3112 3097
f 3097 3112 3068
f 3097 3068 3048
f 3048 3068 3023
f 3048 3023 2985
f 2985 3023 2959
f 2985 2959 2912
f 2912 2959 2885
f 2912 2885 2809
f 2809 2885 2804
f 2809 2804 2719
f 6332 6336 6388
f 6314 6317 6388
f 6388 6363 6369
f 6317 6321 6388
f 6388 6321 6323
f 6388 6323 6332
f 6293 6378 6298
f 6298 6378 6370
f 6298 6370 6306
f 6306 6370 6374
f 6434 6418 6450
f 6336 6340 6388
f 6388 6340 6355
f 6388 6355 6363
f 6369 6385 6388
f 6388 6385 6389
f 6388 6389 6398
f 6398 6389 6404
f 6398 6404 6417
f 6293 6290 6378
f 6378 6290 6284
f 6378 6284 6388
f 6388 6284 6283
f 6388 6283 6282
f 6390 6325 6374
f 6374 6325 6309
f 6374 6309 6306
f 6514 6491 6461
f 6450 6462 6434
f 6434 6462 6478
f 6434 6478 6461
f 6461 6478 6481
f 6461 6481 6514
f 6417 6419 6398
f 6398 6419 6423
f 6398 6423 6418
f 6418 6423 6444
f 6418 6444 6450
f 6282 6289 6388
f 6388 6289 6294
f 6388 6294 6297
f 6297 6301 6388
f 6388 6301 6302
f 6388 6302 6314
f 6416 6337 6390
f 6390 6337 6329
f 6390 6329 6325
f 6514 6532 6491
f 6491 6532 6543
f 6491 6543 6536
f 6426 6406 6455
f 6455 6406 6365
f 6455 6365 6416
f 6416 6365 6362
f 6416 6362 6337
f 6479 6475 6499
f 6674 6633 6667
f 6543 6571 6536
f 6536 6571 6589
f 6536 6589 6583
f 6499 6475 6455
f 6455 6475 6445
f 6455 6445 6426
f 6479 6499 6530
f 6530 6499 6567
f 6530 6567 6562
f 6562 6567 6598
f 6562 6598 6568
f 6589 6603 6583
f 6583 6603 6635
f 6583 6635 6633
f 6633 6635 6639
f 6633 6639 6667
f 6568 6598 6590
f 6590 6598 6654
f 6590 6654 6641
f 6980 6973 7045
f 6667 6698 6674
f 6674 6698 6701
f 6674 6701 6685
f 6935 6862 6928
f 6928 6862 6818
f 6928 6818 6797
f 6797 6818 6718
f 6797 6718 6654
f 6654 6718 6666
f 6654 6666 6641
f 6980 7045 6995
f 6995 7045 7061
f 6995 7061 7069
f 6932 7010 7038
f 7010 6932 6950
f 6950 6932 6915
f 6950 6915 6937
f 6701 6715 6685
f 6685 6715 6779
f 6685 6779 6787
f 7069 7073 6995
f 6995 7073 7076
f 6995 7076 7075
f 7075 7074 6995
f 6995 7074 7070
f 6995 7070 7067
f 7033 7022 7046
f 7046 7022 7017
f 7046 7017 7008
f 6928 6932 6935
f 6935 6932 7038
f 6935 7038 6966
f 6966 7038 7045
f 6966 7045 6971
f 6971 7045 6973
f 7067 7057 6995
f 6995 7057 7046
f 6995 7046 6996
f 6996 7046 7008
f 6779 6814 6787
f 6787 6814 6858
f 6787 6858 6915
f 6915 6858 6921
f 6915 6921 6937
f 2800 3029 2997
f 2501 2412 2768
f 2768 2412 2291
f 2768 2291 2140
f 2717 2664 2768
f 2768 2664 2582
f 2768 2582 2501
f 2997 2956 2800
f 2800 2956 2911
f 2800 2911 2790
f 2790 2911 2845
f 2790 2845 2768
f 2768 2845 2783
f 2768 2783 2717
f 1606 1597 1608
f 1608 1597 1599
f 1608 1599 1617
f 1617 1599 1601
f 1617 1601 1623
f 1623 1601 1602
f 1623 1602 1640
f 1640 1602 1605
f 1640 1605 1661
f 1661 1605 1619
f 1661 1619 1681
f 1681 1619 1652
f 1681 1652 1706
f 1706 1652 1687
f 1706 1687 1735
f 2291 2255 2140
f 2140 2255 1811
f 2140 1811 1857
f 1857 1811 1749
f 1857 1749 1844
f 1844 1749 1734
f 1687 1729 1735
f 1735 1729 1767
f 1735 1767 1770
f 1770 1767 1808
f 1770 1808 1801
f 1801 1808 1867
f 1801 1867 1860
f 1860 1867 1962
f 1860 1962 1944
f 1944 1962 2036
f 1944 2036 2006
f 2006 2036 2109
f 2006 2109 2102
f 2102 2109 2208
f 2102 2208 2196
f 2196 2208 2298
f 2196 2298 2276
f 2276 2298 2396
f 2276 2396 2370
f 1749 1704 1734
f 1734 1704 1629
f 1734 1629 1667
f 1667 1629 1604
f 1667 1604 1638
f 1638 1604 1603
f 1638 1603 1615
f 1615 1603 1600
f 1615 1600 1607
f 1607 1600 1598
f 1607 1598 1606
f 1606 1598 1596
f 1606 1596 1597
f 2396 2494 2370
f 2370 2494 2590
f 2370 2590 2451
f 2451 2590 2689
f 2451 2689 2520
f 2520 2689 2753
f 2520 2753 2584
f 2584 2753 2806
f 2584 2806 2610
f 2610 2806 2820
f 2610 2820 2667
f 2667 2820 2895
f 2667 2895 2716
f 2716 2895 2957
f 2716 2957 2761
f 2761 2957 3003
f 2761 3003 2786
f 2786 3003 3031
f 2786 3031 2800
f 2800 3031 3040
f 2800 3040 3029
f 5930 5957 5940
f 5160 4985 4945
f 5440 5340 5309
f 5788 5676 5674
f 5964 5881 5882
f 5987 5982 5902
f 6730 6719 6611
f 6676 6755 6778
f 6687 6778 6794
f 6753 6670 6658
f 6710 6794 6811
f 6089 6092 6065
f 5940 5913 5786
f 5759 5678 5701
f 7080 7225 7202
f 6533 6425 6459
f 7089 7181 7156
f 7056 7156 7141
f 5551 5522 5320
f 5645 5732 5698
f 5698 5732 5797
f 5334 5427 5389
f 2884 2963 3150
f 5496 5583 5716
f 5610 5571 5388
f 5418 5390 5260
f 2267 2317 2475
f 2560 2681 2908
f 2225 2245 2399
f 2189 2209 2394
f 2349 2356 2168
f 4148 4111 3972
f 4485 4514 4791
f 4791 4514 4810
f 4668 4651 4349
f 4349 4651 4328
f 3662 3657 3952
f 1905 1899 2185
f 4560 4568 4270
f 4410 4294 4260
f 4677 4658 4797
f 3521 3564 3535
f 4404 4405 4415
f 4742 4750 4666
f 4516 4648 4676
f 4742 4666 4717
f 4717 4666 4693
f 4693 4666 4516
f 4693 4516 4686
f 4686 4516 4676
f 4686 4676 4709
f 3978 3948 3960
f 4034 3995 4025
f 4025 3995 3989
f 4025 3989 3979
f 3979 3989 3978
f 3979 3978 3969
f 3969 3978 3960
f 4093 4079 4071
f 4071 4079 4044
f 4071 4044 4037
f 4034 4025 4044
f 4044 4025 4032
f 4044 4032 4037
f 4093 4071 4098
f 4098 4071 4087
f 4098 4087 4143
f 4087 4106 4143
f 4143 4106 4112
f 4143 4112 4145
f 4145 4112 4133
f 4145 4133 4175
f 4175 4133 4189
f 4189 4133 4159
f 4189 4159 4192
f 4192 4159 4179
f 4192 4179 4222
f 4222 4179 4182
f 4222 4182 4273
f 4273 4182 4219
f 4273 4219 4282
f 4282 4219 4225
f 4282 4225 4284
f 4284 4225 4261
f 4284 4261 4305
f 4305 4261 4272
f 4305 4272 4347
f 4347 4272 4304
f 4347 4304 4368
f 4368 4304 4311
f 4368 4311 4387
f 4387 4311 4346
f 4387 4346 4406
f 4406 4346 4359
f 4406 4359 4443
f 4443 4359 4381
f 4443 4381 4450
f 4602 4556 4516
f 4602 4516 4631
f 4631 4516 4666
f 4631 4666 4654
f 4450 4381 4483
f 4483 4381 4399
f 4483 4399 4515
f 4515 4399 4439
f 4515 4439 4518
f 4518 4439 4454
f 4518 4454 4543
f 4543 4454 4506
f 4543 4506 4556
f 4556 4506 4507
f 4556 4507 4516
f 4756 4784 4819
f 4819 4784 4761
f 4723 4692 4666
f 4666 4692 4685
f 4685 4679 4666
f 4666 4679 4659
f 4666 4659 4654
f 4680 4688 4765
f 4688 4708 4765
f 4765 4708 4730
f 4765 4730 4734
f 4626 4633 4703
f 4703 4633 4655
f 4703 4655 4675
f 4640 4590 4593
f 4593 4595 4640
f 4640 4595 4604
f 4640 4604 4619
f 4579 4590 4809
f 4711 4545 4746
f 4746 4545 4547
f 4746 4547 4572
f 4674 4637 4505
f 4505 4520 4674
f 4674 4520 4529
f 4674 4529 4711
f 4711 4529 4536
f 4711 4536 4545
f 4489 4493 4504
f 4504 4493 4505
f 4467 4477 4504
f 4504 4477 4486
f 4504 4486 4489
f 4467 4504 4466
f 4466 4504 4605
f 4466 4605 4553
f 4441 4442 4512
f 4512 4442 4447
f 4512 4447 4553
f 4553 4447 4461
f 4553 4461 4466
f 4415 4405 4468
f 4405 4411 4468
f 4468 4411 4425
f 4468 4425 4512
f 4512 4425 4431
f 4512 4431 4441
f 4391 4396 4415
f 4415 4396 4397
f 4415 4397 4404
f 4517 4470 4389
f 4367 4350 4416
f 4416 4350 4360
f 4360 4365 4416
f 4416 4365 4372
f 4416 4372 4470
f 4470 4372 4373
f 4470 4373 4389
f 4344 4345 4367
f 4367 4345 4348
f 4367 4348 4350
f 4324 4333 4367
f 4367 4333 4336
f 4367 4336 4344
f 4242 4255 4427
f 4427 4255 4268
f 4268 4274 4427
f 4427 4274 4277
f 4427 4277 4289
f 4289 4295 4427
f 4427 4295 4301
f 4427 4301 4320
f 4205 4213 4227
f 4146 4162 4227
f 4136 4140 4125
f 4162 4172 4227
f 4227 4172 4176
f 4227 4176 4185
f 4185 4195 4227
f 4227 4195 4199
f 4227 4199 4205
f 4213 4215 4227
f 4227 4215 4224
f 4227 4224 4327
f 4327 4224 4237
f 4327 4237 4427
f 4427 4237 4241
f 4427 4241 4242
f 4110 4117 4125
f 4125 4117 4132
f 4125 4132 4136
f 3919 3967 3976
f 3976 4001 3919
f 3919 4001 4003
f 3919 4003 4031
f 4003 4028 4031
f 4031 4028 4056
f 4031 4056 4058
f 4058 4076 4031
f 4031 4076 4099
f 4031 4099 4102
f 4102 4110 4031
f 4031 4110 4125
f 4031 4125 4227
f 4227 4125 4140
f 4227 4140 4146
f 3967 3919 3890
f 3890 3919 3806
f 3890 3806 3878
f 3725 3743 3686
f 3686 3743 3788
f 3686 3788 3806
f 3806 3788 3847
f 3806 3847 3878
f 3564 3592 3535
f 3535 3592 3664
f 3535 3664 3686
f 3686 3664 3706
f 3686 3706 3725
f 3351 3385 3400
f 3400 3404 3351
f 3351 3404 3451
f 3351 3451 3535
f 3535 3451 3520
f 3535 3520 3521
f 3237 3248 3150
f 3150 3248 3252
f 3252 3256 3150
f 3150 3256 3258
f 3150 3258 3282
f 3282 3303 3150
f 3150 3303 3312
f 3150 3312 3351
f 3351 3312 3358
f 3351 3358 3385
f 3259 3247 2963
f 2963 3247 3235
f 2963 3235 3234
f 3234 3228 2963
f 2963 3228 3229
f 2963 3229 3150
f 3150 3229 3231
f 3150 3231 3237
f 3368 3365 3197
f 3197 3365 3361
f 3197 3361 3321
f 3321 3305 3197
f 3197 3305 3300
f 3197 3300 3275
f 2963 3104 3259
f 3259 3104 3136
f 3259 3136 3260
f 3260 3136 3197
f 3260 3197 3265
f 3265 3197 3275
f 4750 4768 4666
f 4666 4768 4769
f 4666 4769 4788
f 4788 4807 4666
f 4666 4807 4819
f 4666 4819 4723
f 4723 4819 4761
f 4807 4838 4819
f 4819 4838 4870
f 4819 4870 4960
f 4960 4870 4887
f 4887 4901 4960
f 4960 4901 4911
f 4960 4911 4923
f 6307 6300 6231
f 6231 6300 6296
f 6331 6326 6253
f 6253 6326 6316
f 6253 6316 6243
f 6243 6316 6312
f 6243 6312 6231
f 6231 6312 6311
f 6231 6311 6307
f 6270 6359 6352
f 6352 6350 6270
f 6270 6350 6335
f 6270 6335 6253
f 6253 6335 6334
f 6253 6334 6331
f 6410 6408 6303
f 6303 6408 6401
f 6303 6401 6391
f 6391 6376 6303
f 6303 6376 6368
f 6303 6368 6270
f 6270 6368 6367
f 6270 6367 6359
f 6471 6469 6328
f 6328 6469 6456
f 6328 6456 6436
f 6436 6432 6328
f 6328 6432 6427
f 6328 6427 6303
f 6303 6427 6424
f 6303 6424 6410
f 6540 6521 6351
f 6521 6518 6351
f 6351 6518 6500
f 6351 6500 6328
f 6328 6500 6494
f 6328 6494 6471
f 6632 6624 6602
f 6602 6624 6604
f 6602 6604 6587
f 6679 6669 6691
f 6691 6669 6662
f 6691 6662 6643
f 6587 6578 6591
f 6591 6578 6569
f 6591 6569 6559
f 6798 6697 6691
f 6691 6697 6688
f 6691 6688 6679
f 6788 6781 6798
f 6798 6781 6729
f 6798 6729 6697
f 6798 6952 6936
f 6898 6936 6917
f 6917 6936 6920
f 6898 6829 6936
f 6936 6829 6815
f 6936 6815 6798
f 6798 6815 6802
f 6798 6802 6788
f 7093 6988 7098
f 7098 6988 6967
f 7098 6967 6940
f 6938 6924 6920
f 6920 6924 6919
f 6920 6919 6917
f 7093 7087 7051
f 7051 7052 7093
f 7093 7052 7053
f 7093 7053 7048
f 7048 7047 7093
f 7093 7047 7035
f 7093 7035 7034
f 7034 7020 7093
f 7093 7020 7019
f 7093 7019 6988
f 7036 7039 7082
f 7082 7039 7041
f 7082 7041 7084
f 7084 7041 7043
f 7084 7043 7087
f 7087 7043 7050
f 7087 7050 7051
f 7064 7024 7065
f 7065 7024 7029
f 7065 7029 7078
f 7078 7029 7030
f 7078 7030 7082
f 7082 7030 7031
f 7082 7031 7036
f 7021 6990 6992
f 6992 6997 7021
f 7021 6997 7006
f 7021 7006 7028
f 7028 7006 7009
f 7028 7009 7040
f 7040 7009 7012
f 7040 7012 7042
f 7042 7012 7018
f 7042 7018 7064
f 7064 7018 7023
f 7064 7023 7024
f 6951 6953 7001
f 7001 6953 6960
f 7001 6960 6972
f 6972 6975 7001
f 7001 6975 6976
f 7001 6976 6989
f 6990 7021 6989
f 6989 7021 7011
f 6989 7011 7001
f 6951 7001 6949
f 6949 7001 7000
f 6949 7000 6947
f 6947 7000 6946
f 6946 7000 6987
f 6946 6987 6906
f 6906 6987 6894
f 6894 6987 6983
f 6894 6983 6978
f 6786 6800 6796
f 6796 6800 6810
f 6963 6796 6964
f 6964 6796 6810
f 6964 6810 6970
f 6970 6810 6826
f 6970 6826 6978
f 6978 6826 6853
f 6978 6853 6894
f 6614 6651 6644
f 6644 6651 6659
f 6644 6659 6664
f 6786 6796 6769
f 6769 6796 6772
f 6769 6772 6726
f 6535 6552 6477
f 6477 6552 6556
f 6555 6477 6599
f 6599 6477 6556
f 6599 6556 6644
f 6644 6556 6566
f 6644 6566 6614
f 6342 6412 6414
f 6470 6472 6477
f 6470 6477 6443
f 6472 6484 6477
f 6477 6484 6527
f 6477 6527 6535
f 6259 6379 6342
f 6342 6379 6411
f 6342 6411 6412
f 6287 6259 6279
f 6279 6259 6182
f 6279 6182 6196
f 6287 6292 6259
f 6259 6292 6305
f 6259 6305 6313
f 6313 6315 6259
f 6259 6315 6327
f 6259 6327 6343
f 6343 6346 6259
f 6259 6346 6373
f 6259 6373 6379
f 6206 6265 6196
f 6196 6265 6267
f 6196 6267 6269
f 6269 6271 6196
f 6196 6271 6277
f 6196 6277 6279
f 6216 6272 6206
f 6206 6272 6268
f 6268 6264 6206
f 6206 6264 6263
f 6206 6263 6265
f 6296 6291 6231
f 6231 6291 6288
f 6231 6288 6216
f 6216 6288 6281
f 6216 6281 6278
f 6278 6274 6216
f 6216 6274 6273
f 6216 6273 6272
f 4522 4754 4781
f 4781 4754 4884
f 4781 4884 4948
f 4948 4805 4781
f 4781 4805 4719
f 4781 4719 4522
f 4522 4719 4548
f 4522 4548 4410
f 4294 4057 4260
f 4260 4057 4220
f 4260 4220 4487
f 4487 4220 4462
f 4487 4462 4725
f 4725 4462 4700
f 4725 4700 4832
f 3556 3826 3857
f 3857 3826 4086
f 3857 4086 4109
f 4109 4086 4358
f 4109 4358 4380
f 4380 4358 4636
f 4658 4677 4403
f 4403 4677 4436
f 4403 4436 4168
f 4168 4436 4196
f 4168 4196 3984
f 4862 4568 4853
f 4853 4568 4560
f 4853 4560 4849
f 4848 4849 4554
f 4554 4849 4560
f 4554 4560 4258
f 4258 4560 4270
f 4258 4270 3990
f 5055 4876 4866
f 4866 4876 4591
f 4866 4591 4580
f 4580 4591 4293
f 4580 4293 4283
f 4283 4293 4023
f 4283 4023 4005
f 3990 3977 4258
f 4258 3977 4254
f 4258 4254 4554
f 4554 4254 4549
f 4554 4549 4848
f 4848 4549 4851
f 4023 3756 4005
f 4005 3756 3737
f 4005 3737 3853
f 4858 4851 4550
f 4550 4851 4549
f 4550 4549 4247
f 4247 4549 4254
f 4247 4254 3962
f 3962 4254 3977
f 3962 3977 3853
f 3853 3977 3990
f 3853 3990 4005
f 4005 3990 4270
f 4005 4270 4283
f 4283 4270 4568
f 4283 4568 4580
f 4580 4568 4862
f 4580 4862 4866
f 4945 4985 4797
f 4797 4985 4832
f 4797 4832 4677
f 4677 4832 4700
f 4677 4700 4436
f 4436 4700 4462
f 4436 4462 4196
f 4196 4462 4220
f 4196 4220 3984
f 3984 4220 4057
f 3984 4057 4045
f 3752 3828 3487
f 3487 3828 3629
f 3487 3629 3553
f 3553 3176 3046
f 3046 3176 3135
f 3046 3135 2922
f 3553 3046 3487
f 3487 3046 3399
f 3487 3399 3752
f 2834 2944 2707
f 2702 2509 2922
f 2922 2509 2707
f 2922 2707 3046
f 3046 2707 2944
f 3046 2944 3399
f 3399 2944 2834
f 3232 2736 2657
f 4380 4137 4109
f 4109 4137 3918
f 4109 3918 3857
f 3857 3918 3649
f 3857 3649 3556
f 3556 3649 3232
f 3556 3232 3082
f 3082 3232 2657
f 3082 2657 2566
f 2566 2374 2260
f 2218 2374 2233
f 2233 2374 2566
f 2233 2566 2277
f 2277 2566 2657
f 2277 2657 2290
f 2290 2657 2736
f 2290 2736 2344
f 2509 2504 2707
f 2707 2504 2497
f 2707 2497 2834
f 2834 2497 2423
f 2834 2423 2355
f 3918 3752 3649
f 3649 3752 3399
f 3649 3399 3232
f 3232 3399 2834
f 3232 2834 2736
f 2736 2834 2355
f 2736 2355 2344
f 3395 3345 3585
f 3395 3585 3777
f 3345 3395 3084
f 3084 3395 2860
f 3084 2860 2793
f 3662 3675 3465
f 3465 3189 3168
f 3168 3189 2914
f 3465 3168 3662
f 3662 3168 3437
f 3662 3437 3657
f 2793 2860 2538
f 2538 2860 2383
f 2538 2383 2337
f 2025 2159 2050
f 2050 2159 2260
f 2050 2260 2089
f 2337 2256 2538
f 2538 2256 2453
f 2538 2453 2793
f 2793 2453 2700
f 2793 2700 3084
f 3084 2700 2989
f 3084 2989 3345
f 3345 2989 3261
f 3345 3261 3585
f 3585 3261 3513
f 3585 3513 3712
f 2602 2626 2386
f 2602 2386 2185
f 1937 1914 2043
f 2043 1914 1908
f 1908 1905 2043
f 2043 1905 2185
f 2043 2185 2203
f 2203 2185 2386
f 2025 2001 2159
f 2159 2001 1986
f 2159 1986 2090
f 2090 1986 1961
f 2090 1961 1950
f 2218 2202 2374
f 2374 2202 2131
f 2374 2131 2260
f 2260 2131 2104
f 2260 2104 2089
f 4871 4864 4565
f 4565 4864 4557
f 4565 4557 4249
f 4249 4557 4245
f 4249 4245 3952
f 3952 4245 3957
f 3952 3957 3662
f 3662 3957 3830
f 3662 3830 3675
f 4885 4871 4573
f 4573 4871 4565
f 4573 4565 4256
f 4256 4565 4249
f 4256 4249 3953
f 3953 4249 3952
f 3953 3952 3816
f 3816 3952 3657
f 3816 3657 3654
f 3654 3657 3437
f 4617 4601 4288
f 4288 4601 4276
f 4288 4276 3982
f 3982 4276 3966
f 3982 3966 3829
f 3829 3966 3820
f 3829 3820 3660
f 4601 4583 4276
f 4276 4583 4263
f 4276 4263 3966
f 3966 4263 3958
f 3966 3958 3820
f 4718 5050 4990
f 4434 4460 4740
f 4740 4460 4764
f 4740 4764 4935
f 4694 4375 4401
f 4401 4375 4201
f 3168 3158 3437
f 3437 3158 3435
f 3437 3435 3654
f 3654 3435 3660
f 3654 3660 3816
f 3816 3660 3820
f 3816 3820 3953
f 3953 3820 3958
f 3953 3958 4256
f 4256 3958 4263
f 4256 4263 4573
f 4573 4263 4583
f 4573 4583 4885
f 4885 4583 4601
f 4885 4601 4917
f 4917 4601 4617
f 4956 4917 4628
f 4628 4917 4617
f 4628 4617 4302
f 4302 4617 4288
f 4302 4288 4000
f 4000 4288 3982
f 4000 3982 3842
f 3842 3982 3829
f 3842 3829 3669
f 3669 3829 3660
f 3669 3660 3438
f 3438 3660 3435
f 3438 3435 3154
f 3154 3435 3158
f 3154 3158 2868
f 2868 3158 3168
f 2868 3168 2602
f 2602 3168 2914
f 2602 2914 2626
f 4694 4668 4375
f 4375 4668 4349
f 4375 4349 4201
f 4201 4349 4328
f 4201 4328 4036
f 4036 4328 4018
f 4036 4018 3876
f 3876 4018 3856
f 3876 3856 3708
f 3708 3856 3685
f 3708 3685 3481
f 3481 3685 3456
f 3481 3456 3172
f 3172 3456 3159
f 3172 3159 2872
f 2872 3159 2861
f 2872 2861 2574
f 2574 2861 2579
f 2574 2579 2356
f 2356 2349 2574
f 2574 2349 2581
f 2574 2581 2872
f 2872 2581 2887
f 2872 2887 3172
f 3172 2887 3203
f 3172 3203 3481
f 3481 3203 3502
f 3481 3502 3708
f 3708 3502 3738
f 3708 3738 3876
f 3876 3738 3897
f 3876 3897 4036
f 4036 3897 4061
f 4036 4061 4201
f 2051 2209 2033
f 2033 2209 2189
f 2033 2189 2018
f 1878 1879 2018
f 2018 1879 1886
f 2018 1886 1887
f 1880 1878 2012
f 2012 1878 2018
f 2012 2018 2172
f 2172 2018 2189
f 2172 2189 2368
f 2368 2189 2394
f 2368 2394 2634
f 1917 1921 2051
f 2051 1921 1946
f 2964 2634 2671
f 2671 2634 2394
f 2671 2394 2428
f 2428 2394 2209
f 2428 2209 2239
f 2239 2209 2051
f 2239 2051 2076
f 2076 2051 1946
f 2114 1981 2000
f 3584 3279 3332
f 3332 3279 3018
f 3332 3018 3063
f 3063 3018 2711
f 3063 2711 2770
f 2770 2711 2466
f 2770 2466 2522
f 2522 2466 2273
f 2522 2273 2322
f 2322 2273 2114
f 2322 2114 2150
f 2150 2114 2000
f 1946 1953 2076
f 2076 1953 1963
f 2076 1963 1970
f 3279 2964 3018
f 3018 2964 2671
f 3018 2671 2711
f 2711 2671 2428
f 2711 2428 2466
f 2466 2428 2239
f 2466 2239 2273
f 2273 2239 2076
f 2273 2076 2114
f 2114 2076 1970
f 2114 1970 1981
f 1887 1888 2018
f 2018 1888 1904
f 2018 1904 2033
f 2033 1904 1906
f 2033 1906 2051
f 2051 1906 1916
f 2051 1916 1917
f 2206 2064 2086
f 3945 3784 3810
f 3810 3784 3613
f 3810 3613 3656
f 3656 3613 3391
f 3656 3391 3452
f 3452 3391 3121
f 3452 3121 3183
f 3183 3121 2843
f 3183 2843 2928
f 2928 2843 2578
f 2928 2578 2663
f 2663 2578 2372
f 2663 2372 2440
f 2440 2372 2206
f 2440 2206 2264
f 2264 2206 2086
f 2327 2178 2200
f 4148 3972 4009
f 4009 3972 3844
f 4009 3844 3879
f 3879 3844 3701
f 3879 3701 3748
f 3748 3701 3508
f 3748 3508 3575
f 3575 3508 3270
f 3575 3270 3343
f 3343 3270 3020
f 3343 3020 3090
f 3090 3020 2732
f 3090 2732 2829
f 2829 2732 2510
f 2829 2510 2588
f 2588 2510 2327
f 2588 2327 2399
f 2399 2327 2200
f 2399 2200 2225
f 2086 2110 2264
f 2264 2110 2118
f 2264 2118 2133
f 4111 3945 3972
f 3972 3945 3810
f 3972 3810 3844
f 3844 3810 3656
f 3844 3656 3701
f 3701 3656 3452
f 3701 3452 3508
f 3508 3452 3183
f 3508 3183 3270
f 3270 3183 2928
f 3270 2928 3020
f 3020 2928 2663
f 3020 2663 2732
f 2732 2663 2440
f 2732 2440 2510
f 2510 2440 2264
f 2510 2264 2327
f 2327 2264 2133
f 2327 2133 2178
f 4306 4148 4173
f 4173 4148 4009
f 4173 4009 4038
f 4038 4009 3879
f 4038 3879 3910
f 3910 3879 3748
f 3910 3748 3779
f 3779 3748 3575
f 3779 3575 3625
f 3625 3575 3343
f 3625 3343 3420
f 3420 3343 3090
f 3420 3090 3173
f 3173 3090 2829
f 3173 2829 2935
f 2935 2829 2588
f 2935 2588 2692
f 2692 2588 2399
f 2343 2371 2560
f 2317 2343 2475
f 2475 2343 2560
f 2475 2560 2779
f 2779 2560 2908
f 2779 2908 3131
f 2245 2267 2399
f 2399 2267 2475
f 2399 2475 2692
f 2692 2475 2779
f 2692 2779 2935
f 2935 2779 3131
f 2935 3131 3173
f 3173 3131 3366
f 3173 3366 3420
f 3420 3366 3578
f 3420 3578 3625
f 3625 3578 3741
f 3625 3741 3779
f 3779 3741 3859
f 3779 3859 3910
f 3910 3859 3980
f 3910 3980 4038
f 4038 3980 4107
f 4038 4107 4173
f 4173 4107 4228
f 4173 4228 4306
f 4306 4228 4374
f 2000 2015 2150
f 2150 2015 2024
f 2150 2024 2038
f 3784 3584 3613
f 3613 3584 3332
f 3613 3332 3391
f 3391 3332 3063
f 3391 3063 3121
f 3121 3063 2770
f 3121 2770 2843
f 2843 2770 2522
f 2843 2522 2578
f 2578 2522 2322
f 2578 2322 2372
f 2372 2322 2150
f 2372 2150 2206
f 2206 2150 2038
f 2206 2038 2064
f 4401 4718 4694
f 4694 4718 4990
f 4694 4990 4668
f 4668 4990 4956
f 4668 4956 4651
f 4651 4956 4628
f 4651 4628 4328
f 4328 4628 4302
f 4328 4302 4018
f 4018 4302 4000
f 4018 4000 3856
f 3856 4000 3842
f 3856 3842 3685
f 3685 3842 3669
f 3685 3669 3456
f 3456 3669 3438
f 3456 3438 3159
f 3159 3438 3154
f 3159 3154 2861
f 2861 3154 2868
f 2861 2868 2579
f 2579 2868 2602
f 2579 2602 2356
f 2356 2602 2185
f 2356 2185 2168
f 2168 2185 1899
f 2168 1899 1882
f 4984 5102 4935
f 4935 5102 5050
f 4935 5050 4740
f 4740 5050 4718
f 4740 4718 4434
f 4434 4718 4401
f 4434 4401 4253
f 4253 4401 4201
f 4253 4201 4089
f 4089 4201 4061
f 4089 4061 3921
f 3921 4061 3897
f 3921 3897 3758
f 3758 3897 3738
f 3758 3738 3539
f 3539 3738 3502
f 3539 3502 3238
f 3238 3502 3203
f 3238 3203 2921
f 2921 3203 2887
f 2921 2887 2605
f 2605 2887 2581
f 2605 2581 2357
f 2357 2581 2349
f 2357 2349 2165
f 2165 2349 2168
f 2165 2168 2014
f 2014 2168 1882
f 2014 1882 1881
f 4905 5040 4965
f 4965 5040 5142
f 4965 5142 5056
f 5056 5142 5199
f 5056 5199 5157
f 4514 4539 4810
f 4810 4539 4707
f 4810 4707 4837
f 4837 4707 4771
f 4712 4771 4647
f 4647 4771 4707
f 4647 4707 4578
f 4578 4707 4539
f 4578 4539 4374
f 4374 4539 4514
f 4374 4514 4306
f 4306 4514 4485
f 4789 4905 4828
f 4828 4905 4965
f 4828 4965 4903
f 4903 4965 5056
f 4903 5056 4984
f 4984 5056 5157
f 4984 5157 5102
f 1881 1880 2014
f 2014 1880 2012
f 2014 2012 2165
f 2165 2012 2172
f 2165 2172 2357
f 2357 2172 2368
f 2357 2368 2605
f 2605 2368 2634
f 2605 2634 2921
f 2921 2634 2964
f 2921 2964 3238
f 3238 2964 3279
f 3238 3279 3539
f 3539 3279 3584
f 3539 3584 3758
f 3758 3584 3784
f 3758 3784 3921
f 3921 3784 3945
f 3921 3945 4089
f 4089 3945 4111
f 4089 4111 4253
f 4253 4111 4148
f 4253 4148 4434
f 4434 4148 4306
f 4434 4306 4460
f 4460 4306 4485
f 4460 4485 4764
f 4764 4485 4791
f 4764 4791 4935
f 4935 4791 4810
f 4935 4810 4984
f 4984 4810 4837
f 4984 4837 4903
f 4903 4837 4771
f 4903 4771 4828
f 4828 4771 4712
f 4828 4712 4789
f 5087 4818 5143
f 5143 4818 4852
f 5143 4852 5161
f 5161 4852 4897
f 5161 4897 5191
f 5191 4897 4942
f 5191 4942 5228
f 4667 4603 4818
f 4476 4596 4519
f 4667 4596 4552
f 4552 4596 4476
f 4552 4476 4444
f 4444 4476 4352
f 4152 4352 4265
f 4265 4352 4476
f 4265 4476 4392
f 4392 4476 4519
f 4392 4519 4449
f 4818 4603 4852
f 4852 4603 4639
f 4852 4639 4897
f 4897 4639 4682
f 4897 4682 4942
f 4804 4842 5072
f 5131 4989 5047
f 5131 5047 5162
f 5162 5047 5100
f 5162 5100 5195
f 4475 4521 4722
f 4722 4521 4767
f 4722 4767 4978
f 4978 4767 5024
f 4978 5024 5250
f 5250 5024 5268
f 4667 4552 4603
f 4603 4552 4444
f 4603 4444 4639
f 4639 4444 4533
f 4639 4533 4682
f 4842 4886 4989
f 4989 4886 4936
f 4989 4936 5047
f 5047 4936 4975
f 5047 4975 5100
f 4521 4566 4767
f 4767 4566 4804
f 4767 4804 5024
f 5024 4804 5072
f 5024 5072 5268
f 5268 5072 5225
f 5268 5225 5293
f 5293 5225 5252
f 5293 5252 5319
f 5319 5252 5347
f 4842 4989 5072
f 5072 4989 5131
f 5072 5131 5225
f 5225 5131 5162
f 5225 5162 5252
f 5252 5162 5195
f 5252 5195 5347
f 5388 5571 5350
f 5350 5571 5520
f 5350 5520 5326
f 5326 5520 5489
f 5326 5489 5311
f 5311 5489 5453
f 5311 5453 5288
f 5071 5121 5288
f 5022 5260 5232
f 5232 5260 5390
f 5232 5390 5367
f 4566 4616 4804
f 4804 4616 4752
f 4804 4752 4842
f 4842 4752 4795
f 4842 4795 4886
f 4886 4795 4829
f 4886 4829 4936
f 4936 4829 4868
f 4936 4868 4975
f 4975 4868 5022
f 4975 5022 5100
f 5100 5022 5232
f 5100 5232 5195
f 5195 5232 5367
f 5195 5367 5347
f 5222 5187 4968
f 4968 5187 4932
f 4932 5187 5155
f 4932 5155 4893
f 4893 5155 5121
f 4893 5121 4850
f 4850 5121 5071
f 4850 5071 4816
f 5288 5121 5311
f 5311 5121 5155
f 5311 5155 5326
f 5326 5155 5187
f 5326 5187 5350
f 5350 5187 5222
f 5350 5222 5388
f 5453 5418 5288
f 5288 5418 5260
f 5288 5260 5071
f 5071 5260 5022
f 5071 5022 4816
f 4816 5022 4868
f 4816 4868 4785
f 4785 4868 4829
f 4785 4829 4741
f 4741 4829 4795
f 4741 4795 4698
f 4698 4795 4752
f 4698 4752 4657
f 4657 4752 4616
f 5250 5228 4978
f 4978 5228 4942
f 4978 4942 4722
f 4722 4942 4682
f 4722 4682 4475
f 4475 4682 4533
f 4475 4533 4427
f 4427 4533 4444
f 4427 4444 4327
f 4327 4444 4352
f 4327 4352 4227
f 4227 4352 4152
f 4227 4152 4031
f 4504 4505 4637
f 4504 4637 4605
f 4605 4637 4691
f 4605 4691 4553
f 4553 4691 4649
f 4553 4649 4512
f 4512 4649 4611
f 4512 4611 4468
f 4468 4611 4562
f 4468 4562 4415
f 4415 4562 4517
f 4415 4517 4391
f 4391 4517 4389
f 4449 4307 4392
f 4392 4307 4183
f 4392 4183 4265
f 4265 4183 4063
f 4265 4063 4152
f 4152 4063 3940
f 4152 3940 4031
f 4031 3940 3825
f 4031 3825 3919
f 3919 3825 3702
f 3919 3702 3806
f 3806 3702 3542
f 3806 3542 3686
f 3686 3542 3339
f 3686 3339 3535
f 3535 3339 3124
f 3535 3124 3351
f 3351 3124 2916
f 3351 2916 3150
f 2639 2705 2916
f 2916 2705 2749
f 2916 2749 3150
f 3150 2749 2819
f 3150 2819 2884
f 4572 4579 4746
f 4746 4579 4809
f 4746 4809 4995
f 4995 4809 5085
f 4995 5085 5263
f 5263 5085 5302
f 5263 5302 5437
f 5437 5302 5496
f 5437 5496 5639
f 5639 5496 5716
f 5639 5716 5830
f 5830 5716 5741
f 5830 5741 5855
f 4619 4626 4640
f 4640 4626 4703
f 4640 4703 4867
f 4867 4703 4940
f 4867 4940 5154
f 5154 4940 5209
f 5154 5209 5344
f 4675 4680 4703
f 4703 4680 4765
f 4703 4765 4940
f 4940 4765 4996
f 4940 4996 5209
f 4590 4640 4809
f 4809 4640 4867
f 4809 4867 5085
f 5085 4867 5154
f 5085 5154 5302
f 5302 5154 5344
f 5302 5344 5496
f 4734 4756 4765
f 4765 4756 4819
f 4765 4819 4996
f 4996 4819 4960
f 4996 4960 5081
f 5081 5156 4996
f 4996 5156 5294
f 4996 5294 5209
f 5209 5294 5305
f 5209 5305 5344
f 5344 5305 5412
f 5344 5412 5496
f 5496 5412 5550
f 5496 5550 5583
f 6414 6443 6342
f 6342 6443 6477
f 6342 6477 6438
f 6438 6477 6555
f 6438 6555 6512
f 6963 6956 6796
f 6796 6956 6925
f 6796 6925 6772
f 6772 6925 6878
f 6772 6878 6699
f 6699 6878 6792
f 6699 6792 6660
f 6145 5971 5993
f 5993 5971 5821
f 5993 5821 5842
f 5842 5821 5621
f 5842 5621 5646
f 5470 5427 5364
f 5364 5427 5334
f 5364 5334 5282
f 5282 5301 5364
f 5364 5301 5499
f 5364 5499 5470
f 5470 5499 5584
f 5470 5584 5427
f 5427 5584 5646
f 5427 5646 5389
f 5389 5646 5621
f 5861 5672 5797
f 5797 5672 5698
f 5698 5672 5618
f 5698 5618 5645
f 5320 5346 5551
f 5551 5346 5446
f 5551 5446 5569
f 5569 5446 5503
f 5678 5759 5656
f 5656 5759 5733
f 5656 5733 5630
f 5630 5733 5711
f 5630 5711 5614
f 5614 5711 5690
f 5614 5690 5596
f 5596 5690 5675
f 5596 5675 5645
f 5346 5360 5446
f 5446 5360 5379
f 5446 5379 5503
f 5503 5379 5393
f 5503 5393 5414
f 6952 6798 6849
f 6849 6798 6691
f 6849 6691 6741
f 6741 6691 6631
f 6741 6631 6653
f 7156 7056 7089
f 7089 7056 6916
f 7089 6916 6945
f 6559 6540 6591
f 6591 6540 6351
f 6591 6351 6496
f 6496 6351 6377
f 6496 6377 6400
f 6587 6591 6602
f 6602 6591 6496
f 6602 6496 6533
f 6533 6496 6400
f 6533 6400 6425
f 6940 6938 7098
f 7098 6938 6920
f 7098 6920 7104
f 7104 6920 6936
f 7104 6936 7120
f 7120 6936 6952
f 7120 6952 6999
f 6999 6952 6849
f 6999 6849 6890
f 6890 6849 6741
f 6890 6741 6776
f 6776 6741 6653
f 6776 6653 6677
f 7181 7089 7190
f 7190 7089 6945
f 7190 6945 7202
f 7202 6945 6985
f 7202 6985 7080
f 6706 6985 6677
f 6677 6985 6945
f 6677 6945 6776
f 6776 6945 6916
f 6776 6916 6890
f 6890 6916 7056
f 6890 7056 6999
f 6999 7056 7141
f 6999 7141 7120
f 6485 6581 6525
f 6525 6581 6706
f 6525 6706 6492
f 6492 6706 6677
f 6492 6677 6459
f 6459 6677 6653
f 6459 6653 6533
f 6533 6653 6631
f 6533 6631 6602
f 6602 6631 6691
f 6602 6691 6632
f 6632 6691 6643
f 6581 6692 6706
f 6706 6692 6777
f 6706 6777 6985
f 6985 6777 7015
f 6985 7015 7080
f 6197 6233 6179
f 6179 6233 6338
f 6179 6338 6152
f 6152 6338 6304
f 6152 6304 6129
f 6129 6304 6257
f 6129 6257 6107
f 6107 6257 6235
f 6107 6235 6085
f 6085 6235 6201
f 6085 6201 6069
f 6069 6201 6191
f 6069 6191 6055
f 6055 6191 6180
f 6055 6180 6042
f 6042 6180 6161
f 6042 6161 6020
f 6020 6161 6149
f 6020 6149 5996
f 5996 6149 6132
f 5996 6132 5977
f 5977 6132 6124
f 5977 6124 5955
f 5955 6124 6110
f 5955 6110 5947
f 5947 6110 6100
f 5947 6100 5936
f 5936 6100 6090
f 5936 6090 5927
f 5927 6090 6080
f 5927 6080 5912
f 5912 6080 6066
f 5912 6066 5900
f 5900 6066 6061
f 6092 6197 6065
f 6065 6197 6179
f 6065 6179 6046
f 6046 6179 6152
f 6046 6152 6010
f 6010 6152 6129
f 6010 6129 5973
f 5973 6129 6107
f 5973 6107 5946
f 5946 6107 6085
f 5946 6085 5933
f 5933 6085 6069
f 5933 6069 5914
f 5914 6069 6055
f 5914 6055 5894
f 5894 6055 6042
f 5894 6042 5875
f 5875 6042 6020
f 5875 6020 5863
f 5863 6020 5996
f 5863 5996 5844
f 5844 5996 5977
f 5844 5977 5826
f 5826 5977 5955
f 5826 5955 5799
f 5799 5955 5947
f 5799 5947 5780
f 5780 5947 5936
f 5780 5936 5764
f 5764 5936 5927
f 5764 5927 5746
f 5746 5927 5912
f 5746 5912 5835
f 5835 5912 5900
f 5835 5900 5876
f 5876 5900 6061
f 5876 6061 6043
f 6233 6383 6338
f 6338 6383 6485
f 6338 6485 6304
f 6304 6485 6525
f 6304 6525 6257
f 6257 6525 6492
f 6257 6492 6235
f 6235 6492 6459
f 6235 6459 6201
f 6201 6459 6425
f 6201 6425 6191
f 6191 6425 6400
f 6191 6400 6180
f 6180 6400 6377
f 6180 6377 6161
f 6161 6377 6351
f 6161 6351 6149
f 6149 6351 6328
f 6149 6328 6132
f 6132 6328 6303
f 6132 6303 6124
f 6124 6303 6270
f 6124 6270 6110
f 6110 6270 6253
f 6110 6253 6100
f 6100 6253 6243
f 6100 6243 6090
f 6090 6243 6231
f 6090 6231 6080
f 6080 6231 6216
f 6080 6216 6066
f 6066 6216 6206
f 6066 6206 6061
f 6061 6206 6196
f 6061 6196 6043
f 6043 6196 6182
f 5786 5913 5744
f 5744 5913 5880
f 5744 5880 5708
f 5708 5880 5858
f 5708 5858 5664
f 5664 5858 5823
f 5664 5823 5644
f 5644 5823 5798
f 5644 5798 5623
f 5623 5798 5776
f 5623 5776 5602
f 5602 5776 5748
f 5602 5748 5580
f 5580 5748 5727
f 5580 5727 5563
f 5563 5727 5701
f 5563 5701 5525
f 5525 5701 5678
f 5525 5678 5487
f 5487 5678 5656
f 5487 5656 5445
f 5445 5656 5630
f 5445 5630 5414
f 5414 5630 5614
f 5414 5614 5503
f 5503 5614 5596
f 5503 5596 5569
f 5569 5596 5645
f 5569 5645 5551
f 5551 5645 5618
f 5551 5618 5522
f 6939 6968 6775
f 6902 6918 6725
f 6534 6476 6638
f 6638 6476 6619
f 6638 6619 6735
f 6735 6619 6775
f 6735 6775 6790
f 6790 6775 6968
f 6790 6968 7002
f 6658 6601 6594
f 6594 6601 6524
f 6534 6508 6476
f 6476 6508 6341
f 6476 6341 6322
f 6322 6341 6285
f 6322 6285 6195
f 6285 6209 6195
f 6195 6209 6131
f 6195 6131 6113
f 6113 6131 6126
f 6113 6126 6051
f 5985 5939 6051
f 6051 5939 6039
f 6051 6039 6113
f 5899 5979 5984
f 5984 5979 6081
f 5984 6081 6087
f 6087 6081 6153
f 6087 6153 6165
f 6165 6153 6250
f 6165 6250 6256
f 6256 6250 6420
f 6256 6420 6431
f 6431 6420 6560
f 6431 6560 6574
f 6574 6560 6684
f 6574 6684 6696
f 6696 6684 6884
f 6696 6884 6902
f 5884 5881 5968
f 5968 5881 5964
f 5968 5964 6078
f 6610 6728 6663
f 6663 6728 6734
f 6663 6734 6755
f 6755 6676 6663
f 6663 6676 6612
f 6663 6612 6610
f 6794 6710 6687
f 6687 6710 6637
f 6687 6637 6627
f 6627 6637 6565
f 6627 6565 6554
f 6554 6565 6493
f 6554 6493 6489
f 6711 6712 6606
f 6606 6712 6716
f 6606 6716 6610
f 6610 6716 6720
f 6610 6720 6728
f 6711 6606 6707
f 6707 6606 6605
f 6707 6605 6703
f 6709 6608 6714
f 6714 6608 6611
f 6714 6611 6717
f 6717 6611 6719
f 6709 6708 6608
f 6608 6708 6705
f 6608 6705 6605
f 6605 6705 6704
f 6605 6704 6703
f 6660 6792 6642
f 6642 6792 6767
f 6642 6767 6623
f 6623 6767 6740
f 6623 6740 6611
f 6611 6740 6732
f 6611 6732 6730
f 6778 6687 6676
f 6676 6687 6627
f 6676 6627 6612
f 6612 6627 6554
f 6612 6554 6610
f 6610 6554 6489
f 6610 6489 6606
f 6606 6489 6482
f 6606 6482 6605
f 6605 6482 6487
f 6605 6487 6608
f 6608 6487 6490
f 6608 6490 6611
f 6611 6490 6501
f 6611 6501 6623
f 6623 6501 6512
f 6623 6512 6642
f 6642 6512 6555
f 6642 6555 6660
f 6660 6555 6599
f 6660 6599 6699
f 6699 6599 6644
f 6699 6644 6772
f 6772 6644 6664
f 6772 6664 6726
f 6347 6222 6344
f 6344 6222 6223
f 6344 6223 6349
f 6349 6223 6228
f 6349 6228 6356
f 6356 6228 6232
f 6356 6232 6364
f 6364 6232 6239
f 6364 6239 6384
f 6384 6239 6248
f 6384 6248 6286
f 6286 6248 6193
f 6286 6193 6225
f 6225 6193 6145
f 6225 6145 6160
f 6160 6145 5993
f 6160 5993 6018
f 6018 5993 5842
f 6018 5842 5861
f 5861 5842 5646
f 5861 5646 5672
f 5672 5646 5584
f 5672 5584 5618
f 5618 5584 5499
f 5618 5499 5522
f 5522 5499 5301
f 5522 5301 5320
f 6451 6366 6360
f 6360 6366 6229
f 6360 6229 6227
f 6227 6229 6138
f 6227 6138 6134
f 6134 6138 6067
f 6134 6067 6070
f 6070 6067 5969
f 6601 6539 6524
f 6524 6539 6392
f 6524 6392 6381
f 6381 6392 6238
f 6381 6238 6236
f 6236 6238 6146
f 6236 6146 6141
f 6141 6146 6072
f 6141 6072 6068
f 6068 6072 5963
f 6068 5963 5966
f 5966 5963 5885
f 5966 5885 5889
f 6515 6451 6442
f 6442 6451 6360
f 6442 6360 6353
f 6353 6360 6227
f 6353 6227 6224
f 6224 6227 6134
f 6224 6134 6135
f 6135 6134 6070
f 6135 6070 6074
f 6074 6070 5969
f 6074 5969 5978
f 6050 6120 6098
f 6098 6120 6167
f 6098 6167 6093
f 6093 6167 6155
f 6093 6155 6086
f 6086 6155 6151
f 6086 6151 6082
f 6082 6151 6147
f 6082 6147 6079
f 6079 6147 6140
f 6079 6140 6077
f 6077 6140 6137
f 5987 5911 5997
f 5997 5911 5918
f 5997 5918 6006
f 6222 6137 6223
f 6223 6137 6140
f 6223 6140 6228
f 6228 6140 6147
f 6228 6147 6232
f 6232 6147 6151
f 6232 6151 6239
f 6239 6151 6155
f 6239 6155 6248
f 6248 6155 6167
f 6248 6167 6193
f 6193 6167 6120
f 6193 6120 6145
f 6145 6120 6050
f 6145 6050 5971
f 5902 5982 5895
f 5895 5982 5978
f 5895 5978 5889
f 5889 5978 5969
f 5889 5969 5966
f 5966 5969 6067
f 5966 6067 6068
f 6068 6067 6138
f 6068 6138 6141
f 6141 6138 6229
f 6141 6229 6236
f 6236 6229 6366
f 6236 6366 6381
f 6381 6366 6451
f 6381 6451 6524
f 6524 6451 6515
f 6524 6515 6594
f 5957 6089 5940
f 5940 6089 6065
f 5940 6065 5913
f 5913 6065 6046
f 5913 6046 5880
f 5880 6046 6010
f 5880 6010 5858
f 5858 6010 5973
f 5858 5973 5823
f 5823 5973 5946
f 5823 5946 5798
f 5798 5946 5933
f 5798 5933 5776
f 5776 5933 5914
f 5776 5914 5748
f 5748 5914 5894
f 5748 5894 5727
f 5727 5894 5875
f 5727 5875 5701
f 5701 5875 5863
f 5701 5863 5759
f 5759 5863 5844
f 5759 5844 5733
f 5733 5844 5826
f 5733 5826 5711
f 5711 5826 5799
f 5711 5799 5690
f 5690 5799 5780
f 5690 5780 5675
f 5675 5780 5764
f 5675 5764 5645
f 5645 5764 5746
f 5645 5746 5732
f 5732 5746 5835
f 5732 5835 5797
f 5797 5835 5876
f 5797 5876 5861
f 5861 5876 6043
f 5861 6043 6018
f 6018 6043 6182
f 6018 6182 6160
f 6160 6182 6259
f 6160 6259 6225
f 6225 6259 6342
f 6225 6342 6286
f 6286 6342 6438
f 6286 6438 6384
f 6384 6438 6512
f 6384 6512 6364
f 6364 6512 6501
f 6364 6501 6356
f 6356 6501 6490
f 6356 6490 6349
f 6349 6490 6487
f 6349 6487 6344
f 6344 6487 6482
f 6344 6482 6347
f 6347 6482 6489
f 6347 6489 6430
f 6430 6489 6493
f 6430 6493 6509
f 6509 6493 6565
f 6509 6565 6579
f 6579 6565 6637
f 6579 6637 6648
f 6648 6637 6710
f 6648 6710 6736
f 6736 6710 6811
f 6736 6811 6856
f 6658 6670 6601
f 6601 6670 6548
f 6601 6548 6539
f 6539 6548 6405
f 6539 6405 6392
f 6392 6405 6244
f 6392 6244 6238
f 6238 6244 6150
f 6238 6150 6146
f 6146 6150 6078
f 6146 6078 6072
f 6072 6078 5964
f 6072 5964 5963
f 5963 5964 5882
f 5963 5882 5885
f 5985 5950 5939
f 5939 5950 5865
f 5939 5865 5853
f 5853 5865 5845
f 5853 5845 5743
f 5845 5774 5743
f 5743 5774 5671
f 5743 5671 5640
f 5692 5685 5807
f 5807 5685 5795
f 5807 5795 5899
f 5899 5795 5888
f 5899 5888 5979
f 5451 5434 5590
f 5590 5434 5579
f 5590 5579 5692
f 5692 5579 5685
f 5685 5579 5676
f 5685 5676 5795
f 5795 5676 5788
f 5795 5788 5888
f 6902 6725 6696
f 6696 6725 6593
f 6696 6593 6574
f 6574 6593 6452
f 6574 6452 6431
f 6431 6452 6266
f 6431 6266 6256
f 6256 6266 6178
f 6256 6178 6165
f 6165 6178 6096
f 6165 6096 6087
f 6087 6096 6000
f 6087 6000 5984
f 5984 6000 5908
f 5984 5908 5899
f 5899 5908 5822
f 5899 5822 5807
f 5807 5822 5706
f 5807 5706 5692
f 5692 5706 5607
f 5692 5607 5590
f 5590 5607 5480
f 5590 5480 5451
f 5575 5486 5400
f 5309 5340 5197
f 5340 5289 5197
f 5197 5289 5241
f 5197 5241 5044
f 5044 5241 5115
f 5044 5115 4884
f 4884 5115 5018
f 4884 5018 4948
f 4410 4260 4522
f 4522 4260 4487
f 4522 4487 4754
f 4754 4487 4725
f 4754 4725 4884
f 4884 4725 4832
f 4884 4832 5044
f 5044 4832 4985
f 5044 4985 5197
f 5197 4985 5160
f 5197 5160 5309
f 5214 5324 5224
f 5224 5324 5343
f 5421 5424 5202
f 5202 5424 5207
f 5207 5424 5428
f 5207 5428 5214
f 5214 5428 5430
f 5214 5430 5324
f 5083 4906 4892
f 4892 4906 4622
f 4892 4622 4607
f 4607 4622 4335
f 4607 4335 4312
f 4312 4335 4064
f 4312 4064 4040
f 4040 4064 3798
f 4040 3798 3777
f 3777 3798 3449
f 3777 3449 3395
f 3395 3449 2937
f 3395 2937 2860
f 2860 2937 2442
f 2860 2442 2383
f 6939 6775 6747
f 6747 6775 6619
f 6747 6619 6607
f 6607 6619 6476
f 6607 6476 6463
f 6463 6476 6322
f 6463 6322 6299
f 6299 6322 6195
f 6299 6195 6186
f 6186 6195 6113
f 6186 6113 6104
f 6104 6113 6039
f 6104 6039 6015
f 6015 6039 5939
f 6015 5939 5928
f 5928 5939 5853
f 5928 5853 5840
f 5840 5853 5743
f 5840 5743 5726
f 5726 5743 5640
f 5726 5640 5620
f 5620 5640 5549
f 5620 5549 5509
f 5509 5549 5374
f 5509 5374 5354
f 5354 5374 5256
f 5354 5256 5235
f 5235 5256 5083
f 5235 5083 5055
f 5055 5083 4892
f 5055 4892 4876
f 4876 4892 4607
f 4876 4607 4591
f 4591 4607 4312
f 4591 4312 4293
f 4293 4312 4040
f 4293 4040 4023
f 4023 4040 3777
f 4023 3777 3756
f 3756 3777 3585
f 3756 3585 3737
f 3737 3585 3712
f 3737 3712 3853
f 5202 5200 5421
f 5421 5200 5201
f 5421 5201 5429
f 5486 5440 5400
f 5400 5440 5309
f 5400 5309 5278
f 5278 5309 5160
f 5278 5160 5129
f 5129 5160 4945
f 5129 4945 4924
f 4924 4945 4797
f 4924 4797 4636
f 4636 4797 4658
f 4636 4658 4380
f 4380 4658 4403
f 4380 4403 4137
f 4137 4403 4168
f 4137 4168 3918
f 3918 4168 3984
f 3918 3984 3752
f 3752 3984 4045
f 3752 4045 3828
f 5671 5666 5640
f 5640 5666 5575
f 5640 5575 5549
f 5549 5575 5400
f 5549 5400 5374
f 5374 5400 5278
f 5374 5278 5256
f 5256 5278 5129
f 5256 5129 5083
f 5083 5129 4924
f 5083 4924 4906
f 4906 4924 4636
f 4906 4636 4622
f 4622 4636 4358
f 4622 4358 4335
f 4335 4358 4086
f 4335 4086 4064
f 4064 4086 3826
f 4064 3826 3798
f 3798 3826 3556
f 3798 3556 3449
f 3449 3556 3082
f 3449 3082 2937
f 2937 3082 2566
f 2937 2566 2442
f 2442 2566 2260
f 2442 2260 2383
f 2383 2260 2159
f 2383 2159 2337
f 2337 2159 2090
f 2337 2090 2256
f 5715 5902 5697
f 5697 5902 5895
f 5697 5895 5687
f 5687 5895 5889
f 5687 5889 5683
f 5683 5889 5885
f 5683 5885 5677
f 5677 5885 5882
f 5677 5882 5674
f 5674 5882 5881
f 5674 5881 5788
f 5788 5881 5884
f 5788 5884 5888
f 5888 5884 5968
f 5888 5968 5979
f 5979 5968 6078
f 5979 6078 6081
f 6081 6078 6150
f 6081 6150 6153
f 6153 6150 6244
f 6153 6244 6250
f 6250 6244 6405
f 6250 6405 6420
f 6420 6405 6548
f 6420 6548 6560
f 6560 6548 6670
f 6560 6670 6684
f 6684 6670 6753
f 6684 6753 6884
f 6884 6753 6856
f 5987 5902 5911
f 5911 5902 5715
f 5911 5715 5918
f 5918 5715 5730
f 5918 5730 5934
f 5934 5730 5750
f 5934 5750 5773
f 6006 5918 6016
f 6016 5918 5934
f 6016 5934 5954
f 5954 5934 5773
f 5954 5773 5793
f 5221 5212 4858
f 5361 5599 5345
f 5345 5599 5578
f 5345 5578 5315
f 5315 5578 5564
f 5315 5564 5290
f 5290 5564 5539
f 5290 5539 5266
f 5266 5539 5500
f 5266 5500 5249
f 5249 5500 5471
f 5249 5471 5231
f 5231 5471 5449
f 5231 5449 5221
f 5221 5449 5436
f 5221 5436 5212
f 5212 5436 5429
f 5212 5429 5206
f 5206 5429 5201
f 5599 5793 5578
f 5578 5793 5773
f 5578 5773 5564
f 5564 5773 5750
f 5564 5750 5539
f 5539 5750 5730
f 5539 5730 5500
f 5500 5730 5715
f 5500 5715 5471
f 5471 5715 5697
f 5471 5697 5449
f 5449 5697 5687
f 5449 5687 5436
f 5436 5687 5683
f 5436 5683 5429
f 5429 5683 5677
f 5429 5677 5421
f 5421 5677 5674
f 5421 5674 5424
f 5424 5674 5676
f 5424 5676 5428
f 5428 5676 5579
f 5428 5579 5430
f 5430 5579 5434
f 5430 5434 5324
f 5324 5434 5451
f 5324 5451 5343
f 5343 5451 5480
f 4858 5212 4851
f 4851 5212 5206
f 4851 5206 4848
f 4848 5206 5201
f 4848 5201 4849
f 4849 5201 5200
f 4849 5200 4853
f 4853 5200 5202
f 4853 5202 4862
f 4862 5202 5207
f 4862 5207 4866
f 4866 5207 5214
f 4866 5214 5055
f 5055 5214 5224
f 5055 5224 5235
f 5235 5224 5343
f 5235 5343 5354
f 5354 5343 5480
f 5354 5480 5509
f 5509 5480 5607
f 5509 5607 5620
f 5620 5607 5706
f 5620 5706 5726
f 5726 5706 5822
f 5726 5822 5840
f 5840 5822 5908
f 5840 5908 5928
f 5928 5908 6000
f 5928 6000 6015
f 6015 6000 6096
f 6015 6096 6104
f 6104 6096 6178
f 6104 6178 6186
f 6186 6178 6266
f 6186 6266 6299
f 6299 6266 6452
f 6299 6452 6463
f 6463 6452 6593
f 6463 6593 6607
f 6607 6593 6725
f 6607 6725 6747
f 6747 6725 6918
f 6747 6918 6939
f 6856 6753 6736
f 6736 6753 6658
f 6736 6658 6648
f 6648 6658 6594
f 6648 6594 6579
f 6579 6594 6515
f 6579 6515 6509
f 6509 6515 6442
f 6509 6442 6430
f 6430 6442 6353
f 6430 6353 6347
f 6347 6353 6224
f 6347 6224 6222
f 6222 6224 6135
f 6222 6135 6137
f 6137 6135 6074
f 6137 6074 6077
f 6077 6074 5978
f 6077 5978 6079
f 6079 5978 5982
f 6079 5982 6082
f 6082 5982 5987
f 6082 5987 6086
f 6086 5987 5997
f 6086 5997 6093
f 6093 5997 6006
f 6093 6006 6098
f 6098 6006 6016
f 6098 6016 6050
f 6050 6016 5954
f 6050 5954 5971
f 5971 5954 5793
f 5971 5793 5821
f 5821 5793 5599
f 5821 5599 5621
f 5621 5599 5361
f 5621 5361 5389
f 5389 5361 5303
f 5389 5303 5334
f 5334 5303 5244
f 5334 5244 5282
f 5282 5244 5185
f 5282 5185 5301
f 5301 5185 5087
f 5301 5087 5320
f 5320 5087 5143
f 5320 5143 5346
f 5346 5143 5161
f 5346 5161 5360
f 5360 5161 5191
f 5360 5191 5379
f 5379 5191 5228
f 5379 5228 5393
f 5393 5228 5250
f 5393 5250 5414
f 5414 5250 5268
f 5414 5268 5445
f 5445 5268 5293
f 5445 5293 5487
f 5487 5293 5319
f 5487 5319 5525
f 5525 5319 5347
f 5525 5347 5563
f 5563 5347 5367
f 5563 5367 5580
f 5580 5367 5390
f 5580 5390 5602
f 5602 5390 5418
f 5602 5418 5623
f 5623 5418 5453
f 5623 5453 5644
f 5644 5453 5489
f 5644 5489 5664
f 5664 5489 5520
f 5664 5520 5708
f 5708 5520 5571
f 5708 5571 5744
f 5744 5571 5610
f 5744 5610 5786
f 2525 2559 2681
f 2371 2395 2560
f 2560 2395 2430
f 2560 2430 2681
f 2681 2430 2486
f 2681 2486 2525
f 4320 4322 4427
f 4427 4322 4324
f 4427 4324 4475
f 4475 4324 4367
f 4475 4367 4521
f 4521 4367 4416
f 4521 4416 4566
f 4566 4416 4470
f 4566 4470 4616
f 4616 4470 4517
f 4616 4517 4657
f 4657 4517 4562
f 4657 4562 4698
f 4698 4562 4611
f 4698 4611 4741
f 4741 4611 4649
f 4741 4649 4785
f 4785 4649 4691
f 4785 4691 4816
f 4816 4691 4637
f 4816 4637 4850
f 4850 4637 4674
f 4850 4674 4893
f 4893 4674 4711
f 4893 4711 4932
f 4932 4711 4746
f 4932 4746 4968
f 4968 4746 4995
f 4968 4995 5222
f 5222 4995 5263
f 5222 5263 5388
f 5388 5263 5437
f 5388 5437 5610
f 5610 5437 5639
f 5610 5639 5786
f 5786 5639 5830
f 5786 5830 5940
f 5940 5830 5855
f 5940 5855 5930
f 2559 2639 2681
f 2681 2639 2916
f 2681 2916 2908
f 2908 2916 3124
f 2908 3124 3131
f 3131 3124 3339
f 3131 3339 3366
f 3366 3339 3542
f 3366 3542 3578
f 3578 3542 3702
f 3578 3702 3741
f 3741 3702 3825
f 3741 3825 3859
f 3859 3825 3940
f 3859 3940 3980
f 3980 3940 4063
f 3980 4063 4107
f 4107 4063 4183
f 4107 4183 4228
f 4228 4183 4307
f 4228 4307 4374
f 4374 4307 4449
f 4374 4449 4578
f 4578 4449 4519
f 4578 4519 4647
f 4647 4519 4596
f 4647 4596 4712
f 4712 4596 4667
f 4712 4667 4789
f 4789 4667 4818
f 4789 4818 4905
f 4905 4818 5087
f 4905 5087 5040
f 5040 5087 5185
f 5040 5185 5142
f 5142 5185 5244
f 5142 5244 5199
f 5199 5244 5303
f 5199 5303 5157
f 5157 5303 5361
f 5157 5361 5102
f 5102 5361 5345
f 5102 5345 5050
f 5050 5345 5315
f 5050 5315 4990
f 4990 5315 5290
f 4990 5290 4956
f 4956 5290 5266
f 4956 5266 4917
f 4917 5266 5249
f 4917 5249 4885
f 4885 5249 5231
f 4885 5231 4871
f 4871 5231 5221
f 4871 5221 4864
f 4864 5221 4858
f 4864 4858 4557
f 4557 4858 4550
f 4557 4550 4245
f 4245 4550 4247
f 4245 4247 3957
f 3957 4247 3962
f 3957 3962 3830
f 3830 3962 3853
f 3830 3853 3675
f 3675 3853 3712
f 3675 3712 3465
f 3465 3712 3513
f 3465 3513 3189
f 3189 3513 3261
f 3189 3261 2914
f 2914 3261 2989
f 2914 2989 2626
f 2626 2989 2700
f 2626 2700 2386
f 2386 2700 2453
f 2386 2453 2203
f 2203 2453 2256
f 2203 2256 2043
f 2043 2256 2090
f 2043 2090 1937
f 1937 2090 1950
f 4155 4186 4130
f 2153 2099 1990
f 1953 1946 1842
f 2268 2182 2057
f 2585 2530 2363
f 4366 4382 4317
f 4516 4507 4446
f 4225 4219 4164
f 4164 4219 4182
f 3787 3730 3548
f 3628 3538 3439
f 3512 3382 3284
f 3211 3044 2967
f 2638 2675 2697
f 4027 4062 4012
f 4097 4126 4072
f 4012 3947 3895
f 2643 2419 2367
f 1956 1832 1820
f 1823 1817 1760
f 1758 1718 1731
f 1634 1635 1657
f 1688 1698 1733
f 1663 1674 1698
f 3645 3644 3450
f 3384 3368 2973
f 2973 3368 3197
f 2973 3197 3136
f 3220 3350 3475
f 3475 3443 3220
f 3220 3443 3428
f 3220 3428 3402
f 3509 3499 3350
f 3350 3499 3495
f 3350 3495 3475
f 3600 3579 3466
f 3466 3579 3567
f 3466 3567 3350
f 3350 3567 3560
f 3350 3560 3509
f 3733 3732 3554
f 3554 3732 3689
f 3554 3689 3652
f 3790 3765 3643
f 3643 3765 3742
f 3643 3742 3733
f 3855 3843 3730
f 3730 3843 3801
f 3730 3801 3791
f 3855 3730 3861
f 3861 3730 3787
f 3861 3787 3886
f 3948 3935 3960
f 3960 3935 3913
f 3960 3913 3969
f 3969 3913 3979
f 3935 3927 3913
f 3913 3927 3920
f 3913 3920 3787
f 3787 3920 3903
f 3787 3903 3886
f 1821 1845 1923
f 1923 1913 1821
f 1821 1913 1910
f 1821 1910 1810
f 1910 1896 1810
f 1810 1896 1890
f 1810 1890 1807
f 1890 1876 1807
f 1807 1876 1877
f 1807 1877 1818
f 1674 1663 1659
f 1659 1663 1643
f 1659 1643 1646
f 1646 1643 1631
f 1646 1631 1642
f 1877 1883 1818
f 1818 1883 1892
f 1818 1892 1843
f 1843 1892 1903
f 1903 1912 1843
f 1843 1912 1925
f 1843 1925 1872
f 1925 1947 1872
f 1872 1947 1959
f 1872 1959 1932
f 2048 1995 1996
f 1996 1995 1932
f 1996 1932 1988
f 1988 1932 1959
f 1968 1965 1871
f 1871 1965 1955
f 1871 1955 1927
f 1802 1868 1863
f 1709 1702 1669
f 1669 1702 1695
f 1669 1695 1664
f 1664 1695 1694
f 1664 1694 1666
f 1666 1694 1701
f 1666 1701 1675
f 1675 1701 1711
f 1675 1711 1691
f 1691 1711 1738
f 1691 1738 1712
f 1712 1738 1765
f 1712 1765 1743
f 1743 1765 1802
f 1743 1802 1786
f 1786 1802 1863
f 1833 1831 1775
f 1775 1831 1826
f 1863 1849 1786
f 1786 1849 1847
f 1786 1847 1846
f 1911 1900 1835
f 1835 1900 1897
f 1698 1688 1663
f 1663 1688 1657
f 1663 1657 1643
f 1643 1657 1635
f 1643 1635 1631
f 1644 1642 1625
f 1625 1642 1631
f 1625 1631 1621
f 1621 1631 1635
f 1621 1635 1618
f 1618 1635 1634
f 1618 1634 1624
f 1637 1624 1641
f 1641 1624 1634
f 1641 1634 1655
f 1655 1634 1657
f 1655 1657 1682
f 1682 1657 1688
f 1682 1688 1721
f 1721 1688 1733
f 1721 1733 1775
f 1718 1683 1697
f 1826 1824 1775
f 1775 1824 1763
f 1775 1763 1721
f 1721 1763 1717
f 1721 1717 1682
f 1682 1717 1684
f 1682 1684 1655
f 1655 1684 1662
f 1655 1662 1641
f 1641 1662 1651
f 1641 1651 1637
f 1637 1651 1658
f 1760 1764 1719
f 1719 1764 1728
f 1719 1728 1690
f 1690 1728 1705
f 1690 1705 1673
f 1776 1787 1740
f 1837 1841 1776
f 1776 1841 1851
f 1776 1851 1787
f 1817 1819 1760
f 1760 1819 1827
f 1760 1827 1764
f 1764 1827 1828
f 1764 1828 1830
f 1830 1837 1764
f 1764 1837 1776
f 1764 1776 1728
f 1728 1776 1740
f 1728 1740 1705
f 1803 1895 1907
f 1683 1670 1697
f 1697 1670 1692
f 1697 1692 1715
f 1715 1692 1720
f 1715 1720 1744
f 1744 1720 1753
f 1744 1753 1785
f 1785 1753 1803
f 1785 1803 1838
f 1838 1803 1907
f 1758 1731 1774
f 1774 1731 1745
f 1774 1745 1788
f 1788 1745 1780
f 1788 1780 1815
f 1815 1780 1812
f 1815 1812 1865
f 1865 1812 1875
f 1865 1875 1942
f 1875 1972 1976
f 1907 1918 1838
f 1838 1918 1929
f 1838 1929 1943
f 1718 1697 1731
f 1731 1697 1715
f 1731 1715 1745
f 1745 1715 1744
f 1745 1744 1780
f 1780 1744 1785
f 1780 1785 1812
f 1812 1785 1838
f 1812 1838 1875
f 1875 1838 1943
f 1875 1943 1972
f 1851 1855 1787
f 1787 1855 1859
f 1787 1859 1869
f 1670 1673 1692
f 1692 1673 1705
f 1692 1705 1720
f 1720 1705 1740
f 1720 1740 1753
f 1753 1740 1787
f 1753 1787 1803
f 1803 1787 1869
f 1803 1869 1895
f 1824 1823 1763
f 1763 1823 1760
f 1763 1760 1717
f 1717 1760 1719
f 1717 1719 1684
f 1684 1719 1690
f 1684 1690 1662
f 1662 1690 1673
f 1662 1673 1651
f 1651 1673 1670
f 1651 1670 1658
f 1658 1670 1683
f 2083 1956 1931
f 2419 2240 2201
f 2896 2643 2561
f 3058 2974 3164
f 3164 2974 3182
f 3164 3182 3276
f 3276 3182 3386
f 3386 3182 3295
f 3386 3295 3485
f 3485 3389 3561
f 3561 3389 3550
f 4097 4072 4085
f 3895 3947 3832
f 3832 3947 3891
f 3832 3891 3764
f 3764 3891 3814
f 3764 3814 3668
f 3668 3814 3744
f 3668 3744 3550
f 3550 3744 3626
f 3550 3626 3561
f 2974 2902 3182
f 3182 2902 3111
f 3182 3111 3295
f 3295 3111 3302
f 3836 3889 3944
f 3485 3295 3389
f 3389 3295 3302
f 3389 3302 3550
f 3550 3302 3468
f 3550 3468 3668
f 3668 3468 3595
f 3668 3595 3764
f 3764 3595 3694
f 3764 3694 3832
f 3832 3694 3773
f 3832 3773 3895
f 3773 3836 3895
f 3895 3836 3944
f 3895 3944 4012
f 4012 3944 3998
f 4012 3998 4027
f 3044 2824 2767
f 1998 2072 2124
f 1956 1820 1931
f 1931 1820 1816
f 1931 1816 1922
f 1922 1816 1829
f 1922 1829 1928
f 1928 1829 1850
f 1928 1850 1948
f 1948 1850 1885
f 1948 1885 1973
f 1973 1885 1938
f 1973 1938 2011
f 2011 1938 1998
f 2011 1998 2065
f 2065 1998 2124
f 2065 2124 2134
f 2183 2210 2144
f 2144 2210 2251
f 2251 2234 2144
f 2144 2234 2199
f 2144 2199 2098
f 2098 2199 2174
f 2098 2174 2063
f 2063 2174 2156
f 2063 2156 2047
f 2047 2156 2157
f 2047 2157 2037
f 2037 2157 2175
f 2037 2175 2039
f 2039 2175 2201
f 2039 2201 2054
f 2054 2201 2240
f 2054 2240 2083
f 2083 1931 2054
f 2054 1931 1922
f 2054 1922 2039
f 2039 1922 1928
f 2039 1928 2037
f 2037 1928 1948
f 2037 1948 2047
f 2047 1948 1973
f 2047 1973 2063
f 2063 1973 2011
f 2063 2011 2098
f 2098 2011 2065
f 2098 2065 2144
f 2144 2065 2134
f 2144 2134 2183
f 2643 2367 2561
f 2561 2367 2334
f 2561 2334 2515
f 2515 2334 2311
f 2515 2311 2474
f 2474 2311 2294
f 2474 2294 2450
f 2450 2294 2293
f 2450 2293 2438
f 2438 2293 2307
f 2438 2307 2435
f 2435 2307 2332
f 2435 2332 2441
f 2332 2366 2397
f 2553 2551 2562
f 2332 2397 2441
f 2441 2397 2460
f 2441 2460 2479
f 2896 2561 2803
f 2803 2561 2515
f 2803 2515 2726
f 2726 2515 2474
f 2726 2474 2683
f 2683 2474 2450
f 2683 2450 2633
f 2633 2450 2438
f 2633 2438 2594
f 2594 2438 2435
f 2594 2435 2563
f 2563 2435 2441
f 2563 2441 2553
f 2553 2441 2479
f 2553 2479 2551
f 2251 2282 2234
f 2234 2282 2312
f 2234 2312 2319
f 2419 2201 2367
f 2367 2201 2175
f 2367 2175 2334
f 2334 2175 2157
f 2334 2157 2311
f 2311 2157 2156
f 2311 2156 2294
f 2294 2156 2174
f 2294 2174 2293
f 2293 2174 2199
f 2293 2199 2307
f 2307 2199 2234
f 2307 2234 2332
f 2332 2234 2319
f 2332 2319 2366
f 3382 3211 3127
f 3618 3512 3424
f 3618 3538 3707
f 3707 3538 3628
f 3707 3628 3771
f 3823 3771 3697
f 3697 3771 3628
f 3697 3628 3536
f 3536 3628 3439
f 3536 3439 3327
f 3766 3797 3759
f 3759 3797 3818
f 3211 2967 3127
f 3127 2967 2894
f 3127 2894 3055
f 3055 2894 2830
f 3055 2830 2978
f 3512 3284 3424
f 3424 3284 3185
f 3424 3185 3320
f 3320 3185 3102
f 3320 3102 3217
f 2830 2823 2879
f 2830 2879 2978
f 2978 2879 2909
f 2978 2909 2986
f 3382 3127 3284
f 3284 3127 3055
f 3284 3055 3185
f 3185 3055 2978
f 3185 2978 3102
f 3102 2978 2986
f 3102 2986 3025
f 3510 3586 3677
f 3327 3431 3536
f 3536 3431 3609
f 3536 3609 3697
f 3697 3609 3759
f 3697 3759 3823
f 3823 3759 3818
f 3823 3818 3869
f 3463 3586 3398
f 3398 3586 3510
f 3398 3510 3388
f 3388 3510 3348
f 3190 3212 3327
f 3327 3212 3250
f 3327 3250 3431
f 3431 3250 3304
f 3431 3304 3322
f 3586 3632 3680
f 3025 3034 3102
f 3102 3034 3075
f 3102 3075 3217
f 3217 3075 3117
f 3217 3117 3161
f 3618 3424 3538
f 3538 3424 3320
f 3538 3320 3439
f 3439 3320 3217
f 3439 3217 3327
f 3327 3217 3161
f 3327 3161 3190
f 3586 3680 3677
f 3677 3680 3735
f 3677 3735 3751
f 3322 3348 3431
f 3431 3348 3510
f 3431 3510 3609
f 3609 3510 3677
f 3609 3677 3759
f 3759 3677 3751
f 3759 3751 3766
f 2676 2765 2830
f 2830 2765 2776
f 2830 2776 2823
f 3044 2767 2967
f 2967 2767 2720
f 2967 2720 2894
f 2894 2720 2697
f 2894 2697 2830
f 2830 2697 2675
f 2830 2675 2676
f 3872 3923 3889
f 3889 3923 3930
f 3889 3930 3944
f 3944 3930 3973
f 3944 3973 3998
f 3869 3872 3823
f 3823 3872 3889
f 3823 3889 3771
f 3771 3889 3836
f 3771 3836 3707
f 3707 3836 3773
f 3707 3773 3618
f 3618 3773 3694
f 3618 3694 3512
f 3512 3694 3595
f 3512 3595 3382
f 3382 3595 3468
f 3382 3468 3211
f 3211 3468 3302
f 3211 3302 3044
f 3044 3302 3111
f 3044 3111 2824
f 2824 3111 2902
f 2430 2289 2486
f 2486 2289 2377
f 2469 2575 2705
f 2705 2639 2469
f 2469 2639 2559
f 2469 2559 2377
f 2377 2559 2525
f 2377 2525 2486
f 2706 2819 2575
f 2575 2819 2749
f 2575 2749 2705
f 3104 2963 2706
f 2706 2963 2884
f 2706 2884 2819
f 2147 2326 2425
f 2425 2326 2660
f 2425 2660 2796
f 2796 2660 3076
f 2796 3076 3220
f 3220 3076 3350
f 3350 3076 3325
f 3350 3325 3466
f 2531 2782 2933
f 2933 2782 3069
f 2933 3069 3186
f 3186 3069 3188
f 3186 3188 3450
f 3733 3554 3643
f 3643 3554 3318
f 3643 3318 3441
f 2326 2531 2660
f 2660 2531 2933
f 2660 2933 3076
f 3076 2933 3186
f 3076 3186 3325
f 3325 3186 3450
f 3325 3450 3466
f 3466 3450 3644
f 3466 3644 3600
f 3204 3188 2948
f 2948 3188 3069
f 2948 3069 2670
f 2670 3069 2782
f 2670 2782 2436
f 2436 2782 2531
f 2436 2531 2243
f 2243 2531 2326
f 2243 2326 2080
f 2080 2326 2147
f 2080 2147 1952
f 3214 3441 3204
f 3204 3441 3318
f 3204 3318 3188
f 3188 3318 3554
f 3188 3554 3450
f 3450 3554 3652
f 3450 3652 3645
f 3633 3551 3634
f 3002 3091 2715
f 2715 3091 2814
f 2715 2814 2482
f 2482 2814 2554
f 2482 2554 2285
f 2285 2554 2348
f 2285 2348 2121
f 2121 2348 2171
f 2121 2171 1980
f 1980 2171 2026
f 1980 2026 1853
f 1853 2026 1898
f 1853 1898 1781
f 3033 3214 3002
f 3341 3142 3359
f 3359 3142 3263
f 3359 3263 3377
f 4062 4085 4012
f 4012 4085 4072
f 4012 4072 3947
f 3947 4072 4015
f 3947 4015 3891
f 3891 4015 3941
f 3891 3941 3814
f 3814 3941 3873
f 3814 3873 3744
f 3744 3873 3793
f 3744 3793 3626
f 3626 3793 3692
f 3626 3692 3561
f 3561 3692 3630
f 3561 3630 3485
f 3485 3630 3563
f 3485 3563 3386
f 3386 3563 3478
f 3386 3478 3276
f 3276 3478 3377
f 3276 3377 3164
f 3164 3377 3263
f 3164 3263 3058
f 3058 3263 3142
f 3058 3142 3033
f 3033 3142 3341
f 3033 3341 3214
f 3214 3341 3548
f 3214 3548 3441
f 3441 3548 3730
f 3441 3730 3643
f 3643 3730 3791
f 3643 3791 3790
f 3979 3913 4025
f 4025 3913 3959
f 4025 3959 4032
f 4032 3959 4037
f 4037 3959 4021
f 4037 4021 4071
f 4068 4133 4021
f 4021 4133 4112
f 4112 4106 4021
f 4021 4106 4087
f 4021 4087 4071
f 4116 4179 4068
f 4068 4179 4159
f 4068 4159 4133
f 4244 4304 4203
f 4203 4304 4272
f 4203 4272 4261
f 4381 4359 4287
f 4287 4359 4346
f 4287 4346 4244
f 4244 4346 4311
f 4244 4311 4304
f 3787 3846 3913
f 3913 3846 3901
f 3913 3901 3959
f 3959 3901 3949
f 3959 3949 4021
f 4021 3949 4004
f 4021 4004 4068
f 4068 4004 4049
f 4068 4049 4116
f 3633 3716 3781
f 3781 3716 3776
f 3781 3776 3838
f 3838 3776 3831
f 3838 3831 3893
f 3893 3831 3885
f 3893 3885 3939
f 3939 3885 3929
f 3939 3929 3991
f 3991 3929 4035
f 3991 4035 4101
f 4506 4454 4369
f 4369 4454 4439
f 4369 4439 4399
f 4507 4506 4446
f 4446 4506 4369
f 4446 4369 4379
f 4437 4455 4383
f 4383 4455 4499
f 4383 4499 4513
f 4648 4516 4581
f 4581 4516 4446
f 4581 4446 4569
f 4569 4446 4379
f 4569 4379 4513
f 4513 4379 4309
f 4513 4309 4383
f 4383 4309 4246
f 4103 4165 4123
f 4123 4165 4217
f 4123 4217 4184
f 3633 3634 3716
f 3716 3634 3713
f 3716 3713 3776
f 3776 3713 3772
f 3776 3772 3831
f 3831 3772 3822
f 3831 3822 3885
f 3885 3822 3871
f 3885 3871 3929
f 3929 3871 3970
f 3929 3970 4035
f 3811 3860 3917
f 3551 3555 3634
f 3634 3555 3635
f 3634 3635 3713
f 3713 3635 3709
f 3713 3709 3772
f 3772 3709 3767
f 3772 3767 3822
f 3822 3767 3811
f 3822 3811 3871
f 3871 3811 3917
f 3871 3917 3970
f 3551 3458 3555
f 3555 3458 3467
f 3555 3467 3635
f 3635 3467 3562
f 3635 3562 3709
f 3709 3562 3631
f 3709 3631 3767
f 3767 3631 3704
f 3767 3704 3811
f 3811 3704 3761
f 3811 3761 3860
f 3860 3761 3804
f 3849 3986 3907
f 3907 3986 4042
f 3907 4042 3956
f 3956 4042 4103
f 3956 4103 4022
f 4022 4103 4123
f 4022 4123 4080
f 4080 4123 4184
f 4080 4184 4147
f 3986 4119 4042
f 4042 4119 4178
f 4042 4178 4103
f 4103 4178 4230
f 4103 4230 4165
f 4165 4230 4297
f 4165 4297 4217
f 4217 4297 4287
f 4217 4287 4184
f 4184 4287 4244
f 4184 4244 4147
f 4147 4244 4203
f 4147 4203 4164
f 4164 4203 4261
f 4164 4261 4225
f 4119 4246 4178
f 4178 4246 4309
f 4178 4309 4230
f 4230 4309 4379
f 4230 4379 4297
f 4297 4379 4369
f 4297 4369 4287
f 4287 4369 4399
f 4287 4399 4381
f 4129 4191 4252
f 4060 4129 4188
f 4188 4129 4252
f 4188 4252 4317
f 4317 4252 4323
f 4317 4323 4366
f 4186 4202 4130
f 4130 4202 4191
f 4130 4191 4070
f 4070 4191 4129
f 4070 4129 4002
f 4002 4129 4060
f 4002 4060 3928
f 4202 4248 4191
f 4191 4248 4262
f 4191 4262 4252
f 4252 4262 4315
f 4252 4315 4323
f 3849 3928 3986
f 3986 3928 4060
f 3986 4060 4119
f 4119 4060 4188
f 4119 4188 4246
f 4246 4188 4317
f 4246 4317 4383
f 4383 4317 4382
f 4383 4382 4437
f 3793 3804 3692
f 3692 3804 3761
f 3692 3761 3630
f 3630 3761 3704
f 3630 3704 3563
f 3563 3704 3631
f 3563 3631 3478
f 3478 3631 3562
f 3478 3562 3377
f 3377 3562 3467
f 3377 3467 3359
f 3359 3467 3458
f 3359 3458 3341
f 3341 3458 3551
f 3341 3551 3548
f 3548 3551 3633
f 3548 3633 3787
f 3787 3633 3781
f 3787 3781 3846
f 3846 3781 3838
f 3846 3838 3901
f 3901 3838 3893
f 3901 3893 3949
f 3949 3893 3939
f 3949 3939 4004
f 4004 3939 3991
f 4004 3991 4049
f 4049 3991 4101
f 4049 4101 4116
f 2585 2363 2702
f 2497 2504 2363
f 2363 2504 2509
f 2363 2509 2702
f 2355 2423 2229
f 2229 2423 2497
f 2530 2411 2363
f 2363 2411 2250
f 2363 2250 2123
f 2123 2250 2032
f 2067 2290 2229
f 2229 2290 2344
f 2229 2344 2355
f 2104 2131 2028
f 2028 2131 2202
f 2218 2233 2117
f 2117 2233 2277
f 2025 2050 1958
f 1958 2050 2089
f 1884 1986 2001
f 1961 1839 1950
f 1950 1839 1937
f 1899 1905 1809
f 1809 1905 1908
f 1809 1908 1914
f 2392 2275 2141
f 1899 1809 1882
f 1882 1809 1797
f 1882 1797 1881
f 1906 1806 1916
f 1916 1806 1822
f 1916 1822 1917
f 1917 1822 1921
f 1879 1878 1797
f 1797 1878 1880
f 1797 1880 1881
f 1906 1904 1806
f 1806 1904 1888
f 1806 1888 1800
f 1800 1888 1887
f 1800 1887 1797
f 1797 1887 1886
f 1797 1886 1879
f 1768 1783 1842
f 1946 1921 1842
f 1842 1921 1822
f 1842 1822 1768
f 1768 1822 1806
f 1768 1806 1750
f 1750 1806 1800
f 1750 1800 1746
f 1746 1800 1797
f 1746 1797 1754
f 1754 1797 1809
f 1754 1809 1839
f 1839 1809 1914
f 1839 1914 1937
f 1981 1970 1862
f 1862 1970 1963
f 1902 2000 1981
f 1939 1978 2064
f 2064 2038 1939
f 1939 2038 2024
f 1939 2024 2015
f 2133 2030 2178
f 2178 2030 2084
f 2267 2142 2317
f 2317 2142 2217
f 2267 2245 2142
f 2142 2245 2225
f 2142 2225 2084
f 2084 2225 2200
f 2084 2200 2178
f 2133 2118 2030
f 2030 2118 2110
f 2030 2110 1978
f 1978 2110 2086
f 1978 2086 2064
f 1981 1862 1902
f 1902 1862 1792
f 1902 1792 1813
f 2430 2395 2289
f 2289 2395 2371
f 2289 2371 2217
f 2217 2371 2343
f 2217 2343 2317
f 1747 1783 1725
f 1725 1783 1768
f 1725 1768 1708
f 1708 1768 1750
f 1708 1750 1707
f 1707 1750 1746
f 1707 1746 1716
f 1716 1746 1754
f 1716 1754 1782
f 1782 1754 1839
f 1782 1839 1884
f 1884 1839 1961
f 1884 1961 1986
f 1771 1813 1747
f 1747 1813 1792
f 1747 1792 1783
f 1783 1792 1862
f 1783 1862 1842
f 1842 1862 1963
f 1842 1963 1953
f 1848 1789 1891
f 1891 1789 1814
f 1891 1814 1941
f 1941 1814 1854
f 1941 1854 1991
f 1991 1854 1909
f 1991 1909 2045
f 2045 1909 1967
f 2045 1967 2107
f 2107 1967 2021
f 2107 2021 2181
f 2181 2021 2088
f 2181 2088 2261
f 2261 2088 2154
f 2261 2154 2345
f 2345 2154 2241
f 2345 2241 2544
f 3136 3104 2973
f 2973 3104 2706
f 2973 2706 2544
f 2544 2706 2575
f 2544 2575 2345
f 2345 2575 2469
f 2345 2469 2261
f 2261 2469 2377
f 2261 2377 2181
f 2181 2377 2289
f 2181 2289 2107
f 2107 2289 2217
f 2107 2217 2045
f 2045 2217 2142
f 2045 2142 1991
f 1991 2142 2084
f 1991 2084 1941
f 1941 2084 2030
f 1941 2030 1891
f 1891 2030 1978
f 1891 1978 1848
f 1848 1978 1939
f 1748 1771 1713
f 1713 1771 1747
f 1713 1747 1693
f 1693 1747 1725
f 1693 1725 1679
f 1679 1725 1708
f 1679 1708 1676
f 1676 1708 1707
f 1676 1707 1685
f 1685 1707 1716
f 1685 1716 1737
f 1737 1716 1782
f 1737 1782 1804
f 1804 1782 1884
f 1804 1884 1958
f 1958 1884 2001
f 1958 2001 2025
f 2070 2035 1930
f 1930 2035 2003
f 1930 2003 1873
f 2003 1979 1873
f 1873 1979 1964
f 1873 1964 1845
f 1845 1964 1945
f 1845 1945 1923
f 2182 2153 2057
f 2057 2153 1990
f 2057 1990 1889
f 1889 1990 1836
f 1889 1836 1779
f 1779 1836 1798
f 1779 1798 1751
f 1751 1798 1784
f 1751 1784 1739
f 1739 1784 1773
f 1739 1773 1730
f 1730 1773 1761
f 1730 1761 1726
f 1726 1761 1766
f 1726 1766 1732
f 1732 1766 1778
f 1732 1778 1741
f 1741 1778 1791
f 1741 1791 1759
f 1759 1791 1825
f 1759 1825 1790
f 1790 1825 1871
f 1790 1871 1835
f 1835 1871 1927
f 1835 1927 1911
f 2099 2070 1990
f 1990 2070 1930
f 1990 1930 1836
f 1836 1930 1873
f 1836 1873 1798
f 1798 1873 1845
f 1798 1845 1784
f 1784 1845 1821
f 1784 1821 1773
f 1773 1821 1810
f 1773 1810 1761
f 1761 1810 1807
f 1761 1807 1766
f 1766 1807 1818
f 1766 1818 1778
f 1778 1818 1843
f 1778 1843 1791
f 1791 1843 1872
f 1791 1872 1825
f 1825 1872 1932
f 1825 1932 1871
f 1871 1932 1995
f 1871 1995 1968
f 1736 1709 1680
f 1680 1709 1669
f 1680 1669 1644
f 1644 1669 1664
f 1644 1664 1642
f 1642 1664 1666
f 1642 1666 1646
f 1646 1666 1675
f 1646 1675 1659
f 1659 1675 1691
f 1659 1691 1674
f 1674 1691 1712
f 1674 1712 1698
f 1698 1712 1743
f 1698 1743 1733
f 1733 1743 1786
f 1733 1786 1775
f 1775 1786 1846
f 1775 1846 1833
f 2497 2363 2229
f 2229 2363 2123
f 2229 2123 2067
f 2067 2123 2032
f 2067 2032 1940
f 1940 2032 1858
f 1940 1858 1795
f 1795 1858 1757
f 1795 1757 1724
f 1724 1757 1699
f 1724 1699 1671
f 1671 1699 1656
f 1671 1656 1636
f 1636 1656 1626
f 1636 1626 1613
f 1613 1626 1612
f 1613 1612 1609
f 1609 1612 1610
f 1609 1610 1611
f 1611 1610 1614
f 1611 1614 1627
f 1627 1614 1628
f 1627 1628 1647
f 1647 1628 1648
f 1647 1648 1678
f 1678 1648 1677
f 1678 1677 1714
f 1714 1677 1710
f 1714 1710 1762
f 1762 1710 1755
f 1762 1755 1832
f 2411 2392 2250
f 2250 2392 2141
f 2250 2141 2032
f 2032 2141 1960
f 2032 1960 1858
f 1858 1960 1805
f 1858 1805 1757
f 1757 1805 1736
f 1757 1736 1699
f 1699 1736 1680
f 1699 1680 1656
f 1656 1680 1644
f 1656 1644 1626
f 1626 1644 1625
f 1626 1625 1612
f 1612 1625 1621
f 1612 1621 1610
f 1610 1621 1618
f 1610 1618 1614
f 1614 1618 1624
f 1614 1624 1628
f 1628 1624 1637
f 1628 1637 1648
f 1648 1637 1658
f 1648 1658 1677
f 1677 1658 1683
f 1677 1683 1710
f 1710 1683 1718
f 1710 1718 1755
f 1755 1718 1758
f 2275 2268 2141
f 2141 2268 2057
f 2141 2057 1960
f 1960 2057 1889
f 1960 1889 1805
f 1805 1889 1779
f 1805 1779 1736
f 1736 1779 1751
f 1736 1751 1709
f 1709 1751 1739
f 1709 1739 1702
f 1702 1739 1730
f 1702 1730 1695
f 1695 1730 1726
f 1695 1726 1694
f 1694 1726 1732
f 1694 1732 1701
f 1701 1732 1741
f 1701 1741 1711
f 1711 1741 1759
f 1711 1759 1738
f 1738 1759 1790
f 1738 1790 1765
f 1765 1790 1835
f 1765 1835 1802
f 1802 1835 1897
f 1802 1897 1868
f 1769 1777 1722
f 1722 1777 1748
f 1722 1748 1689
f 1689 1748 1713
f 1689 1713 1665
f 1665 1713 1693
f 1665 1693 1653
f 1653 1693 1679
f 1653 1679 1649
f 1649 1679 1676
f 1649 1676 1660
f 1660 1676 1685
f 1660 1685 1700
f 1700 1685 1737
f 1700 1737 1756
f 1756 1737 1804
f 1756 1804 1856
f 1856 1804 1958
f 1856 1958 2028
f 2028 1958 2089
f 2028 2089 2104
f 2147 2007 1952
f 1952 2007 1954
f 1952 1954 1834
f 1834 1954 1893
f 1834 1893 1793
f 1793 1893 1840
f 1793 1840 1769
f 1769 1840 1799
f 1769 1799 1777
f 2117 2019 1935
f 1935 2019 1852
f 1935 1852 1794
f 1794 1852 1752
f 1794 1752 1723
f 1723 1752 1696
f 1723 1696 1672
f 1672 1696 1650
f 1672 1650 1639
f 1639 1650 1622
f 1639 1622 1630
f 1630 1622 1616
f 1630 1616 1633
f 1633 1616 1620
f 1633 1620 1645
f 1645 1620 1632
f 1645 1632 1668
f 1668 1632 1654
f 1668 1654 1703
f 1703 1654 1686
f 1703 1686 1742
f 1742 1686 1727
f 1742 1727 1772
f 1772 1727 1781
f 1772 1781 1796
f 1796 1781 1898
f 3002 3214 3091
f 3091 3214 3204
f 3091 3204 2814
f 2814 3204 2948
f 2814 2948 2554
f 2554 2948 2670
f 2554 2670 2348
f 2348 2670 2436
f 2348 2436 2171
f 2171 2436 2243
f 2171 2243 2026
f 2026 2243 2080
f 2026 2080 1898
f 1898 2080 1952
f 1898 1952 1796
f 1796 1952 1834
f 1796 1834 1772
f 1772 1834 1793
f 1772 1793 1742
f 1742 1793 1769
f 1742 1769 1703
f 1703 1769 1722
f 1703 1722 1668
f 1668 1722 1689
f 1668 1689 1645
f 1645 1689 1665
f 1645 1665 1633
f 1633 1665 1653
f 1633 1653 1630
f 1630 1653 1649
f 1630 1649 1639
f 1639 1649 1660
f 1639 1660 1672
f 1672 1660 1700
f 1672 1700 1723
f 1723 1700 1756
f 1723 1756 1794
f 1794 1756 1856
f 1794 1856 1935
f 1935 1856 2028
f 1935 2028 2117
f 2117 2028 2202
f 2117 2202 2218
f 3402 3384 3220
f 3220 3384 2973
f 3220 2973 2796
f 2796 2973 2544
f 2796 2544 2425
f 2425 2544 2241
f 2425 2241 2147
f 2147 2241 2154
f 2147 2154 2007
f 2007 2154 2088
f 2007 2088 1954
f 1954 2088 2021
f 1954 2021 1893
f 1893 2021 1967
f 1893 1967 1840
f 1840 1967 1909
f 1840 1909 1799
f 1799 1909 1854
f 1799 1854 1777
f 1777 1854 1814
f 1777 1814 1748
f 1748 1814 1789
f 1748 1789 1771
f 1771 1789 1848
f 1771 1848 1813
f 1813 1848 1939
f 1813 1939 1902
f 1902 1939 2015
f 1902 2015 2000
f 3463 3464 3586
f 3586 3464 3479
f 3586 3479 3632
f 3632 3479 3518
f 3632 3518 3604
f 3604 3518 3525
f 1976 1992 1875
f 1875 1992 2013
f 1875 2013 1942
f 1942 2013 2017
f 1942 2017 2066
f 1832 1755 1820
f 1820 1755 1758
f 1820 1758 1816
f 1816 1758 1774
f 1816 1774 1829
f 1829 1774 1788
f 1829 1788 1850
f 1850 1788 1815
f 1850 1815 1885
f 1885 1815 1865
f 1885 1865 1938
f 1938 1865 1942
f 1938 1942 1998
f 1998 1942 2066
f 1998 2066 2072
f 4126 4155 4072
f 4072 4155 4130
f 4072 4130 4015
f 4015 4130 4070
f 4015 4070 3941
f 3941 4070 4002
f 3941 4002 3873
f 3873 4002 3928
f 3873 3928 3793
f 3793 3928 3849
f 3793 3849 3804
f 3804 3849 3907
f 3804 3907 3860
f 3860 3907 3956
f 3860 3956 3917
f 3917 3956 4022
f 3917 4022 3970
f 3970 4022 4080
f 3970 4080 4035
f 4035 4080 4147
f 4035 4147 4101
f 4101 4147 4164
f 4101 4164 4116
f 4116 4164 4182
f 4116 4182 4179
f 2277 2290 2117
f 2117 2290 2067
f 2117 2067 2019
f 2019 2067 1940
f 2019 1940 1852
f 1852 1940 1795
f 1852 1795 1752
f 1752 1795 1724
f 1752 1724 1696
f 1696 1724 1671
f 1696 1671 1650
f 1650 1671 1636
f 1650 1636 1622
f 1622 1636 1613
f 1622 1613 1616
f 1616 1613 1609
f 1616 1609 1620
f 1620 1609 1611
f 1620 1611 1632
f 1632 1611 1627
f 1632 1627 1654
f 1654 1627 1647
f 1654 1647 1686
f 1686 1647 1678
f 1686 1678 1727
f 1727 1678 1714
f 1727 1714 1781
f 1781 1714 1762
f 1781 1762 1853
f 1853 1762 1832
f 1853 1832 1980
f 1980 1832 1956
f 1980 1956 2121
f 2121 1956 2083
f 2121 2083 2285
f 2285 2083 2240
f 2285 2240 2482
f 2482 2240 2419
f 2482 2419 2715
f 2715 2419 2643
f 2715 2643 3002
f 3002 2643 2896
f 3002 2896 3033
f 3033 2896 2803
f 3033 2803 3058
f 3058 2803 2726
f 3058 2726 2974
f 2974 2726 2683
f 2974 2683 2902
f 2902 2683 2633
f 2902 2633 2824
f 2824 2633 2594
f 2824 2594 2767
f 2767 2594 2563
f 2767 2563 2720
f 2720 2563 2553
f 2720 2553 2697
f 2697 2553 2562
f 2697 2562 2638
f 4887 4911 4901
f 4923 4911 4900
f 4900 4911 4887
f 4900 4887 4870
f 4685 4692 3950
f 3950 4692 4723
f 3950 4723 4084
f 4084 4723 4761
f 4084 4761 4784
f 4654 4659 3950
f 3950 4659 4679
f 3950 4679 4685
f 3837 4556 4602
f 3837 4602 3950
f 3950 4602 4631
f 3950 4631 4654
f 4056 4028 3501
f 3501 4028 4003
f 3501 4003 4001
f 4056 3501 4058
f 4058 3501 3594
f 4058 3594 4076
f 4076 3594 3650
f 4076 3650 4099
f 4132 4117 3703
f 3703 4117 4110
f 3703 4110 3650
f 3650 4110 4102
f 3650 4102 4099
f 3746 4172 4162
f 4162 4146 3746
f 3746 4146 4140
f 3746 4140 3703
f 3703 4140 4136
f 3703 4136 4132
f 4172 3746 4176
f 4176 3746 3768
f 4176 3768 4185
f 4205 4199 3768
f 3768 4199 4195
f 3768 4195 4185
f 3809 4242 4241
f 4241 4237 3809
f 3809 4237 4224
f 3809 4224 3789
f 3789 4224 4215
f 3789 4215 3768
f 3768 4215 4213
f 3768 4213 4205
f 4242 3809 4255
f 4255 3809 3834
f 4255 3834 4268
f 4295 4289 3850
f 3850 4289 4277
f 3850 4277 3834
f 3834 4277 4274
f 3834 4274 4268
f 4295 3850 4301
f 4301 3850 3864
f 4301 3864 4320
f 4336 3877 4344
f 4344 3877 4345
f 4336 4333 3877
f 3877 4333 4324
f 3877 4324 3864
f 3864 4324 4322
f 3864 4322 4320
f 4350 4158 4360
f 4360 4158 4157
f 4360 4157 4365
f 3029 3040 3883
f 3976 3848 4001
f 4001 3848 3852
f 4001 3852 3501
f 3501 3852 3462
f 3501 3462 2255
f 4350 4348 4158
f 4158 4348 4345
f 4158 4345 3883
f 3883 4345 3877
f 3883 3877 3029
f 3029 3877 3864
f 3029 3864 2997
f 2997 3864 3850
f 2997 3850 2956
f 2956 3850 3834
f 2956 3834 2911
f 2911 3834 3809
f 2911 3809 2845
f 2845 3809 3789
f 2845 3789 2783
f 2783 3789 3768
f 2783 3768 2717
f 2717 3768 3746
f 2717 3746 2664
f 2664 3746 3703
f 2664 3703 2582
f 2582 3703 3650
f 2582 3650 2501
f 2501 3650 3594
f 2501 3594 2412
f 2412 3594 3501
f 2412 3501 2291
f 2291 3501 2255
f 4153 4391 4389
f 4153 4389 4154
f 4365 4157 4372
f 4372 4157 4154
f 4372 4154 4373
f 4373 4154 4389
f 4134 4431 4425
f 4134 4425 4138
f 4138 4425 4411
f 4138 4411 4405
f 4405 4404 4138
f 4138 4404 4397
f 4138 4397 4153
f 4153 4397 4396
f 4153 4396 4391
f 4486 4477 4120
f 4120 4477 4467
f 4120 4467 4466
f 4466 4461 4120
f 4120 4461 4447
f 4120 4447 4124
f 4124 4447 4442
f 4124 4442 4134
f 4134 4442 4441
f 4134 4441 4431
f 4593 4590 4100
f 4100 4590 4579
f 4579 4572 4100
f 4100 4572 4547
f 4100 4547 4545
f 4545 4536 4100
f 4100 4536 4529
f 4100 4529 4520
f 4520 4505 4100
f 4100 4505 4104
f 4104 4505 4493
f 4104 4493 4120
f 4120 4493 4489
f 4120 4489 4486
f 4730 4708 4084
f 4784 4756 4084
f 4084 4756 4734
f 4084 4734 4730
f 4708 4688 4084
f 4084 4688 4680
f 4084 4680 4675
f 4675 4655 4084
f 4084 4655 4633
f 4084 4633 4626
f 4626 4619 4084
f 4084 4619 4604
f 4084 4604 4100
f 4100 4604 4595
f 4100 4595 4593
f 4044 4079 3679
f 3402 3428 3024
f 3645 3652 3224
f 3948 3610 3935
f 3935 3610 3601
f 3935 3601 3927
f 3927 3601 3559
f 3927 3559 3920
f 3843 3492 3801
f 3801 3492 3469
f 3801 3469 3791
f 3791 3469 3394
f 3791 3394 3790
f 3843 3855 3492
f 3492 3855 3861
f 3492 3861 3541
f 3541 3861 3886
f 3541 3886 3559
f 3559 3886 3903
f 3559 3903 3920
f 3224 3652 3299
f 3299 3652 3689
f 3299 3689 3308
f 3689 3732 3308
f 3308 3732 3733
f 3308 3733 3387
f 3387 3733 3742
f 3387 3742 3394
f 3394 3742 3765
f 3394 3765 3790
f 3560 3138 3509
f 3509 3138 3128
f 3509 3128 3499
f 3499 3128 3072
f 3499 3072 3495
f 3560 3567 3138
f 3138 3567 3579
f 3138 3579 3207
f 3207 3579 3600
f 3207 3600 3224
f 3224 3600 3644
f 3224 3644 3645
f 3024 3428 3057
f 3057 3428 3443
f 3057 3443 3072
f 3072 3443 3475
f 3072 3475 3495
f 2924 3305 2958
f 2958 3305 3321
f 2958 3321 2968
f 3321 3361 2968
f 2968 3361 3365
f 2968 3365 3008
f 3008 3365 3368
f 3008 3368 3024
f 3024 3368 3384
f 3024 3384 3402
f 3259 2893 3247
f 3247 2893 2892
f 3247 2892 3235
f 3235 2892 2881
f 3259 3260 2893
f 2893 3260 3265
f 2893 3265 2920
f 2920 3265 3275
f 2920 3275 2924
f 2924 3275 3300
f 2924 3300 3305
f 2900 3231 2899
f 2899 3231 3229
f 2899 3229 2883
f 2883 3229 3228
f 2883 3228 2881
f 2881 3228 3234
f 2881 3234 3235
f 2939 2943 3256
f 3256 3252 2939
f 2939 3252 3248
f 2939 3248 2900
f 2900 3248 3237
f 2900 3237 3231
f 3119 3400 3385
f 3119 3385 3041
f 3385 3358 3041
f 3041 3358 3312
f 3041 3312 3014
f 3014 3312 3303
f 3014 3303 3013
f 3013 3303 3282
f 3013 3282 2943
f 2943 3282 3258
f 2943 3258 3256
f 3269 3520 3153
f 3153 3520 3451
f 3153 3451 3119
f 3119 3451 3404
f 3119 3404 3400
f 3328 3519 3664
f 3664 3592 3328
f 3328 3592 3564
f 3328 3564 3269
f 3269 3564 3521
f 3269 3521 3520
f 3788 3549 3847
f 3847 3549 3760
f 3847 3760 3878
f 3878 3760 3890
f 3788 3743 3549
f 3549 3743 3725
f 3549 3725 3519
f 3519 3725 3706
f 3519 3706 3664
f 3890 3760 3967
f 3967 3760 3848
f 3967 3848 3976
f 4368 4387 3837
f 3837 4387 4406
f 3837 4406 4443
f 4443 4450 3837
f 3837 4450 4483
f 3837 4483 4515
f 4515 4518 3837
f 3837 4518 4543
f 3837 4543 4556
f 4222 4273 3785
f 4273 4282 3785
f 3785 4282 4284
f 3785 4284 3827
f 3827 4284 4305
f 3827 4305 3837
f 3837 4305 4347
f 3837 4347 4368
f 4143 4145 3747
f 3747 4145 4175
f 3747 4175 3778
f 3778 4175 4189
f 3778 4189 3785
f 3785 4189 4192
f 3785 4192 4222
f 3679 4079 3739
f 3739 4079 4093
f 3739 4093 3747
f 3747 4093 4098
f 3747 4098 4143
f 3948 3978 3610
f 3610 3978 3989
f 3610 3989 3672
f 3672 3989 3995
f 3672 3995 3679
f 3679 3995 4034
f 3679 4034 4044
f 3862 3837 3950
f 4082 4066 4055
f 3950 4084 4082
f 4030 4029 3950
f 3950 4029 4016
f 3950 4016 3999
f 3999 3993 3950
f 3950 3993 3961
f 3950 3961 3954
f 3954 3936 3950
f 3950 3936 3916
f 3950 3916 3915
f 3915 3894 3950
f 3950 3894 3875
f 3950 3875 3862
f 4082 4055 3950
f 3950 4055 4048
f 3950 4048 4030
f 4158 3883 4157
f 4157 3883 3040
f 4157 3040 4154
f 4154 3040 3031
f 4154 3031 4153
f 4153 3031 3003
f 4153 3003 4138
f 4138 3003 4134
f 4134 3003 2957
f 4134 2957 4124
f 4124 2957 4120
f 4120 2957 2895
f 4120 2895 4104
f 4082 4084 2895
f 2895 4084 4100
f 2895 4100 4104
f 2753 4066 2806
f 2806 4066 4082
f 2806 4082 2820
f 2820 4082 2895
f 4029 4030 2689
f 2689 4030 4048
f 2689 4048 2753
f 2753 4048 4055
f 2753 4055 4066
f 4029 2689 4016
f 4016 2689 2590
f 4016 2590 3999
f 3999 2590 3993
f 3993 2590 2494
f 3993 2494 3961
f 2396 3936 2494
f 2494 3936 3954
f 2494 3954 3961
f 3875 3894 2298
f 2298 3894 3915
f 2298 3915 2396
f 2396 3915 3916
f 2396 3916 3936
f 2208 3837 2298
f 2298 3837 3862
f 2298 3862 3875
f 2109 3785 2208
f 2208 3785 3827
f 2208 3827 3837
f 2036 3747 2109
f 2109 3747 3778
f 2109 3778 3785
f 1962 3679 2036
f 2036 3679 3739
f 2036 3739 3747
f 1867 3610 1962
f 1962 3610 3672
f 1962 3672 3679
f 1808 3559 1867
f 1867 3559 3601
f 1867 3601 3610
f 3394 3469 1767
f 1767 3469 3492
f 1767 3492 1808
f 1808 3492 3541
f 1808 3541 3559
f 3394 1767 3387
f 3387 1767 1729
f 3387 1729 3308
f 3308 1729 1687
f 3308 1687 3299
f 3299 1687 3224
f 3224 1687 1652
f 3224 1652 3207
f 3207 1652 3138
f 3138 1652 1619
f 3138 1619 3128
f 3128 1619 3072
f 3072 1619 1605
f 3072 1605 3057
f 3057 1605 3024
f 3024 1605 1602
f 3024 1602 3008
f 3008 1602 2968
f 2968 1602 1601
f 2968 1601 2958
f 2958 1601 2924
f 2924 1601 1599
f 2924 1599 2920
f 2920 1599 2893
f 2893 1599 1597
f 2893 1597 2892
f 2892 1597 2881
f 2881 1597 1596
f 2881 1596 2883
f 2883 1596 1598
f 2883 1598 2899
f 2899 1598 2900
f 2900 1598 1600
f 2900 1600 2939
f 2939 1600 2943
f 2943 1600 1603
f 2943 1603 3013
f 3013 1603 3014
f 3014 1603 1604
f 3014 1604 3041
f 3041 1604 3119
f 3119 1604 1629
f 3119 1629 3153
f 3153 1629 3269
f 3269 1629 1704
f 3269 1704 3328
f 3328 1704 1749
f 3328 1749 3519
f 3519 1749 1811
f 3519 1811 3549
f 3549 1811 2255
f 3549 2255 3462
f 3852 3848 3462
f 3462 3848 3760
f 3462 3760 3549
f 6408 6419 6417
f 6419 6408 6423
f 6938 6950 6937
f 6288 6291 6302
f 6302 6291 6296
f 6302 6296 6314
f 6314 6296 6300
f 6314 6300 6317
f 6317 6300 6307
f 6317 6307 6321
f 6321 6307 6323
f 6294 6278 6281
f 6294 6281 6297
f 6288 6302 6281
f 6281 6302 6301
f 6281 6301 6297
f 6289 6273 6294
f 6294 6273 6274
f 6294 6274 6278
f 6268 6272 6283
f 6283 6272 6273
f 6283 6273 6282
f 6282 6273 6289
f 6269 6267 6293
f 6284 6263 6283
f 6283 6263 6264
f 6283 6264 6268
f 6267 6265 6293
f 6293 6265 6263
f 6293 6263 6290
f 6290 6263 6284
f 6298 6277 6293
f 6293 6277 6271
f 6293 6271 6269
f 6325 6305 6309
f 6309 6305 6292
f 6309 6292 6306
f 6306 6292 6287
f 6306 6287 6298
f 6298 6287 6279
f 6298 6279 6277
f 6414 6412 6426
f 6426 6412 6411
f 6426 6411 6406
f 6411 6379 6406
f 6406 6379 6373
f 6406 6373 6365
f 6365 6373 6346
f 6365 6346 6362
f 6362 6346 6343
f 6362 6343 6337
f 6337 6343 6327
f 6337 6327 6329
f 6329 6327 6315
f 6329 6315 6325
f 6325 6315 6313
f 6325 6313 6305
f 6414 6426 6443
f 6443 6426 6445
f 6443 6445 6470
f 6484 6479 6527
f 6527 6479 6530
f 6445 6475 6470
f 6470 6475 6479
f 6470 6479 6472
f 6472 6479 6484
f 6666 6651 6641
f 6641 6651 6614
f 6641 6614 6590
f 6590 6614 6566
f 6590 6566 6568
f 6568 6566 6556
f 6568 6556 6562
f 6562 6556 6552
f 6562 6552 6530
f 6530 6552 6535
f 6530 6535 6527
f 6800 6818 6810
f 6810 6818 6862
f 6810 6862 6826
f 6718 6664 6666
f 6666 6664 6659
f 6666 6659 6651
f 6800 6786 6818
f 6818 6786 6769
f 6818 6769 6718
f 6718 6769 6726
f 6718 6726 6664
f 6935 6966 6946
f 6946 6906 6935
f 6935 6906 6894
f 6935 6894 6862
f 6862 6894 6853
f 6862 6853 6826
f 6980 6953 6973
f 6973 6953 6951
f 6973 6951 6971
f 6971 6951 6949
f 6971 6949 6966
f 6966 6949 6947
f 6966 6947 6946
f 6976 6975 6995
f 6995 6975 6972
f 6995 6972 6980
f 6980 6972 6960
f 6980 6960 6953
f 7017 6992 7008
f 7008 6992 6990
f 7008 6990 6989
f 6976 6995 6989
f 6989 6995 6996
f 6989 6996 7008
f 7023 7018 7017
f 7017 7018 7012
f 7017 7012 7009
f 7009 7006 7017
f 7017 7006 6997
f 7017 6997 6992
f 7017 7022 7023
f 7023 7022 7033
f 7023 7033 7024
f 7024 7033 7046
f 7024 7046 7029
f 7036 7031 7070
f 7070 7031 7030
f 7070 7030 7067
f 7067 7030 7029
f 7067 7029 7057
f 7057 7029 7046
f 7051 7049 7075
f 7051 7050 7049
f 7049 7050 7043
f 7049 7043 7075
f 7075 7043 7041
f 7075 7041 7039
f 7036 7070 7039
f 7039 7070 7074
f 7039 7074 7075
f 7073 7048 7076
f 7076 7048 7053
f 7076 7053 7075
f 7075 7053 7052
f 7075 7052 7051
f 6938 6940 6950
f 6950 6940 6967
f 6950 6967 7010
f 7010 6967 6988
f 7010 6988 7038
f 7038 6988 7019
f 7038 7019 7045
f 7045 7019 7020
f 7045 7020 7061
f 7061 7020 7034
f 7061 7034 7069
f 7069 7034 7035
f 7069 7035 7073
f 7073 7035 7047
f 7073 7047 7048
f 6921 6919 6937
f 6937 6919 6924
f 6937 6924 6938
f 6858 6898 6921
f 6921 6898 6917
f 6921 6917 6919
f 6814 6815 6858
f 6858 6815 6829
f 6858 6829 6898
f 6779 6788 6814
f 6814 6788 6802
f 6814 6802 6815
f 6715 6729 6779
f 6779 6729 6781
f 6779 6781 6788
f 6639 6643 6667
f 6667 6643 6662
f 6667 6662 6698
f 6662 6669 6698
f 6698 6669 6679
f 6698 6679 6701
f 6701 6679 6688
f 6701 6688 6715
f 6715 6688 6697
f 6715 6697 6729
f 6635 6624 6639
f 6639 6624 6632
f 6639 6632 6643
f 6603 6587 6635
f 6635 6587 6604
f 6635 6604 6624
f 6532 6521 6543
f 6543 6521 6540
f 6543 6540 6571
f 6571 6540 6559
f 6571 6559 6589
f 6589 6559 6569
f 6589 6569 6603
f 6603 6569 6578
f 6603 6578 6587
f 6462 6469 6478
f 6478 6469 6471
f 6478 6471 6481
f 6481 6471 6494
f 6481 6494 6514
f 6514 6494 6500
f 6514 6500 6532
f 6532 6500 6518
f 6532 6518 6521
f 6444 6432 6450
f 6450 6432 6436
f 6450 6436 6462
f 6462 6436 6456
f 6462 6456 6469
f 6408 6410 6423
f 6423 6410 6424
f 6423 6424 6444
f 6444 6424 6427
f 6444 6427 6432
f 6385 6368 6389
f 6389 6368 6376
f 6389 6376 6404
f 6404 6376 6391
f 6404 6391 6417
f 6417 6391 6401
f 6417 6401 6408
f 6334 6335 6363
f 6336 6331 6340
f 6340 6331 6334
f 6340 6334 6355
f 6355 6334 6363
f 6335 6350 6363
f 6363 6350 6352
f 6363 6352 6369
f 6369 6352 6359
f 6369 6359 6385
f 6385 6359 6367
f 6385 6367 6368
f 6307 6311 6323
f 6323 6311 6312
f 6323 6312 6332
f 6332 6312 6316
f 6332 6316 6336
f 6336 6316 6326
f 6336 6326 6331
f 769 768 919
f 709 705 864
f 2610 2667 1589
f 634 616 761
f 593 575 717
f 490 480 595
f 462 435 542
f 1514 1527 1510
f 1514 1510 1498
f 1498 1510 1499
f 1498 1499 1480
f 1480 1499 1479
f 1479 1499 1491
f 1479 1491 1464
f 1464 1491 1482
f 1464 1482 1459
f 1459 1482 1474
f 1459 1474 1453
f 1453 1474 1471
f 1453 1471 1450
f 1450 1471 1468
f 1450 1468 1447
f 1447 1468 1467
f 1447 1467 1446
f 1446 1467 1469
f 1446 1469 1448
f 1448 1469 1472
f 1448 1472 1451
f 1451 1472 1473
f 1451 1473 1452
f 1452 1473 1476
f 1452 1476 1454
f 1454 1476 1478
f 1454 1478 1458
f 1434 1437 1403
f 1458 1478 1460
f 1460 1478 1484
f 1460 1484 1437
f 1403 1398 1434
f 1434 1398 1394
f 1434 1394 1432
f 1432 1394 1392
f 1432 1392 1429
f 1429 1392 1390
f 1429 1390 1427
f 1427 1390 1388
f 1427 1388 1421
f 1421 1388 1386
f 1421 1386 1419
f 1419 1386 1387
f 1419 1387 1420
f 1420 1387 1389
f 1420 1389 1425
f 1425 1389 1393
f 1425 1393 1431
f 1431 1393 1400
f 1431 1400 1436
f 1436 1400 1408
f 1436 1408 1441
f 1441 1408 1456
f 1456 1408 1422
f 1456 1422 1457
f 1457 1422 1445
f 1457 1445 1475
f 1592 2768 2140
f 1557 1592 1582
f 1527 1557 1547
f 1503 1475 1485
f 1485 1475 1445
f 1485 1445 1412
f 1373 1412 1382
f 1340 1373 1347
f 1307 1340 1312
f 1241 1307 1242
f 1090 1241 1025
f 925 1090 725
f 777 925 580
f 580 925 511
f 580 511 438
f 260 265 352
f 352 265 323
f 352 323 511
f 511 323 413
f 511 413 438
f 1592 2140 1582
f 1582 2140 1857
f 1582 1857 1577
f 1577 1857 1844
f 1577 1844 1573
f 260 352 210
f 210 352 251
f 210 251 174
f 196 118 251
f 251 118 168
f 251 168 174
f 165 81 196
f 196 81 97
f 196 97 118
f 145 47 165
f 165 47 57
f 165 57 81
f 127 23 145
f 145 23 30
f 145 30 47
f 124 6 127
f 127 6 10
f 127 10 23
f 15 12 136
f 136 12 7
f 136 7 124
f 124 7 4
f 124 4 6
f 15 136 21
f 21 136 147
f 21 147 33
f 33 147 154
f 33 154 39
f 39 154 50
f 50 154 167
f 50 167 59
f 59 167 65
f 65 167 193
f 65 193 76
f 109 93 193
f 193 93 83
f 193 83 76
f 109 193 113
f 113 193 205
f 113 205 131
f 131 205 235
f 131 235 148
f 148 235 152
f 152 235 253
f 152 253 169
f 169 253 187
f 187 253 284
f 187 284 203
f 203 284 216
f 216 284 314
f 216 314 234
f 234 314 241
f 241 314 354
f 241 354 259
f 391 286 354
f 354 286 262
f 354 262 259
f 430 309 391
f 391 309 306
f 391 306 286
f 488 349 430
f 430 349 344
f 430 344 309
f 1844 1734 1573
f 1573 1734 1667
f 1573 1667 1570
f 1570 1667 1638
f 1570 1638 1567
f 1567 1638 1615
f 1567 1615 1564
f 1564 1615 1607
f 1564 1607 1562
f 1562 1607 1606
f 1562 1606 1561
f 1561 1606 1608
f 1561 1608 1563
f 1563 1608 1617
f 1563 1617 1565
f 1565 1617 1623
f 1565 1623 1566
f 1566 1623 1640
f 1566 1640 1568
f 1568 1640 1661
f 1568 1661 1569
f 1569 1661 1681
f 1569 1681 1571
f 1571 1681 1706
f 1571 1706 1572
f 1572 1706 1735
f 1572 1735 1574
f 1574 1735 1770
f 1574 1770 1575
f 1575 1770 1801
f 1575 1801 1576
f 1576 1801 1860
f 1576 1860 1578
f 1578 1860 1944
f 1578 1944 1579
f 1579 1944 2006
f 1579 2006 1580
f 1580 2006 2102
f 1580 2102 1581
f 1581 2102 2196
f 1581 2196 1583
f 1557 1582 1547
f 1547 1582 1577
f 1547 1577 1542
f 1542 1577 1573
f 1542 1573 1538
f 1538 1573 1570
f 1538 1570 1535
f 1535 1570 1567
f 1535 1567 1532
f 1532 1567 1564
f 1532 1564 1524
f 1524 1564 1562
f 1524 1562 1521
f 1521 1562 1561
f 1521 1561 1520
f 1520 1561 1563
f 1520 1563 1523
f 1523 1563 1565
f 1523 1565 1525
f 1525 1565 1566
f 1525 1566 1528
f 1528 1566 1568
f 1528 1568 1533
f 1533 1568 1569
f 1533 1569 1534
f 1534 1569 1571
f 1534 1571 1536
f 1536 1571 1572
f 1536 1572 1537
f 1537 1572 1574
f 1537 1574 1539
f 1539 1574 1575
f 1539 1575 1540
f 1540 1575 1576
f 1540 1576 1541
f 1541 1576 1578
f 1541 1578 1543
f 1543 1578 1579
f 1543 1579 1544
f 1544 1579 1580
f 1544 1580 1545
f 1545 1580 1581
f 1545 1581 1546
f 1546 1581 1583
f 1546 1583 1548
f 1527 1547 1510
f 1510 1547 1542
f 1510 1542 1499
f 1499 1542 1538
f 1499 1538 1491
f 1491 1538 1535
f 1491 1535 1482
f 1482 1535 1532
f 1482 1532 1474
f 1474 1532 1524
f 1474 1524 1471
f 1471 1524 1521
f 1471 1521 1468
f 1468 1521 1520
f 1468 1520 1467
f 1467 1520 1523
f 1467 1523 1469
f 1469 1523 1525
f 1469 1525 1472
f 1472 1525 1528
f 1472 1528 1473
f 1473 1528 1533
f 1473 1533 1476
f 1476 1533 1534
f 1476 1534 1478
f 1478 1534 1536
f 1478 1536 1484
f 1484 1536 1537
f 1484 1537 1489
f 1489 1537 1539
f 1489 1539 1492
f 1492 1539 1540
f 1492 1540 1494
f 1494 1540 1541
f 1494 1541 1496
f 1496 1541 1543
f 1496 1543 1501
f 1501 1543 1544
f 1501 1544 1502
f 1502 1544 1545
f 1502 1545 1505
f 1505 1545 1546
f 1505 1546 1508
f 1508 1546 1548
f 1508 1548 1511
f 1437 1484 1403
f 1403 1484 1489
f 1403 1489 1406
f 1406 1489 1492
f 1406 1492 1410
f 1410 1492 1494
f 1410 1494 1416
f 1416 1494 1496
f 1416 1496 1418
f 1418 1496 1501
f 1418 1501 1424
f 1424 1501 1502
f 1424 1502 1433
f 1433 1502 1505
f 1433 1505 1439
f 1439 1505 1508
f 1439 1508 1444
f 1444 1508 1511
f 1444 1511 1449
f 1412 1445 1382
f 1382 1445 1422
f 1382 1422 1377
f 1377 1422 1408
f 1377 1408 1365
f 1365 1408 1400
f 1365 1400 1360
f 1360 1400 1393
f 1360 1393 1356
f 1356 1393 1389
f 1356 1389 1353
f 1353 1389 1387
f 1353 1387 1351
f 1351 1387 1386
f 1351 1386 1349
f 1349 1386 1388
f 1349 1388 1352
f 1352 1388 1390
f 1352 1390 1354
f 1354 1390 1392
f 1354 1392 1355
f 1355 1392 1394
f 1355 1394 1357
f 1357 1394 1398
f 1357 1398 1359
f 1359 1398 1403
f 1359 1403 1362
f 1362 1403 1406
f 1362 1406 1363
f 1363 1406 1410
f 1363 1410 1366
f 1366 1410 1416
f 1366 1416 1369
f 1369 1416 1418
f 1369 1418 1371
f 1371 1418 1424
f 1371 1424 1378
f 1378 1424 1433
f 1378 1433 1379
f 1379 1433 1439
f 1379 1439 1380
f 1380 1439 1444
f 1380 1444 1381
f 1381 1444 1449
f 1381 1449 1383
f 1373 1382 1347
f 1347 1382 1377
f 1347 1377 1336
f 1336 1377 1365
f 1336 1365 1328
f 1328 1365 1360
f 1328 1360 1324
f 1324 1360 1356
f 1324 1356 1320
f 1320 1356 1353
f 1320 1353 1316
f 1316 1353 1351
f 1316 1351 1314
f 1314 1351 1349
f 1314 1349 1313
f 1313 1349 1352
f 1313 1352 1315
f 1315 1352 1354
f 1315 1354 1317
f 1317 1354 1355
f 1317 1355 1319
f 1319 1355 1357
f 1319 1357 1321
f 1321 1357 1359
f 1321 1359 1322
f 1322 1359 1362
f 1322 1362 1325
f 1325 1362 1363
f 1325 1363 1327
f 1327 1363 1366
f 1327 1366 1329
f 1329 1366 1369
f 1329 1369 1331
f 1331 1369 1371
f 1331 1371 1334
f 1334 1371 1378
f 1334 1378 1337
f 1337 1378 1379
f 1337 1379 1344
f 1344 1379 1380
f 1344 1380 1345
f 1345 1380 1381
f 1345 1381 1346
f 1346 1381 1383
f 1346 1383 1348
f 1340 1347 1312
f 1312 1347 1336
f 1312 1336 1295
f 1295 1336 1328
f 1295 1328 1272
f 1272 1328 1324
f 1272 1324 1252
f 1252 1324 1320
f 1252 1320 1232
f 1232 1320 1316
f 1232 1316 1222
f 1222 1316 1314
f 1222 1314 1214
f 1214 1314 1313
f 1214 1313 1213
f 1213 1313 1315
f 1213 1315 1216
f 1216 1315 1317
f 1216 1317 1224
f 1224 1317 1319
f 1224 1319 1226
f 1226 1319 1321
f 1226 1321 1235
f 1235 1321 1322
f 1235 1322 1245
f 1245 1322 1325
f 1245 1325 1258
f 1258 1325 1327
f 1258 1327 1265
f 1265 1327 1329
f 1265 1329 1273
f 1273 1329 1331
f 1273 1331 1279
f 1279 1331 1334
f 1279 1334 1288
f 1288 1334 1337
f 1288 1337 1296
f 1296 1337 1344
f 1296 1344 1302
f 1302 1344 1345
f 1302 1345 1305
f 1305 1345 1346
f 1305 1346 1311
f 1311 1346 1348
f 1311 1348 1318
f 1307 1312 1242
f 1242 1312 1295
f 1242 1295 1160
f 1160 1295 1272
f 1160 1272 1043
f 1043 1272 1252
f 1043 1252 976
f 976 1252 1232
f 976 1232 938
f 938 1232 1222
f 938 1222 909
f 909 1222 1214
f 909 1214 893
f 893 1214 1213
f 893 1213 888
f 888 1213 1216
f 888 1216 899
f 899 1216 1224
f 899 1224 914
f 914 1224 1226
f 914 1226 922
f 922 1226 1235
f 922 1235 943
f 943 1235 1245
f 943 1245 966
f 966 1245 1258
f 966 1258 991
f 991 1258 1265
f 991 1265 1018
f 1018 1265 1273
f 1018 1273 1047
f 1047 1273 1279
f 1047 1279 1074
f 1074 1279 1288
f 1074 1288 1121
f 1121 1288 1296
f 1121 1296 1163
f 1163 1296 1302
f 1163 1302 1187
f 1187 1302 1305
f 1187 1305 1205
f 1205 1305 1311
f 1205 1311 1234
f 1234 1311 1318
f 1234 1318 1257
f 1241 1242 1025
f 1025 1242 1160
f 1025 1160 830
f 830 1160 1043
f 830 1043 644
f 644 1043 976
f 644 976 559
f 559 976 938
f 559 938 525
f 525 938 909
f 525 909 492
f 492 909 893
f 492 893 481
f 481 893 888
f 481 888 477
f 477 888 899
f 477 899 487
f 487 899 914
f 487 914 495
f 495 914 922
f 495 922 504
f 504 922 943
f 504 943 529
f 529 943 966
f 529 966 546
f 546 966 991
f 546 991 578
f 578 991 1018
f 578 1018 610
f 610 1018 1047
f 610 1047 647
f 647 1047 1074
f 647 1074 706
f 706 1074 1121
f 706 1121 754
f 754 1121 1163
f 754 1163 836
f 836 1163 1187
f 836 1187 897
f 897 1187 1205
f 897 1205 949
f 949 1205 1234
f 949 1234 1006
f 1006 1234 1257
f 1006 1257 1056
f 1090 1025 725
f 725 1025 830
f 725 830 505
f 505 830 644
f 505 644 397
f 397 644 559
f 397 559 333
f 333 559 525
f 333 525 304
f 304 525 492
f 304 492 289
f 289 492 481
f 289 481 275
f 275 481 477
f 275 477 271
f 271 477 487
f 271 487 278
f 278 487 495
f 278 495 291
f 291 495 504
f 291 504 296
f 296 504 529
f 296 529 307
f 307 529 546
f 307 546 322
f 322 546 578
f 322 578 351
f 351 578 610
f 351 610 374
f 374 610 647
f 374 647 400
f 400 647 706
f 400 706 428
f 428 706 754
f 428 754 460
f 460 754 836
f 460 836 510
f 510 836 897
f 510 897 555
f 555 897 949
f 555 949 607
f 607 949 1006
f 607 1006 691
f 691 1006 1056
f 691 1056 765
f 925 725 511
f 511 725 505
f 511 505 352
f 352 505 397
f 352 397 251
f 251 397 333
f 251 333 196
f 196 333 304
f 196 304 165
f 165 304 289
f 165 289 145
f 145 289 275
f 145 275 127
f 127 275 271
f 127 271 124
f 124 271 278
f 124 278 136
f 136 278 291
f 136 291 147
f 147 291 296
f 147 296 154
f 154 296 307
f 154 307 167
f 167 307 322
f 167 322 193
f 193 322 351
f 193 351 205
f 205 351 374
f 205 374 235
f 235 374 400
f 235 400 253
f 253 400 428
f 253 428 284
f 284 428 460
f 284 460 314
f 314 460 510
f 314 510 354
f 354 510 555
f 354 555 391
f 391 555 607
f 391 607 430
f 430 607 691
f 430 691 488
f 488 691 765
f 488 765 542
f 407 393 488
f 488 393 378
f 488 378 349
f 542 435 488
f 488 435 433
f 488 433 407
f 480 462 595
f 595 462 542
f 595 542 846
f 846 542 765
f 846 765 1098
f 1098 765 1056
f 1098 1056 1268
f 1268 1056 1257
f 1268 1257 1323
f 1323 1257 1318
f 1323 1318 1350
f 1350 1318 1348
f 1350 1348 1384
f 1384 1348 1383
f 1384 1383 1455
f 1455 1383 1449
f 1455 1449 1513
f 1513 1449 1511
f 1513 1511 1549
f 1549 1511 1548
f 1549 1548 1584
f 1584 1548 1583
f 1584 1583 2276
f 2276 1583 2196
f 561 537 651
f 651 537 522
f 522 490 651
f 651 490 595
f 651 595 908
f 908 595 846
f 908 846 1154
f 1154 846 1098
f 1154 1098 1281
f 1281 1098 1268
f 1281 1268 1326
f 1326 1268 1323
f 1326 1323 1358
f 1358 1323 1350
f 1358 1350 1385
f 1385 1350 1384
f 1385 1384 1461
f 1461 1384 1455
f 1461 1455 1515
f 1515 1455 1513
f 1515 1513 1550
f 1550 1513 1549
f 1550 1549 1585
f 1585 1549 1584
f 1585 1584 2370
f 2370 1584 2276
f 575 561 717
f 717 561 651
f 717 651 956
f 956 651 908
f 956 908 1179
f 1179 908 1154
f 1179 1154 1289
f 1289 1154 1281
f 1289 1281 1330
f 1330 1281 1326
f 1330 1326 1361
f 1361 1326 1358
f 1361 1358 1391
f 1391 1358 1385
f 1391 1385 1463
f 1463 1385 1461
f 1463 1461 1516
f 1516 1461 1515
f 1516 1515 1551
f 1551 1515 1550
f 1551 1550 1586
f 1586 1550 1585
f 1586 1585 2451
f 2451 1585 2370
f 616 593 761
f 761 593 717
f 761 717 988
f 988 717 956
f 988 956 1194
f 1194 956 1179
f 1194 1179 1292
f 1292 1179 1289
f 1292 1289 1332
f 1332 1289 1330
f 1332 1330 1364
f 1364 1330 1361
f 1364 1361 1395
f 1395 1361 1391
f 1395 1391 1466
f 1466 1391 1463
f 1466 1463 1517
f 1517 1463 1516
f 1517 1516 1552
f 1552 1516 1551
f 1552 1551 1587
f 1587 1551 1586
f 1587 1586 2520
f 2520 1586 2451
f 680 654 823
f 823 654 648
f 823 648 642
f 642 634 823
f 823 634 761
f 823 761 1014
f 1014 761 988
f 1014 988 1207
f 1207 988 1194
f 1207 1194 1299
f 1299 1194 1292
f 1299 1292 1333
f 1333 1292 1332
f 1333 1332 1367
f 1367 1332 1364
f 1367 1364 1402
f 1402 1364 1395
f 1402 1395 1470
f 1470 1395 1466
f 1470 1466 1518
f 1518 1466 1517
f 1518 1517 1553
f 1553 1517 1552
f 1553 1552 1588
f 1588 1552 1587
f 1588 1587 2584
f 2584 1587 2520
f 705 680 864
f 864 680 823
f 864 823 1051
f 1051 823 1014
f 1051 1014 1220
f 1220 1014 1207
f 1220 1207 1303
f 1303 1207 1299
f 1303 1299 1335
f 1335 1299 1333
f 1335 1333 1368
f 1368 1333 1367
f 1368 1367 1405
f 1405 1367 1402
f 1405 1402 1477
f 1477 1402 1470
f 1477 1470 1519
f 1519 1470 1518
f 1519 1518 1554
f 1554 1518 1553
f 1554 1553 1589
f 1589 1553 1588
f 1589 1588 2610
f 2610 1588 2584
f 747 744 898
f 898 744 729
f 729 709 898
f 898 709 864
f 898 864 1066
f 1066 864 1051
f 1066 1051 1233
f 1233 1051 1220
f 1233 1220 1304
f 1304 1220 1303
f 1304 1303 1338
f 1338 1303 1335
f 1338 1335 1370
f 1370 1335 1368
f 1370 1368 1407
f 1407 1368 1405
f 1407 1405 1481
f 1481 1405 1477
f 1481 1477 1522
f 1522 1477 1519
f 1522 1519 1555
f 1555 1519 1554
f 1555 1554 1590
f 1590 1554 1589
f 1590 1589 2716
f 2716 1589 2667
f 768 747 919
f 919 747 898
f 919 898 1082
f 1082 898 1066
f 1082 1066 1239
f 1239 1066 1233
f 1239 1233 1306
f 1306 1233 1304
f 1306 1304 1339
f 1339 1304 1338
f 1339 1338 1372
f 1372 1338 1370
f 1372 1370 1411
f 1411 1370 1407
f 1411 1407 1483
f 1483 1407 1481
f 1483 1481 1526
f 1526 1481 1522
f 1526 1522 1556
f 1556 1522 1555
f 1556 1555 1591
f 1591 1555 1590
f 1591 1590 2761
f 2761 1590 2716
f 2761 2786 1591
f 1591 2786 1593
f 1591 1593 1556
f 1556 1593 1558
f 1556 1558 1526
f 1526 1558 1529
f 1526 1529 1483
f 1483 1529 1486
f 1483 1486 1411
f 1411 1486 1413
f 1411 1413 1372
f 1372 1413 1374
f 1372 1374 1339
f 1339 1374 1341
f 1339 1341 1306
f 1306 1341 1308
f 1306 1308 1239
f 1239 1308 1246
f 1239 1246 1082
f 1082 1246 1097
f 1082 1097 919
f 919 1097 931
f 919 931 769
f 804 803 931
f 803 790 931
f 931 790 789
f 931 789 769
f 933 939 1101
f 1101 939 1104
f 1101 1104 1247
f 1247 1104 1249
f 1247 1249 1309
f 1309 1249 1310
f 1309 1310 1342
f 1342 1310 1343
f 1342 1343 1375
f 1375 1343 1376
f 1375 1376 1414
f 1414 1376 1415
f 1414 1415 1487
f 1487 1415 1488
f 1487 1488 1530
f 1530 1488 1531
f 1530 1531 1559
f 1559 1531 1560
f 1559 1560 1594
f 1594 1560 1595
f 1594 1595 2790
f 2790 1595 2800
f 2786 2800 1593
f 1593 2800 1595
f 1593 1595 1558
f 1558 1595 1560
f 1558 1560 1529
f 1529 1560 1531
f 1529 1531 1486
f 1486 1531 1488
f 1486 1488 1413
f 1413 1488 1415
f 1413 1415 1374
f 1374 1415 1376
f 1374 1376 1341
f 1341 1376 1343
f 1341 1343 1308
f 1308 1343 1310
f 1308 1310 1246
f 1246 1310 1249
f 1246 1249 1097
f 1097 1249 1104
f 1097 1104 931
f 931 1104 939
f 931 939 804
f 804 939 933
f 804 933 795
f 777 795 925
f 925 795 933
f 925 933 1090
f 1090 933 1101
f 1090 1101 1241
f 1241 1101 1247
f 1241 1247 1307
f 1307 1247 1309
f 1307 1309 1340
f 1340 1309 1342
f 1340 1342 1373
f 1373 1342 1375
f 1373 1375 1412
f 1412 1375 1414
f 1412 1414 1485
f 1485 1414 1487
f 1485 1487 1503
f 1503 1487 1530
f 1503 1530 1514
f 2790 2768 1594
f 1594 2768 1592
f 1594 1592 1559
f 1559 1592 1557
f 1559 1557 1530
f 1530 1557 1527
f 1530 1527 1514
f 1137 1148 1136
f 1136 1148 1146
f 1136 1146 1135
f 1139 1140 1152
f 1152 1140 1141
f 1141 1142 1152
f 1152 1142 1143
f 1152 1143 1145
f 1166 1176 1169
f 1169 1176 1178
f 1169 1178 1189
f 1189 1178 1208
f 1301 1300 1290
f 1290 1300 1283
f 1290 1283 1276
f 1276 1283 1280
f 1276 1280 1259
f 1259 1280 1254
f 1259 1254 1253
f 1253 1254 1250
f 1253 1250 1227
f 1227 1250 1208
f 1227 1208 1199
f 1199 1208 1178
f 1137 1139 1148
f 1148 1139 1152
f 1148 1152 1156
f 1156 1152 1158
f 1156 1158 1161
f 1161 1158 1166
f 1161 1166 1162
f 1162 1166 1169
f 669 723 916
f 1278 1274 1260
f 1291 1286 1271
f 1266 1262 1236
f 1215 1204 1127
f 1212 1185 1206
f 856 896 1021
f 995 970 819
f 1035 986 1008
f 905 837 886
f 862 771 837
f 602 567 517
f 517 543 602
f 602 543 568
f 602 568 641
f 641 568 576
f 641 576 693
f 506 464 567
f 567 464 507
f 567 507 517
f 576 618 693
f 693 618 620
f 693 620 750
f 620 672 750
f 750 672 689
f 750 689 820
f 880 937 850
f 850 937 878
f 850 878 848
f 689 736 820
f 820 736 756
f 820 756 878
f 878 756 813
f 878 813 848
f 1102 1059 1119
f 989 983 1040
f 1040 983 1002
f 1040 1002 1050
f 880 915 937
f 937 915 923
f 937 923 989
f 989 923 944
f 989 944 983
f 1150 1040 1102
f 1102 1040 1050
f 1102 1050 1059
f 518 570 732
f 771 862 724
f 724 862 896
f 724 896 674
f 674 896 856
f 674 856 633
f 1030 1060 1165
f 1231 1150 1188
f 1188 1150 1102
f 1188 1102 1167
f 1167 1102 1119
f 1167 1119 1126
f 1081 1120 1191
f 1191 1120 1203
f 1191 1203 1229
f 1035 1008 1115
f 1115 1008 1134
f 1115 1134 1182
f 912 1039 1036
f 518 732 655
f 655 732 912
f 655 912 852
f 852 912 1036
f 852 1036 1000
f 837 905 862
f 862 905 936
f 862 936 896
f 896 936 1055
f 896 1055 1021
f 1021 1055 1173
f 1021 1173 1172
f 1172 1153 1021
f 1021 1153 995
f 1021 995 856
f 856 995 819
f 856 819 633
f 633 819 570
f 1153 1133 995
f 995 1133 1123
f 995 1123 970
f 970 1123 1088
f 970 1088 1077
f 570 819 732
f 732 819 970
f 732 970 912
f 912 970 1077
f 912 1077 1039
f 1127 1079 1062
f 1062 1079 971
f 1062 971 1007
f 1007 971 954
f 1060 1180 1165
f 1165 1180 1202
f 1165 1202 1217
f 1206 1185 1182
f 1182 1185 1149
f 1182 1149 1115
f 1115 1149 1085
f 1115 1085 1035
f 1127 1204 1079
f 1079 1204 1197
f 1079 1197 1190
f 942 986 994
f 994 986 1035
f 994 1035 1048
f 1048 1035 1085
f 1048 1085 1103
f 1103 1085 1149
f 1103 1149 1164
f 1164 1149 1185
f 1164 1185 1196
f 1196 1185 1212
f 1244 1240 1212
f 1212 1240 1223
f 1212 1223 1196
f 1196 1223 1215
f 1196 1215 1164
f 1164 1215 1127
f 1164 1127 1103
f 1103 1127 1062
f 1103 1062 1048
f 1048 1062 1007
f 1048 1007 994
f 994 1007 954
f 994 954 942
f 942 954 886
f 1202 1230 1217
f 1217 1230 1260
f 1217 1260 1236
f 1236 1260 1274
f 1236 1274 1266
f 1298 1293 1285
f 1293 1291 1285
f 1285 1291 1271
f 1285 1271 1270
f 1270 1271 1255
f 1270 1255 1256
f 1256 1255 1229
f 1256 1229 1231
f 1231 1229 1203
f 1231 1203 1150
f 1150 1203 1120
f 1150 1120 1040
f 1040 1120 1081
f 1040 1081 989
f 1286 1278 1271
f 1271 1278 1260
f 1271 1260 1255
f 1255 1260 1230
f 1255 1230 1229
f 1229 1230 1202
f 1229 1202 1191
f 1191 1202 1180
f 1191 1180 1081
f 1081 1180 1060
f 1081 1060 989
f 989 1060 1030
f 989 1030 937
f 886 954 905
f 905 954 971
f 905 971 936
f 936 971 1079
f 936 1079 1055
f 1055 1079 1190
f 1055 1190 1173
f 447 587 437
f 437 587 579
f 437 579 438
f 601 780 553
f 553 780 723
f 553 723 520
f 520 723 669
f 520 669 482
f 482 669 628
f 482 628 458
f 458 628 603
f 438 579 580
f 580 579 773
f 580 773 777
f 816 587 603
f 603 587 447
f 603 447 458
f 816 792 587
f 587 792 785
f 587 785 579
f 579 785 772
f 579 772 773
f 916 876 669
f 669 876 865
f 669 865 628
f 628 865 845
f 628 845 603
f 603 845 826
f 603 826 816
f 211 212 264
f 264 212 219
f 210 211 260
f 260 211 264
f 260 264 265
f 265 264 323
f 276 220 236
f 276 236 295
f 295 236 237
f 295 237 312
f 413 323 321
f 321 323 264
f 321 264 276
f 276 264 219
f 276 219 220
f 237 255 312
f 312 255 256
f 312 256 342
f 319 375 294
f 294 375 342
f 294 342 288
f 288 342 256
f 319 336 467
f 319 467 375
f 375 467 424
f 375 424 342
f 342 424 396
f 342 396 312
f 312 396 370
f 312 370 295
f 295 370 345
f 295 345 276
f 276 345 331
f 276 331 321
f 336 359 467
f 467 359 402
f 467 402 453
f 453 402 408
f 453 408 506
f 506 408 450
f 506 450 464
f 467 601 424
f 424 601 553
f 424 553 396
f 396 553 520
f 396 520 370
f 370 520 482
f 370 482 345
f 345 482 458
f 345 458 331
f 331 458 447
f 331 447 321
f 321 447 437
f 321 437 413
f 413 437 438
f 1280 1283 1277
f 1277 1283 1300
f 1277 1300 1298
f 1298 1285 1277
f 1277 1285 1270
f 1277 1270 1280
f 1280 1270 1256
f 1280 1256 1254
f 1254 1256 1231
f 1254 1231 1250
f 1250 1231 1188
f 1250 1188 1208
f 1208 1188 1167
f 1208 1167 1189
f 1189 1167 1126
f 1189 1126 1169
f 1000 980 780
f 780 980 964
f 780 964 723
f 723 964 920
f 723 920 916
f 1000 780 852
f 852 780 601
f 852 601 655
f 655 601 467
f 655 467 518
f 518 467 453
f 518 453 570
f 570 453 506
f 570 506 633
f 633 506 567
f 633 567 674
f 674 567 602
f 674 602 724
f 724 602 641
f 724 641 771
f 771 641 693
f 771 693 837
f 837 693 750
f 837 750 886
f 886 750 820
f 886 820 942
f 942 820 878
f 942 878 986
f 986 878 937
f 986 937 1008
f 1008 937 1030
f 1008 1030 1134
f 1134 1030 1165
f 1134 1165 1182
f 1182 1165 1217
f 1182 1217 1206
f 1206 1217 1236
f 1206 1236 1212
f 1212 1236 1262
f 1212 1262 1244
f 1107 1162 1169
f 122 116 80
f 156 132 95
f 53 61 77
f 71 64 99
f 30 23 20
f 2 8 22
f 1162 1107 1161
f 1107 1049 1031
f 280 268 277
f 280 277 335
f 429 398 394
f 508 515 456
f 456 515 468
f 456 468 451
f 451 468 429
f 451 429 421
f 421 429 394
f 277 327 335
f 335 327 340
f 335 340 367
f 367 340 357
f 367 357 398
f 398 357 389
f 398 389 394
f 513 556 565
f 565 556 584
f 565 584 621
f 584 612 621
f 621 612 656
f 621 656 695
f 695 656 686
f 695 686 783
f 953 872 874
f 1016 1041 1078
f 1078 1041 1072
f 1078 1072 1118
f 874 945 953
f 953 945 968
f 953 968 1016
f 1016 968 1009
f 1016 1009 1041
f 686 762 783
f 783 762 775
f 783 775 872
f 872 775 866
f 872 866 874
f 1135 1146 1112
f 1112 1146 1118
f 1112 1118 1110
f 1110 1118 1072
f 574 530 515
f 574 592 530
f 530 592 544
f 530 544 479
f 479 544 494
f 479 494 439
f 439 494 455
f 439 455 409
f 409 455 423
f 409 423 379
f 379 423 369
f 1146 1148 1118
f 1118 1148 1125
f 1118 1125 1078
f 1078 1125 1086
f 1078 1086 1016
f 1016 1086 1022
f 1016 1022 953
f 953 1022 963
f 953 963 872
f 872 963 884
f 872 884 783
f 783 884 802
f 783 802 695
f 695 802 711
f 695 711 621
f 621 711 635
f 621 635 565
f 372 417 450
f 475 512 543
f 543 512 568
f 568 512 547
f 568 547 576
f 543 517 475
f 475 517 507
f 475 507 417
f 417 507 464
f 417 464 450
f 829 903 891
f 702 666 776
f 776 666 739
f 776 739 822
f 822 739 829
f 822 829 858
f 858 829 891
f 858 891 915
f 915 880 858
f 858 880 850
f 858 850 822
f 822 850 848
f 822 848 776
f 848 813 776
f 776 813 756
f 776 756 702
f 702 756 736
f 702 736 689
f 985 1049 1050
f 1050 1002 985
f 985 1002 983
f 985 983 928
f 928 983 944
f 928 944 923
f 1031 1049 974
f 974 1049 985
f 974 985 903
f 903 985 928
f 903 928 891
f 891 928 923
f 891 923 915
f 1156 1161 1131
f 1131 1161 1107
f 1131 1107 1096
f 1096 1107 1031
f 576 547 618
f 618 547 589
f 618 589 620
f 620 589 638
f 620 638 672
f 173 116 178
f 178 116 122
f 178 122 185
f 236 220 185
f 185 220 219
f 185 219 178
f 178 219 212
f 178 212 173
f 173 212 211
f 226 249 288
f 287 319 249
f 249 319 294
f 249 294 288
f 288 256 226
f 226 256 255
f 226 255 200
f 200 255 237
f 606 638 558
f 558 638 589
f 558 589 519
f 519 589 547
f 519 547 476
f 476 547 512
f 476 512 440
f 440 512 475
f 440 475 386
f 386 475 417
f 386 417 332
f 332 417 372
f 332 372 292
f 292 372 324
f 292 324 246
f 246 324 287
f 246 287 207
f 207 287 249
f 207 249 179
f 179 249 226
f 179 226 156
f 156 226 200
f 156 200 132
f 20 23 3
f 3 23 10
f 3 10 6
f 22 28 53
f 18 25 29
f 22 8 28
f 28 8 14
f 28 14 18
f 36 40 55
f 55 40 51
f 55 51 89
f 18 29 28
f 28 29 35
f 28 35 53
f 53 35 44
f 53 44 61
f 79 81 43
f 43 81 57
f 43 57 47
f 66 79 45
f 45 79 43
f 45 43 20
f 20 43 47
f 20 47 30
f 210 174 171
f 171 174 168
f 171 168 115
f 115 168 118
f 115 118 79
f 79 118 97
f 79 97 81
f 66 80 79
f 79 80 116
f 79 116 115
f 115 116 173
f 115 173 171
f 171 173 211
f 171 211 210
f 138 117 101
f 101 117 100
f 237 236 200
f 200 236 185
f 200 185 132
f 132 185 122
f 132 122 95
f 95 122 80
f 95 80 77
f 77 80 66
f 77 66 53
f 53 66 45
f 53 45 22
f 22 45 20
f 22 20 2
f 2 20 3
f 100 85 101
f 101 85 71
f 101 71 104
f 104 71 99
f 104 99 144
f 51 70 89
f 89 70 86
f 89 86 137
f 86 111 137
f 137 111 133
f 137 133 180
f 180 133 162
f 162 176 180
f 180 176 209
f 180 209 223
f 268 280 266
f 266 280 230
f 266 230 223
f 223 230 189
f 223 189 180
f 180 189 144
f 180 144 137
f 137 144 99
f 137 99 89
f 89 99 64
f 89 64 55
f 153 119 191
f 191 119 161
f 191 161 228
f 228 161 201
f 228 201 261
f 261 201 244
f 261 244 313
f 313 244 298
f 313 298 369
f 369 298 350
f 369 350 379
f 515 530 468
f 468 530 479
f 468 479 429
f 429 479 439
f 429 439 398
f 398 439 409
f 398 409 367
f 367 409 379
f 367 379 335
f 335 379 350
f 335 350 280
f 280 350 298
f 280 298 230
f 230 298 244
f 230 244 189
f 189 244 201
f 189 201 144
f 144 201 161
f 144 161 104
f 104 161 119
f 104 119 101
f 101 119 153
f 101 153 138
f 1169 1126 1107
f 1107 1126 1119
f 1107 1119 1049
f 1049 1119 1059
f 1049 1059 1050
f 1148 1156 1125
f 1125 1156 1131
f 1125 1131 1086
f 1086 1131 1096
f 1086 1096 1022
f 1022 1096 1031
f 1022 1031 963
f 963 1031 974
f 963 974 884
f 884 974 903
f 884 903 802
f 802 903 829
f 802 829 711
f 711 829 739
f 711 739 635
f 635 739 666
f 635 666 606
f 606 666 702
f 606 702 638
f 638 702 689
f 638 689 672
f 450 408 372
f 372 408 402
f 372 402 324
f 324 402 359
f 324 359 287
f 287 359 336
f 287 336 319
f 508 513 515
f 515 513 565
f 515 565 574
f 574 565 635
f 574 635 592
f 592 635 606
f 592 606 544
f 544 606 558
f 544 558 494
f 494 558 519
f 494 519 455
f 455 519 476
f 455 476 423
f 423 476 440
f 423 440 369
f 369 440 386
f 369 386 313
f 313 386 332
f 313 332 261
f 261 332 292
f 261 292 228
f 228 292 246
f 228 246 191
f 191 246 207
f 191 207 153
f 153 207 179
f 153 179 138
f 138 179 156
f 138 156 117
f 117 156 95
f 117 95 100
f 100 95 77
f 100 77 85
f 85 77 61
f 85 61 71
f 71 61 44
f 71 44 64
f 64 44 35
f 64 35 55
f 55 35 29
f 55 29 36
f 36 29 25
f 384 395 360
f 293 311 320
f 106 102 68
f 140 158 146
f 257 269 315
f 54 62 41
f 74 82 114
f 46 48 32
f 59 65 60
f 664 683 741
f 1091 1038 1046
f 586 551 585
f 585 604 586
f 586 604 613
f 586 613 623
f 623 613 649
f 623 649 661
f 452 493 497
f 497 493 536
f 497 536 551
f 551 536 548
f 551 548 585
f 894 840 861
f 649 668 661
f 661 668 699
f 661 699 719
f 719 699 745
f 719 745 770
f 770 745 808
f 770 808 840
f 840 808 831
f 840 831 861
f 993 1001 1038
f 1038 1001 1029
f 1038 1029 1046
f 861 902 894
f 894 902 906
f 894 906 946
f 946 906 960
f 946 960 993
f 993 960 973
f 993 973 1001
f 1145 1143 1100
f 1100 1143 1091
f 1100 1091 1093
f 1093 1091 1046
f 1084 1142 1141
f 1141 1116 1084
f 1084 1116 1080
f 1084 1080 1033
f 1033 1080 1027
f 1033 1027 984
f 984 1027 979
f 984 979 934
f 279 290 343
f 270 273 330
f 330 273 334
f 330 334 361
f 361 334 366
f 361 366 392
f 392 366 399
f 392 399 431
f 358 325 328
f 328 325 267
f 358 340 325
f 325 340 327
f 325 327 267
f 459 509 508
f 508 456 459
f 459 456 451
f 459 451 422
f 422 451 421
f 422 421 390
f 421 394 390
f 390 394 389
f 390 389 358
f 358 389 357
f 358 357 340
f 1140 1139 1114
f 1114 1139 1111
f 1114 1111 1076
f 1076 1111 1073
f 1076 1073 1023
f 1023 1073 1015
f 1023 1015 967
f 967 1015 957
f 688 778 762
f 762 686 688
f 688 686 656
f 688 656 614
f 1010 1009 947
f 947 1009 968
f 968 945 947
f 947 945 874
f 947 874 868
f 868 874 866
f 868 866 778
f 778 866 775
f 778 775 762
f 1139 1137 1111
f 1111 1137 1108
f 1111 1108 1073
f 1073 1108 1071
f 1073 1071 1015
f 1015 1071 1012
f 1015 1012 957
f 957 1012 950
f 957 950 875
f 875 950 871
f 875 871 787
f 787 871 782
f 787 782 703
f 703 782 696
f 703 696 625
f 625 696 624
f 625 624 571
f 571 624 566
f 571 566 527
f 527 566 516
f 527 516 474
f 474 516 469
f 474 469 434
f 434 469 431
f 434 431 405
f 405 431 399
f 405 399 373
f 373 399 366
f 373 366 343
f 343 366 334
f 343 334 279
f 279 334 273
f 656 612 614
f 614 612 584
f 614 584 557
f 557 584 556
f 557 556 509
f 509 556 513
f 509 513 508
f 148 150 126
f 83 93 90
f 90 93 109
f 90 109 107
f 107 109 113
f 107 113 126
f 126 113 131
f 126 131 148
f 76 83 73
f 73 83 90
f 73 90 75
f 204 186 170
f 170 186 182
f 87 78 96
f 48 54 37
f 62 69 56
f 105 94 69
f 69 94 82
f 69 82 56
f 56 82 74
f 114 82 125
f 125 82 94
f 125 94 142
f 142 94 105
f 142 105 157
f 157 105 123
f 157 123 166
f 166 123 143
f 166 143 182
f 182 143 159
f 182 159 170
f 232 242 283
f 232 269 221
f 221 269 257
f 221 257 208
f 232 283 269
f 269 283 329
f 269 329 315
f 206 242 199
f 199 242 232
f 199 232 188
f 188 232 221
f 188 221 172
f 172 221 208
f 172 208 164
f 182 206 166
f 166 206 199
f 166 199 157
f 157 199 188
f 157 188 142
f 142 188 172
f 142 172 125
f 125 172 164
f 50 46 39
f 39 46 31
f 39 31 33
f 33 31 17
f 33 17 21
f 62 56 41
f 41 56 42
f 41 42 34
f 34 42 38
f 34 38 27
f 21 17 15
f 15 17 9
f 15 9 12
f 12 9 1
f 12 1 7
f 48 37 32
f 32 37 26
f 32 26 19
f 19 26 16
f 19 16 11
f 11 16 13
f 11 13 5
f 7 1 4
f 4 1 3
f 4 3 6
f 13 14 5
f 5 14 8
f 5 8 2
f 46 32 31
f 31 32 19
f 31 19 17
f 17 19 11
f 17 11 9
f 9 11 5
f 9 5 1
f 1 5 2
f 1 2 3
f 38 36 25
f 27 38 24
f 24 38 25
f 24 25 18
f 54 41 37
f 37 41 34
f 37 34 26
f 26 34 27
f 26 27 16
f 16 27 24
f 16 24 13
f 13 24 18
f 13 18 14
f 51 40 49
f 49 40 52
f 49 52 88
f 88 52 58
f 88 58 92
f 58 68 92
f 92 68 102
f 92 102 121
f 121 102 106
f 121 106 140
f 900 892 828
f 828 892 818
f 828 818 742
f 742 818 730
f 742 730 670
f 670 730 650
f 670 650 609
f 609 650 597
f 609 597 564
f 564 597 545
f 564 545 523
f 523 545 500
f 523 500 478
f 478 500 457
f 478 457 443
f 443 457 425
f 443 425 388
f 388 425 401
f 388 401 371
f 371 401 363
f 371 363 310
f 310 363 302
f 310 302 250
f 250 302 245
f 250 245 202
f 202 245 198
f 202 198 158
f 158 198 192
f 158 192 146
f 146 192 181
f 146 181 139
f 139 181 177
f 139 177 134
f 134 177 128
f 134 128 84
f 222 223 209
f 175 176 162
f 892 883 818
f 818 883 806
f 818 806 730
f 730 806 716
f 730 716 650
f 650 716 637
f 650 637 597
f 597 637 582
f 597 582 545
f 545 582 535
f 545 535 500
f 500 535 486
f 500 486 457
f 457 486 448
f 457 448 425
f 425 448 414
f 425 414 401
f 401 414 383
f 401 383 363
f 363 383 356
f 363 356 302
f 302 356 297
f 302 297 245
f 245 297 240
f 245 240 198
f 198 240 231
f 198 231 192
f 192 231 229
f 192 229 181
f 181 229 224
f 181 224 177
f 177 224 175
f 177 175 128
f 128 175 162
f 162 133 128
f 128 133 111
f 128 111 84
f 84 111 86
f 84 86 70
f 140 146 121
f 121 146 139
f 121 139 92
f 92 139 134
f 92 134 88
f 88 134 84
f 88 84 49
f 49 84 70
f 49 70 51
f 900 967 892
f 892 967 957
f 892 957 883
f 883 957 875
f 883 875 806
f 806 875 787
f 806 787 716
f 716 787 703
f 716 703 637
f 637 703 625
f 637 625 582
f 582 625 571
f 582 571 535
f 535 571 527
f 535 527 486
f 486 527 474
f 486 474 448
f 448 474 434
f 448 434 414
f 414 434 405
f 414 405 383
f 383 405 373
f 383 373 356
f 356 373 343
f 356 343 297
f 297 343 290
f 297 290 240
f 240 290 279
f 240 279 231
f 231 279 273
f 231 273 229
f 229 273 270
f 229 270 224
f 224 270 222
f 224 222 175
f 175 222 209
f 175 209 176
f 308 309 347
f 347 309 344
f 347 344 349
f 346 353 311
f 311 353 355
f 311 355 320
f 320 355 364
f 320 364 368
f 263 293 303
f 303 293 320
f 303 320 337
f 337 320 368
f 337 368 376
f 213 234 238
f 238 234 241
f 238 241 259
f 347 346 308
f 308 346 311
f 308 311 285
f 285 311 293
f 285 293 258
f 258 293 263
f 258 263 239
f 239 263 243
f 183 203 213
f 213 203 216
f 213 216 234
f 148 152 150
f 150 152 169
f 150 169 183
f 183 169 187
f 183 187 203
f 75 90 91
f 91 90 107
f 91 107 108
f 108 107 126
f 108 126 130
f 130 126 150
f 130 150 151
f 151 150 183
f 151 183 184
f 184 183 213
f 184 213 215
f 215 213 238
f 215 238 239
f 239 238 259
f 239 259 258
f 258 259 262
f 258 262 285
f 285 262 286
f 285 286 308
f 308 286 306
f 308 306 309
f 50 59 46
f 46 59 60
f 46 60 48
f 48 60 63
f 48 63 54
f 54 63 67
f 54 67 62
f 62 67 72
f 62 72 69
f 69 72 98
f 69 98 105
f 105 98 110
f 105 110 123
f 123 110 129
f 123 129 143
f 143 129 149
f 143 149 159
f 159 149 163
f 159 163 170
f 170 163 197
f 170 197 204
f 87 96 103
f 103 96 112
f 103 112 120
f 120 112 135
f 120 135 141
f 141 135 155
f 141 155 160
f 160 155 190
f 160 190 194
f 194 190 217
f 194 217 218
f 243 263 281
f 281 263 303
f 281 303 317
f 317 303 337
f 317 337 360
f 360 337 376
f 360 376 384
f 395 385 360
f 360 385 339
f 360 339 317
f 317 339 300
f 317 300 281
f 281 300 254
f 281 254 243
f 243 254 218
f 243 218 239
f 239 218 217
f 239 217 215
f 215 217 190
f 215 190 184
f 184 190 155
f 184 155 151
f 151 155 135
f 151 135 130
f 130 135 112
f 130 112 108
f 108 112 96
f 108 96 91
f 91 96 78
f 91 78 75
f 395 412 385
f 385 412 418
f 385 418 415
f 418 444 415
f 415 444 449
f 415 449 452
f 452 449 484
f 452 484 493
f 305 247 274
f 274 247 227
f 274 227 248
f 248 227 233
f 419 365 381
f 381 365 326
f 381 326 348
f 348 326 301
f 348 301 318
f 318 301 272
f 233 272 248
f 248 272 301
f 248 301 274
f 274 301 326
f 274 326 305
f 305 326 365
f 934 918 873
f 873 918 854
f 873 854 817
f 817 854 779
f 817 779 741
f 741 779 712
f 741 712 664
f 664 712 646
f 664 646 615
f 615 646 599
f 615 599 573
f 573 599 554
f 573 554 539
f 539 554 524
f 539 524 503
f 503 524 483
f 503 483 446
f 446 483 426
f 446 426 403
f 403 426 382
f 403 382 341
f 341 382 316
f 341 316 282
f 934 979 918
f 918 979 907
f 918 907 854
f 854 907 844
f 854 844 779
f 779 844 757
f 779 757 712
f 712 757 692
f 712 692 646
f 646 692 627
f 646 627 599
f 599 627 583
f 599 583 554
f 554 583 541
f 554 541 524
f 524 541 499
f 524 499 483
f 483 499 465
f 483 465 426
f 426 465 411
f 426 411 382
f 382 411 362
f 382 362 316
f 683 664 631
f 631 664 615
f 631 615 591
f 591 615 573
f 591 573 552
f 552 573 539
f 552 539 528
f 528 539 503
f 528 503 463
f 463 503 446
f 463 446 419
f 419 446 403
f 419 403 365
f 365 403 341
f 365 341 305
f 305 341 282
f 305 282 247
f 1143 1142 1091
f 1091 1142 1084
f 1091 1084 1038
f 1038 1084 1033
f 1038 1033 993
f 993 1033 984
f 993 984 946
f 946 984 934
f 946 934 894
f 894 934 873
f 894 873 840
f 840 873 817
f 840 817 770
f 770 817 741
f 770 741 719
f 719 741 683
f 719 683 661
f 661 683 631
f 661 631 623
f 623 631 591
f 623 591 586
f 586 591 552
f 586 552 551
f 551 552 528
f 551 528 497
f 497 528 463
f 497 463 452
f 452 463 419
f 452 419 415
f 415 419 381
f 415 381 385
f 385 381 348
f 385 348 339
f 339 348 318
f 339 318 300
f 300 318 272
f 300 272 254
f 254 272 233
f 254 233 218
f 204 214 186
f 186 214 195
f 186 195 182
f 182 195 225
f 182 225 206
f 206 225 252
f 206 252 242
f 242 252 299
f 242 299 283
f 283 299 338
f 283 338 329
f 1109 1136 1135
f 1135 1112 1109
f 1109 1112 1110
f 1109 1110 1069
f 1069 1110 1072
f 1069 1072 1010
f 1010 1072 1041
f 1010 1041 1009
f 1141 1140 1116
f 1116 1140 1114
f 1116 1114 1080
f 1080 1114 1076
f 1080 1076 1027
f 1027 1076 1023
f 1027 1023 979
f 979 1023 967
f 979 967 907
f 907 967 900
f 907 900 844
f 844 900 828
f 844 828 757
f 757 828 742
f 757 742 692
f 692 742 670
f 692 670 627
f 627 670 609
f 627 609 583
f 583 609 564
f 583 564 541
f 541 564 523
f 541 523 499
f 499 523 478
f 499 478 465
f 465 478 443
f 465 443 411
f 411 443 388
f 411 388 362
f 327 277 267
f 267 277 268
f 267 268 266
f 1137 1136 1108
f 1108 1136 1109
f 1108 1109 1071
f 1071 1109 1069
f 1071 1069 1012
f 1012 1069 1010
f 1012 1010 950
f 950 1010 947
f 950 947 871
f 871 947 868
f 871 868 782
f 782 868 778
f 782 778 696
f 696 778 688
f 696 688 624
f 624 688 614
f 624 614 566
f 566 614 557
f 566 557 516
f 516 557 509
f 516 509 469
f 469 509 459
f 469 459 431
f 431 459 422
f 431 422 392
f 392 422 390
f 392 390 361
f 361 390 358
f 361 358 330
f 330 358 328
f 330 328 270
f 270 328 267
f 270 267 222
f 222 267 266
f 222 266 223
f 65 76 60
f 60 76 73
f 60 73 63
f 63 73 75
f 63 75 67
f 67 75 78
f 67 78 72
f 72 78 87
f 72 87 98
f 98 87 103
f 98 103 110
f 110 103 120
f 110 120 129
f 129 120 141
f 129 141 149
f 149 141 160
f 149 160 163
f 163 160 194
f 163 194 197
f 197 194 218
f 197 218 204
f 204 218 233
f 204 233 214
f 214 233 227
f 214 227 195
f 195 227 247
f 195 247 225
f 225 247 282
f 225 282 252
f 252 282 316
f 252 316 299
f 299 316 362
f 299 362 338
f 338 362 388
f 338 388 329
f 329 388 371
f 329 371 315
f 315 371 310
f 315 310 257
f 257 310 250
f 257 250 208
f 208 250 202
f 208 202 164
f 164 202 158
f 164 158 125
f 125 158 140
f 125 140 114
f 114 140 106
f 114 106 74
f 74 106 68
f 74 68 56
f 56 68 58
f 56 58 42
f 42 58 52
f 42 52 38
f 38 52 40
f 38 40 36
f 1253 1227 1210
f 1100 1093 1105
f 789 790 786
f 368 364 387
f 384 376 404
f 454 485 502
f 355 353 380
f 346 347 377
f 377 347 349
f 640 634 642
f 851 882 835
f 731 748 753
f 748 731 743
f 705 709 707
f 707 709 729
f 1029 1001 1024
f 1058 1089 1068
f 720 684 734
f 684 720 630
f 755 764 814
f 1044 1019 982
f 1083 1138 1117
f 1117 1138 1157
f 1117 1157 1147
f 1044 1052 1019
f 1019 1052 1092
f 1019 1092 1064
f 1064 1092 1094
f 1064 1094 1083
f 1083 1094 1128
f 1083 1128 1138
f 1157 1175 1147
f 1147 1175 1177
f 1147 1177 1171
f 1177 1192 1171
f 1171 1192 1198
f 1171 1198 1186
f 1198 1209 1186
f 1186 1209 1221
f 1186 1221 1201
f 1201 1221 1225
f 1201 1225 1218
f 1261 1237 1267
f 1267 1275 1261
f 1261 1275 1284
f 1261 1284 1269
f 1269 1284 1287
f 1269 1287 1282
f 1225 1243 1218
f 1218 1243 1248
f 1218 1248 1237
f 1237 1248 1263
f 1237 1263 1267
f 1301 1290 1297
f 1297 1290 1282
f 1297 1282 1294
f 1294 1282 1287
f 1276 1259 1264
f 1264 1259 1238
f 1264 1238 1251
f 1251 1238 1219
f 1251 1219 1228
f 1228 1219 1200
f 1228 1200 1211
f 1211 1200 1184
f 1211 1184 1195
f 1195 1184 1170
f 1195 1170 1181
f 1181 1170 1144
f 1181 1144 1159
f 1159 1144 1106
f 1159 1106 1130
f 1130 1106 1075
f 1130 1075 1099
f 1099 1075 1057
f 1099 1057 1067
f 1067 1057 1032
f 1067 1032 1054
f 1054 1032 996
f 814 764 843
f 843 764 781
f 843 781 807
f 835 882 869
f 869 882 921
f 869 921 911
f 755 814 751
f 751 814 788
f 751 788 726
f 726 788 760
f 726 760 701
f 701 760 740
f 701 740 671
f 671 740 718
f 671 718 632
f 632 718 676
f 632 676 588
f 588 676 626
f 588 626 563
f 563 626 581
f 563 581 538
f 538 581 493
f 538 493 484
f 867 839 901
f 901 839 855
f 901 855 911
f 720 659 630
f 630 659 613
f 630 613 604
f 746 704 800
f 800 704 752
f 800 752 838
f 838 752 805
f 838 805 863
f 863 805 834
f 863 834 853
f 746 699 704
f 704 699 668
f 704 668 649
f 649 613 704
f 704 613 659
f 704 659 752
f 752 659 720
f 752 720 805
f 805 720 734
f 805 734 834
f 834 734 763
f 834 763 853
f 853 763 798
f 853 798 867
f 867 798 821
f 867 821 839
f 585 548 581
f 581 548 536
f 581 536 493
f 1227 1199 1210
f 1210 1199 1183
f 1210 1183 1193
f 1193 1183 1168
f 1193 1168 1174
f 1174 1168 1132
f 1174 1132 1155
f 1155 1132 1095
f 1155 1095 1124
f 1124 1095 1065
f 1124 1065 1087
f 1087 1065 1042
f 1087 1042 1061
f 1061 1042 1017
f 1061 1017 1037
f 1037 1017 997
f 1037 997 1013
f 1013 997 955
f 1013 955 998
f 998 955 961
f 978 940 952
f 952 940 910
f 952 910 926
f 926 951 952
f 952 951 975
f 952 975 978
f 808 745 847
f 847 745 796
f 847 796 879
f 879 796 841
f 879 841 904
f 904 841 870
f 904 870 929
f 929 870 895
f 890 847 917
f 917 847 879
f 917 879 941
f 941 879 904
f 941 904 959
f 959 904 929
f 906 902 890
f 890 902 861
f 890 861 847
f 847 861 831
f 847 831 808
f 975 999 978
f 978 999 1003
f 978 1003 981
f 981 1003 1011
f 981 1011 972
f 972 1011 1004
f 972 1004 958
f 958 1004 990
f 958 990 935
f 935 990 977
f 1113 1089 1070
f 1070 1089 1058
f 1070 1058 1053
f 1113 1151 1129
f 999 1020 1003
f 1003 1020 1026
f 1003 1026 1011
f 1011 1026 1045
f 1011 1045 1004
f 1004 1045 1034
f 1004 1034 990
f 990 1034 1024
f 990 1024 977
f 977 1024 1001
f 977 1001 973
f 1113 1129 1089
f 1089 1129 1122
f 1089 1122 1068
f 1068 1122 1105
f 1068 1105 1063
f 1063 1105 1093
f 1063 1093 1046
f 1020 1053 1026
f 1026 1053 1058
f 1026 1058 1045
f 1045 1058 1068
f 1045 1068 1034
f 1034 1068 1063
f 1034 1063 1024
f 1024 1063 1046
f 1024 1046 1029
f 973 960 977
f 977 960 906
f 977 906 935
f 935 906 890
f 935 890 958
f 958 890 917
f 958 917 972
f 972 917 941
f 972 941 981
f 981 941 959
f 981 959 978
f 978 959 929
f 978 929 940
f 940 929 895
f 940 895 910
f 1199 1178 1183
f 1183 1178 1151
f 1183 1151 1168
f 1168 1151 1113
f 1168 1113 1132
f 1132 1113 1070
f 1132 1070 1095
f 1095 1070 1053
f 1095 1053 1065
f 1065 1053 1020
f 1065 1020 1042
f 1042 1020 999
f 1042 999 1017
f 1017 999 975
f 1017 975 997
f 997 975 951
f 997 951 955
f 745 699 796
f 796 699 746
f 796 746 841
f 841 746 800
f 841 800 870
f 870 800 838
f 870 838 895
f 895 838 863
f 895 863 910
f 910 863 853
f 910 853 926
f 926 853 867
f 926 867 951
f 951 867 901
f 951 901 955
f 955 901 911
f 955 911 961
f 961 911 921
f 681 679 707
f 679 681 662
f 662 681 665
f 662 665 652
f 824 851 799
f 799 851 835
f 799 835 807
f 807 835 869
f 807 869 843
f 843 869 911
f 843 911 814
f 814 911 855
f 814 855 788
f 788 855 839
f 788 839 760
f 760 839 821
f 760 821 740
f 740 821 798
f 740 798 718
f 718 798 763
f 718 763 676
f 676 763 734
f 676 734 626
f 626 734 684
f 626 684 581
f 581 684 630
f 581 630 585
f 585 630 604
f 708 714 685
f 685 714 698
f 685 698 673
f 673 698 682
f 673 682 667
f 667 682 678
f 667 678 675
f 705 707 680
f 680 707 679
f 680 679 654
f 654 679 662
f 654 662 648
f 648 662 652
f 648 652 642
f 665 657 652
f 652 657 653
f 652 653 642
f 642 653 645
f 642 645 640
f 616 611 593
f 593 611 590
f 593 590 575
f 575 590 560
f 729 728 707
f 707 728 708
f 707 708 681
f 681 708 685
f 681 685 665
f 665 685 673
f 665 673 657
f 657 673 667
f 657 667 653
f 653 667 675
f 653 675 645
f 645 675 660
f 645 660 629
f 521 489 490
f 490 522 521
f 521 522 537
f 521 537 560
f 560 537 561
f 560 561 575
f 432 435 461
f 461 435 462
f 461 462 489
f 489 462 480
f 489 480 490
f 349 378 377
f 377 378 393
f 377 393 406
f 406 393 407
f 406 407 432
f 432 407 433
f 432 433 435
f 364 355 387
f 387 355 380
f 387 380 416
f 416 380 410
f 416 410 442
f 442 410 436
f 442 436 472
f 472 436 466
f 472 466 501
f 501 466 491
f 501 491 532
f 532 491 526
f 532 526 569
f 569 526 562
f 569 562 598
f 598 562 596
f 598 596 622
f 622 596 617
f 353 346 380
f 380 346 377
f 380 377 410
f 410 377 406
f 410 406 436
f 436 406 432
f 436 432 466
f 466 432 461
f 466 461 491
f 491 461 489
f 491 489 526
f 526 489 521
f 526 521 562
f 562 521 560
f 562 560 596
f 596 560 590
f 596 590 617
f 617 590 611
f 502 485 534
f 534 485 514
f 534 514 549
f 549 514 540
f 549 540 594
f 594 540 577
f 594 577 619
f 619 577 605
f 619 605 643
f 643 605 629
f 643 629 677
f 677 629 660
f 677 660 687
f 687 660 675
f 687 675 694
f 694 675 678
f 694 678 700
f 700 678 682
f 700 682 715
f 715 682 698
f 715 698 727
f 727 698 714
f 727 714 753
f 753 714 708
f 753 708 731
f 731 708 728
f 731 728 743
f 743 728 729
f 743 729 744
f 441 420 470
f 470 420 445
f 470 445 496
f 496 445 473
f 496 473 531
f 395 384 420
f 420 384 404
f 420 404 445
f 445 404 427
f 445 427 473
f 753 766 727
f 727 766 738
f 727 738 715
f 715 738 735
f 715 735 700
f 700 735 721
f 700 721 694
f 694 721 713
f 694 713 687
f 687 713 710
f 687 710 677
f 677 710 697
f 677 697 643
f 643 697 658
f 643 658 619
f 619 658 639
f 619 639 594
f 594 639 608
f 594 608 549
f 549 608 572
f 549 572 534
f 534 572 531
f 534 531 502
f 502 531 473
f 502 473 454
f 454 473 427
f 471 441 498
f 498 441 470
f 498 470 533
f 533 470 496
f 533 496 550
f 550 496 531
f 550 531 600
f 600 531 572
f 600 572 636
f 636 572 608
f 636 608 663
f 663 608 639
f 663 639 690
f 690 639 658
f 690 658 722
f 722 658 697
f 722 697 733
f 733 697 710
f 733 710 737
f 737 710 713
f 737 713 749
f 749 713 721
f 749 721 758
f 758 721 735
f 758 735 759
f 759 735 738
f 759 738 791
f 791 738 766
f 471 449 444
f 471 444 441
f 441 444 418
f 441 418 420
f 420 418 412
f 420 412 395
f 376 368 404
f 404 368 387
f 404 387 427
f 427 387 416
f 427 416 454
f 454 416 442
f 454 442 485
f 485 442 472
f 485 472 514
f 514 472 501
f 514 501 540
f 540 501 532
f 540 532 577
f 577 532 569
f 577 569 605
f 605 569 598
f 605 598 629
f 629 598 622
f 629 622 645
f 645 622 617
f 645 617 640
f 640 617 611
f 640 611 634
f 634 611 616
f 804 795 793
f 804 793 803
f 803 793 801
f 801 793 794
f 801 794 810
f 794 809 810
f 810 809 812
f 810 812 825
f 812 827 825
f 825 827 842
f 825 842 849
f 789 786 769
f 747 768 767
f 842 857 849
f 849 857 881
f 849 881 877
f 877 881 887
f 877 887 913
f 887 930 913
f 913 930 932
f 913 932 948
f 932 969 948
f 948 969 987
f 948 987 982
f 982 987 1005
f 982 1005 1044
f 768 769 767
f 767 769 786
f 767 786 774
f 774 786 797
f 774 797 784
f 784 797 815
f 784 815 811
f 811 815 833
f 811 833 832
f 832 833 859
f 832 859 860
f 860 859 885
f 860 885 889
f 889 885 924
f 889 924 927
f 927 924 962
f 927 962 965
f 965 962 992
f 965 992 996
f 996 992 1028
f 996 1028 1054
f 1290 1276 1282
f 1282 1276 1264
f 1282 1264 1269
f 1269 1264 1251
f 1269 1251 1261
f 1261 1251 1228
f 1261 1228 1237
f 1237 1228 1211
f 1237 1211 1218
f 1218 1211 1195
f 1218 1195 1201
f 1201 1195 1181
f 1201 1181 1186
f 1186 1181 1159
f 1186 1159 1171
f 1171 1159 1130
f 1171 1130 1147
f 1147 1130 1099
f 1147 1099 1117
f 1117 1099 1067
f 1117 1067 1083
f 1083 1067 1054
f 1083 1054 1064
f 1064 1054 1028
f 1064 1028 1019
f 1019 1028 992
f 1019 992 982
f 982 992 962
f 982 962 948
f 948 962 924
f 948 924 913
f 913 924 885
f 913 885 877
f 877 885 859
f 877 859 849
f 849 859 833
f 849 833 825
f 825 833 815
f 825 815 810
f 810 815 797
f 810 797 801
f 801 797 786
f 801 786 803
f 803 786 790
f 1178 1176 1151
f 1151 1176 1166
f 1151 1166 1129
f 1129 1166 1158
f 1129 1158 1122
f 1122 1158 1152
f 1122 1152 1105
f 1105 1152 1145
f 1105 1145 1100
f 791 824 759
f 759 824 799
f 759 799 758
f 758 799 807
f 758 807 749
f 749 807 781
f 749 781 737
f 737 781 764
f 737 764 733
f 733 764 755
f 733 755 722
f 722 755 751
f 722 751 690
f 690 751 726
f 690 726 663
f 663 726 701
f 663 701 636
f 636 701 671
f 636 671 600
f 600 671 632
f 600 632 550
f 550 632 588
f 550 588 533
f 533 588 563
f 533 563 498
f 498 563 538
f 498 538 471
f 471 538 484
f 471 484 449
f 1259 1253 1238
f 1238 1253 1210
f 1238 1210 1219
f 1219 1210 1193
f 1219 1193 1200
f 1200 1193 1174
f 1200 1174 1184
f 1184 1174 1155
f 1184 1155 1170
f 1170 1155 1124
f 1170 1124 1144
f 1144 1124 1087
f 1144 1087 1106
f 1106 1087 1061
f 1106 1061 1075
f 1075 1061 1037
f 1075 1037 1057
f 1057 1037 1013
f 1057 1013 1032
f 1032 1013 998
f 1032 998 996
f 996 998 961
f 996 961 965
f 965 961 921
f 965 921 927
f 927 921 882
f 927 882 889
f 889 882 851
f 889 851 860
f 860 851 824
f 860 824 832
f 832 824 791
f 832 791 811
f 811 791 766
f 811 766 784
f 784 766 753
f 784 753 774
f 774 753 748
f 774 748 767
f 767 748 743
f 767 743 747
f 747 743 744
f 1291 1294 1287
f 1291 1287 1286
f 1286 1287 1284
f 1286 1284 1278
f 1278 1284 1275
f 1278 1275 1274
f 1274 1275 1267
f 1274 1267 1266
f 1266 1267 1263
f 1266 1263 1262
f 1262 1263 1244
f 1244 1263 1248
f 1244 1248 1240
f 1240 1248 1243
f 1240 1243 1223
f 1223 1243 1225
f 1223 1225 1215
f 1215 1225 1221
f 1215 1221 1204
f 1204 1221 1209
f 1204 1209 1197
f 1197 1209 1198
f 1197 1198 1190
f 1190 1198 1192
f 1190 1192 1173
f 1173 1192 1177
f 1173 1177 1175
f 1291 1293 1294
f 1294 1293 1298
f 1294 1298 1297
f 1297 1298 1300
f 1297 1300 1301
f 795 777 793
f 793 777 773
f 793 773 794
f 794 773 772
f 794 772 809
f 809 772 785
f 809 785 812
f 812 785 792
f 812 792 827
f 827 792 816
f 827 816 842
f 842 816 826
f 842 826 857
f 857 826 845
f 857 845 881
f 881 845 865
f 881 865 887
f 887 865 876
f 887 876 930
f 930 876 916
f 930 916 932
f 932 916 920
f 932 920 969
f 969 920 964
f 969 964 987
f 987 964 1005
f 964 980 1005
f 1005 980 1000
f 1005 1000 1044
f 1044 1000 1036
f 1044 1036 1052
f 1052 1036 1039
f 1052 1039 1092
f 1092 1039 1077
f 1092 1077 1094
f 1094 1077 1088
f 1094 1088 1128
f 1128 1088 1123
f 1128 1123 1138
f 1138 1123 1133
f 1138 1133 1157
f 1157 1133 1153
f 1157 1153 1175
f 1175 1153 1172
f 1175 1172 1173
f 1512 1514 1498
f 1504 1506 1507
f 1480 1462 1498
f 1498 1462 1465
f 1498 1465 1512
f 1512 1465 1504
f 1512 1504 1509
f 1509 1504 1507
f 1452 1454 1442
f 1442 1454 1458
f 1442 1458 1460
f 1452 1442 1451
f 1451 1442 1438
f 1451 1438 1448
f 1446 1423 1447
f 1447 1423 1428
f 1447 1428 1450
f 1450 1428 1453
f 1438 1435 1448
f 1448 1435 1430
f 1448 1430 1446
f 1446 1430 1426
f 1446 1426 1423
f 1480 1479 1462
f 1462 1479 1464
f 1462 1464 1428
f 1428 1464 1459
f 1428 1459 1453
f 1475 1503 1500
f 1495 1493 1490
f 1497 1495 1500
f 1500 1495 1490
f 1500 1490 1475
f 1475 1490 1443
f 1475 1443 1457
f 1457 1443 1440
f 1457 1440 1456
f 1417 1437 1434
f 1396 1419 1399
f 1399 1419 1420
f 1399 1420 1425
f 1434 1432 1417
f 1417 1432 1429
f 1417 1429 1409
f 1409 1429 1427
f 1409 1427 1404
f 1404 1427 1421
f 1404 1421 1401
f 1401 1421 1419
f 1401 1419 1397
f 1397 1419 1396
f 1425 1431 1399
f 1399 1431 1436
f 1399 1436 1440
f 1440 1436 1441
f 1440 1441 1456
f 1442 1460 1417
f 1417 1460 1437
f 1514 1512 1503
f 1503 1512 1500
f 1504 1490 1493
f 1504 1493 1506
f 1506 1493 1495
f 1506 1495 1507
f 1507 1495 1497
f 1507 1497 1509
f 1509 1497 1500
f 1509 1500 1512
f 1490 1504 1443
f 1443 1504 1465
f 1443 1465 1440
f 1440 1465 1462
f 1440 1462 1399
f 1399 1462 1428
f 1442 1417 1409
f 1442 1409 1438
f 1438 1409 1404
f 1438 1404 1435
f 1435 1404 1401
f 1435 1401 1430
f 1430 1401 1397
f 1430 1397 1426
f 1426 1397 1396
f 1426 1396 1423
f 1423 1396 1399
f 1423 1399 1428
f 7178 7195 7187
f 7170 7106 6974
f 7005 6928 6797
f 7106 7055 6882
f 6882 7055 7054
f 6882 7054 7005
f 7256 7192 7121
f 7121 7192 7172
f 7121 7172 7170
f 7256 7121 7216
f 7216 7121 6941
f 7216 6941 7127
f 7005 6797 6882
f 6882 6797 6654
f 6882 6654 6693
f 6693 6654 6598
f 6693 6598 6613
f 6598 6567 6613
f 6613 6567 6499
f 6613 6499 6547
f 6547 6499 6455
f 6547 6455 6507
f 6507 6455 6416
f 6507 6416 6464
f 6464 6416 6390
f 6464 6390 6449
f 6449 6390 6374
f 6449 6374 6437
f 6437 6374 6370
f 6437 6370 6433
f 6433 6370 6378
f 6433 6378 6439
f 6439 6378 6388
f 6439 6388 6447
f 6447 6388 6398
f 6447 6398 6457
f 6457 6398 6418
f 6457 6418 6465
f 6465 6418 6434
f 6465 6434 6480
f 6480 6434 6461
f 6480 6461 6513
f 6513 6461 6491
f 6513 6491 6542
f 6542 6491 6536
f 6542 6536 6585
f 6585 6536 6583
f 6585 6583 6626
f 6626 6583 6633
f 7127 6941 7058
f 7058 6941 6806
f 7058 6806 7004
f 7004 6806 6721
f 7004 6721 6905
f 6905 6721 6673
f 6905 6673 6850
f 6850 6673 6645
f 6850 6645 6789
f 6789 6645 6629
f 6789 6629 6773
f 6773 6629 6617
f 6773 6617 6758
f 6758 6617 6616
f 6758 6616 6756
f 6756 6616 6621
f 6756 6621 6760
f 6760 6621 6628
f 6760 6628 6770
f 6770 6628 6636
f 6770 6636 6783
f 6783 6636 6646
f 6783 6646 6793
f 6793 6646 6657
f 6793 6657 6809
f 6809 6657 6678
f 6809 6678 6868
f 6868 6678 6713
f 6868 6713 6901
f 6901 6713 6768
f 6901 6768 6944
f 6944 6768 6817
f 6944 6817 7026
f 7026 6817 6907
f 7026 6907 7099
f 6674 6751 6633
f 6633 6751 6668
f 6633 6668 6626
f 7106 6882 6974
f 6974 6882 6693
f 6974 6693 6795
f 6795 6693 6613
f 6795 6613 6680
f 6680 6613 6547
f 6680 6547 6620
f 6620 6547 6507
f 6620 6507 6584
f 6584 6507 6464
f 6584 6464 6546
f 6546 6464 6449
f 6546 6449 6528
f 6528 6449 6437
f 6528 6437 6519
f 6519 6437 6433
f 6519 6433 6516
f 6516 6433 6439
f 6516 6439 6520
f 6520 6439 6447
f 6520 6447 6526
f 6526 6447 6457
f 6526 6457 6538
f 6538 6457 6465
f 6538 6465 6549
f 6549 6465 6480
f 6549 6480 6561
f 6561 6480 6513
f 6561 6513 6592
f 6592 6513 6542
f 6592 6542 6615
f 6615 6542 6585
f 6615 6585 6650
f 6650 6585 6626
f 6650 6626 6686
f 6686 6626 6668
f 6686 6668 6763
f 6763 6668 6751
f 6763 6751 6869
f 6869 6751 6873
f 6869 6873 6955
f 6955 6873 6979
f 6955 6979 7097
f 6674 6685 6751
f 6751 6685 6787
f 6751 6787 6873
f 6873 6787 6915
f 6873 6915 6979
f 6979 6915 6932
f 6979 6932 7014
f 7014 7060 6979
f 6979 7060 7063
f 6979 7063 7097
f 7097 7063 7113
f 7097 7113 7176
f 7170 6974 7121
f 7121 6974 6795
f 7121 6795 6941
f 6941 6795 6680
f 6941 6680 6806
f 6806 6680 6620
f 6806 6620 6721
f 6721 6620 6584
f 6721 6584 6673
f 6673 6584 6546
f 6673 6546 6645
f 6645 6546 6528
f 6645 6528 6629
f 6629 6528 6519
f 6629 6519 6617
f 6617 6519 6516
f 6617 6516 6616
f 6616 6516 6520
f 6616 6520 6621
f 6621 6520 6526
f 6621 6526 6628
f 6628 6526 6538
f 6628 6538 6636
f 6636 6538 6549
f 6636 6549 6646
f 6646 6549 6561
f 6646 6561 6657
f 6657 6561 6592
f 6657 6592 6678
f 6678 6592 6615
f 6678 6615 6713
f 6713 6615 6650
f 6713 6650 6768
f 6768 6650 6686
f 6768 6686 6817
f 6817 6686 6763
f 6817 6763 6907
f 6907 6763 6869
f 6907 6869 7003
f 7003 6869 6955
f 7003 6955 7110
f 7110 6955 7097
f 7110 7097 7187
f 7187 7097 7176
f 7187 7176 7178
f 7099 6907 7142
f 7142 6907 7003
f 7142 7003 7159
f 7159 7003 7110
f 7159 7110 7210
f 7210 7110 7187
f 7210 7187 7249
f 7249 7187 7195
f 7249 7195 7260
f 7260 7256 7249
f 7249 7256 7216
f 7249 7216 7210
f 7210 7216 7127
f 7210 7127 7159
f 7159 7127 7058
f 7159 7058 7142
f 7142 7058 7099
f 7099 7058 7004
f 7099 7004 7026
f 7026 7004 6905
f 7026 6905 6944
f 6944 6905 6850
f 6944 6850 6789
f 6756 6760 6770
f 6770 6783 6756
f 6756 6783 6793
f 6756 6793 6758
f 6758 6793 6809
f 6758 6809 6773
f 6773 6809 6868
f 6773 6868 6789
f 6789 6868 6901
f 6789 6901 6944
f 7014 6932 6928
f 7055 7059 7054
f 7172 7173 7170
f 7256 7260 7192
f 7192 7260 7195
f 7192 7195 7178
f 7063 7106 7113
f 7113 7106 7170
f 7113 7170 7176
f 7176 7170 7173
f 7176 7173 7178
f 7178 7173 7172
f 7178 7172 7192
f 6928 7005 7014
f 7014 7005 7054
f 7014 7054 7060
f 7060 7054 7059
f 7060 7059 7063
f 7063 7059 7055
f 7063 7055 7106
