# Wavefront OBJ file
# Regions:
#     0    ASSEMBLEDPROTOTYPE3
#
# points    : 4989
# triangles : 9974
#
v 0.300683 0.991055 0.0625405
v 0.300836 0.991011 0.0625405
v 0.299297 0.991488 0.0625405
v 0.299536 0.991744 0.0571351
v 0.301295 0.990886 0.0625405
v 0.301522 0.991148 0.0571315
v 0.301668 0.991315 0.0556278
v 0.297601 0.992489 0.057143
v 0.296513 0.992616 0.0625405
v 0.295724 0.993384 0.0571551
v 0.295464 0.993141 0.0625405
v 0.307299 0.989958 0.0571551
v 0.300232 0.992489 0.0519249
v 0.302185 0.991907 0.0519171
v 0.29482 0.993897 0.0571635
v 0.298329 0.993216 0.0519402
v 0.293974 0.994028 0.0625405
v 0.309552 0.989325 0.0625405
v 0.293952 0.994464 0.0571742
v 0.296484 0.994091 0.0519636
v 0.307879 0.990748 0.0519657
v 0.302757 0.992559 0.0489788
v 0.292924 0.994924 0.0598402
v 0.295595 0.994593 0.0519791
v 0.29313 0.995096 0.0571876
v 0.292855 0.994865 0.0625405
v 0.292493 0.995185 0.0625405
v 0.293468 0.995379 0.0545824
v 0.294741 0.995148 0.0519988
v 0.313973 0.989131 0.0572009
v 0.292165 0.995637 0.0598493
v 0.292374 0.995806 0.0572052
v 0.292094 0.99558 0.0625405
v 0.301354 0.993682 0.0468988
v 0.293933 0.995767 0.0520239
v 0.299503 0.994382 0.0469232
v 0.292717 0.996082 0.0546076
v 0.291692 0.996041 0.0625405
v 0.297709 0.995227 0.0469582
v 0.291498 0.996449 0.0598614
v 0.314453 0.989945 0.0520542
v 0.293189 0.996462 0.0520561
v 0.29171 0.996613 0.0572281
v 0.291426 0.996393 0.0625405
v 0.308813 0.99201 0.0469558
v 0.296844 0.995711 0.0469811
v 0.292058 0.996883 0.0546405
v 0.296014 0.996248 0.0470095
v 0.29107 0.99695 0.0625405
v 0.293786 0.996942 0.0495505
v 0.292536 0.997254 0.0520983
v 0.290953 0.997356 0.0598767
v 0.295228 0.996846 0.047045
v 0.291167 0.997516 0.0572576
v 0.291518 0.997778 0.0546827
v 0.290735 0.997838 0.0598857
v 0.293142 0.997723 0.0496011
v 0.29095 0.997995 0.0572748
v 0.30462 0.994666 0.0422556
v 0.294504 0.997518 0.04709
v 0.290639 0.997842 0.0625405
v 0.302872 0.995285 0.0420463
v 0.315226 0.991244 0.0470803
v 0.292002 0.998138 0.0521519
v 0.301092 0.995951 0.0420828
v 0.291303 0.998254 0.0547073
v 0.290559 0.998335 0.0598958
v 0.290775 0.99849 0.0572936
v 0.290486 0.998282 0.0625405
v 0.299366 0.996755 0.0421317
v 0.291789 0.998609 0.0521834
v 0.293869 0.998285 0.0471485
v 0.291129 0.998744 0.0547345
v 0.292614 0.998594 0.0496655
v 0.310076 0.993702 0.0421093
v 0.295338 0.998187 0.0446744
v 0.29036 0.998764 0.0625405
v 0.290644 0.998996 0.0573144
v 0.297736 0.997729 0.0422001
v 0.291616 0.999094 0.052218
v 0.292404 0.999058 0.0497029
v 0.29335 0.999142 0.0472226
v 0.296979 0.998301 0.0422459
v 0.290562 0.99951 0.057337
v 0.294714 0.998937 0.0447404
v 0.291488 0.99959 0.0522556
v 0.292233 0.999536 0.0497441
v 0.293142 0.999597 0.0472658
v 0.290247 0.999604 0.0625405
v 0.296283 0.998943 0.0423033
v 0.327186 0.988273 0.0625405
v 0.327282 0.988564 0.057282
v 0.29053 1.00003 0.0573614
v 0.29024 0.999831 0.0625405
v 0.316271 0.99298 0.0422592
v 0.291407 1.00009 0.0522966
v 0.294204 0.999777 0.0448237
v 0.292974 1.00007 0.0473132
v 0.295672 0.999676 0.0423765
v 0.29033 1.0004 0.0599449
v 0.304754 0.997259 0.0373566
v 0.290547 1.00055 0.0573873
v 0.291376 1.0006 0.0523407
v 0.306491 0.996762 0.0373166
v 0.32756 0.989405 0.0522101
v 0.303062 0.997884 0.0374098
v 0.292849 1.00055 0.0473647
v 0.29027 1.0005 0.0625405
v 0.290902 1.00079 0.0548682
v 0.301421 0.998641 0.0374768
v 0.297336 0.999784 0.0399761
v 0.293835 1.00068 0.044925
v 0.291392 1.00111 0.0523879
v 0.295173 1.0005 0.0424683
v 0.29277 1.00104 0.0474207
v 0.311642 0.995778 0.0374091
v 0.299871 0.999559 0.0375655
v 0.296739 1.0005 0.0400565
v 0.292012 1.00153 0.049947
v 0.290498 1.00145 0.0599744
v 0.290714 1.00159 0.0574436
v 0.29274 1.00153 0.0474813
v 0.290425 1.0014 0.0625405
v 0.299152 1.0001 0.0376225
v 0.290457 1.00153 0.0625405
v 0.291069 1.00182 0.0549488
v 0.328009 0.990742 0.0472992
v 0.294811 1.00138 0.0425794
v 0.29849 1.00071 0.0376923
v 0.296251 1.0013 0.0401564
v 0.292756 1.00202 0.0475457
v 0.291557 1.00213 0.0524905
v 0.334164 0.988208 0.0625405
v 0.294691 1.00184 0.0426426
v 0.292174 1.00253 0.0500691
v 0.297909 1.0014 0.0377798
v 0.291039 1.0026 0.0575049
v 0.294615 1.00231 0.042711
v 0.290752 1.00242 0.0625405
v 0.308182 0.998642 0.033602
v 0.293621 1.0026 0.0451844
v 0.295898 1.00216 0.0402768
v 0.292916 1.00301 0.0476854
v 0.290916 1.00281 0.0625405
v 0.294586 1.00278 0.0427847
v 0.291876 1.00313 0.0526013
v 0.297434 1.00217 0.0378876
v 0.30697 0.999565 0.032819
v 0.308601 0.999105 0.0327566
v 0.305381 1.00014 0.0328953
v 0.328615 0.992523 0.0425231
v 0.303841 1.00085 0.0329862
v 0.294601 1.00326 0.0428634
v 0.291498 1.00358 0.0575693
v 0.293777 1.00357 0.0453398
v 0.299179 1.00237 0.0355465
v 0.291214 1.00341 0.0625405
v 0.297091 1.00301 0.038017
v 0.313484 0.998194 0.0328393
v 0.302386 1.0017 0.0330999
v 0.293226 1.00398 0.0478365
v 0.292327 1.00409 0.0527184
v 0.301711 1.00221 0.0331702
v 0.296976 1.00345 0.0380902
v 0.298718 1.00312 0.0356622
v 0.291619 1.00408 0.0625405
v 0.294754 1.0042 0.0430329
v 0.301089 1.00277 0.0332539
v 0.296904 1.00389 0.0381689
v 0.292066 1.0045 0.0576355
v 0.319088 0.997577 0.0329962
v 0.298384 1.00393 0.0358
v 0.296876 1.00434 0.0382535
v 0.300544 1.00342 0.0333562
v 0.292886 1.00498 0.0528388
v 0.295053 1.00513 0.0432162
v 0.29689 1.00478 0.0383437
v 0.300098 1.00414 0.0334797
v 0.344749 0.988342 0.0625405
v 0.344768 0.988666 0.0573037
v 0.292721 1.00533 0.0577028
v 0.344788 0.989021 0.0548463
v 0.292563 1.0053 0.0625405
v 0.29992 1.00453 0.03355
v 0.293529 1.0058 0.0529606
v 0.299775 1.00493 0.0336261
v 0.309489 1.00216 0.0284226
v 0.310999 1.00174 0.0283294
v 0.308018 1.0027 0.0285301
v 0.297036 1.00568 0.0385375
v 0.295474 1.00601 0.0434091
v 0.306592 1.00334 0.0286524
v 0.299668 1.00533 0.0337079
v 0.305245 1.00413 0.0287979
v 0.299599 1.00575 0.0337961
v 0.30462 1.00459 0.0288844
v 0.344893 0.990877 0.0474246
v 0.297319 1.00655 0.0387466
v 0.295996 1.00684 0.0436077
v 0.299573 1.00617 0.03389
v 0.304045 1.00512 0.0289843
v 0.293972 1.00664 0.0625405
v 0.299587 1.00658 0.0339899
v 0.294993 1.00721 0.0532031
v 0.30354 1.00571 0.0291028
v 0.330244 0.997211 0.0332732
v 0.303321 1.00604 0.0291703
v 0.296597 1.0076 0.0438082
v 0.303127 1.00638 0.0292432
v 0.299723 1.00742 0.034204
v 0.302962 1.00673 0.0293219
v 0.344997 0.99269 0.0426118
v 0.302828 1.0071 0.0294063
v 0.302728 1.00748 0.0294969
v 0.299989 1.00824 0.0344338
v 0.296607 1.00845 0.0534456
v 0.31228 1.00502 0.0241566
v 0.313655 1.00463 0.0240226
v 0.302666 1.00786 0.0295935
v 0.310941 1.0055 0.0243049
v 0.297965 1.00891 0.044208
v 0.309641 1.00609 0.024468
v 0.302641 1.00824 0.0296962
v 0.296606 1.00857 0.0625405
v 0.308414 1.00681 0.0246539
v 0.317896 1.00387 0.0240245
v 0.300364 1.00902 0.0346751
v 0.302653 1.00863 0.0298047
v 0.307845 1.00723 0.0247603
v 0.307321 1.0077 0.0248799
v 0.345134 0.995106 0.0374801
v 0.314749 1.00582 0.0223825
v 0.300829 1.00976 0.0349226
v 0.306861 1.00824 0.0250177
v 0.322732 1.00336 0.0241053
v 0.30278 1.0094 0.0300364
v 0.306661 1.00854 0.0250945
v 0.299473 1.01005 0.0446074
v 0.306485 1.00885 0.0251768
v 0.311267 1.00755 0.0224297
v 0.306334 1.00917 0.0252647
v 0.301365 1.01043 0.0351727
v 0.310104 1.00823 0.0226395
v 0.306212 1.00951 0.0253582
v 0.2992 1.01 0.0625405
v 0.309565 1.00863 0.0227578
v 0.300132 1.01049 0.0539222
v 0.306122 1.00985 0.0254576
v 0.309068 1.00908 0.0228887
v 0.306064 1.0102 0.025563
v 0.308632 1.00959 0.0230377
v 0.300329 1.01051 0.0625405
v 0.306042 1.01055 0.0256743
v 0.308275 1.01017 0.0232072
v 0.315313 1.00809 0.0200167
v 0.302585 1.01157 0.0356708
v 0.316541 1.00775 0.0198305
v 0.314116 1.00853 0.0202169
v 0.306053 1.0109 0.0257912
v 0.312955 1.00906 0.0204318
v 0.318401 1.00737 0.0197792
v 0.308017 1.01079 0.0233986
v 0.332344 1.00305 0.0242529
v 0.311859 1.0097 0.0206683
v 0.320414 1.00705 0.0197537
v 0.31135 1.01008 0.0207994
v 0.302767 1.01193 0.0453935
v 0.306168 1.0116 0.0260394
v 0.310882 1.0105 0.0209429
v 0.310471 1.01099 0.0211039
v 0.303929 1.01258 0.0361688
v 0.303054 1.01159 0.0625405
v 0.32481 1.00657 0.019757
v 0.303476 1.01181 0.0568275
v 0.306392 1.01229 0.0263033
v 0.310135 1.01153 0.0212848
v 0.316911 1.00971 0.018028
v 0.318062 1.00939 0.0178123
v 0.315789 1.01013 0.0182576
v 0.304729 1.01249 0.0509102
v 0.314701 1.01063 0.0185013
v 0.306708 1.01295 0.0265779
v 0.309891 1.01212 0.0214868
v 0.313674 1.01123 0.0187662
v 0.30981 1.01243 0.0215959
v 0.313197 1.01159 0.0189111
v 0.309759 1.01274 0.0217109
v 0.312759 1.01199 0.019068
v 0.3071 1.01356 0.0268593
v 0.309739 1.01305 0.0218315
v 0.312374 1.01245 0.0192416
v 0.309749 1.01337 0.0219572
v 0.307552 1.01413 0.0271428
v 0.306839 1.0128 0.0625405
v 0.312059 1.01296 0.0194342
v 0.307095 1.0138 0.0441244
v 0.306867 1.01423 0.0371492
v 0.319496 1.01095 0.0160511
v 0.309852 1.014 0.0222223
v 0.31856 1.01141 0.0161385
v 0.317516 1.0118 0.0163982
v 0.311831 1.01351 0.0196471
v 0.321304 1.01076 0.0157933
v 0.316503 1.01227 0.0166714
v 0.323109 1.01047 0.0157192
v 0.315547 1.01284 0.0169654
v 0.311707 1.01409 0.0198813
v 0.310052 1.01462 0.0225022
v 0.315103 1.01317 0.0171239
v 0.30858 1.01509 0.0277078
v 0.314695 1.01355 0.0172942
v 0.311698 1.01469 0.0201366
v 0.314337 1.01398 0.0174804
v 0.327035 1.01004 0.0156264
v 0.310394 1.01392 0.0549273
v 0.317424 1.01313 0.0158043
v 0.316504 1.01368 0.0161126
v 0.314043 1.01446 0.0176847
v 0.309713 1.01593 0.0282722
v 0.313832 1.01498 0.0179083
v 0.320257 1.0132 0.0143826
v 0.321247 1.01291 0.0141063
v 0.319292 1.01356 0.014672
v 0.318357 1.014 0.0149746
v 0.313716 1.01552 0.018152
v 0.312418 1.01507 0.0470145
v 0.31091 1.016 0.0364919
v 0.324518 1.01231 0.013885
v 0.317474 1.01453 0.0152967
v 0.317064 1.01485 0.0154691
v 0.313708 1.01607 0.0184162
v 0.316687 1.0152 0.0156522
v 0.384442 0.990151 0.0576131
v 0.316357 1.01559 0.0158503
v 0.328198 1.01189 0.0137436
v 0.334815 1.00973 0.0154793
v 0.345759 1.00608 0.0199366
v 0.319303 1.01491 0.0141864
v 0.313798 1.01663 0.0186973
v 0.384407 0.990915 0.0528016
v 0.316086 1.01604 0.0160656
v 0.318457 1.01542 0.0145221
v 0.312189 1.01731 0.0293848
v 0.31589 1.01652 0.0162992
v 0.313973 1.01717 0.018992
v 0.322773 1.01467 0.0126107
v 0.321999 1.01509 0.0127955
v 0.317025 1.01483 0.0625405
v 0.315784 1.01702 0.0165517
v 0.384349 0.992129 0.0480881
v 0.321116 1.01543 0.013113
v 0.32026 1.01584 0.0134435
v 0.31422 1.01769 0.0192959
v 0.318004 1.01522 0.0554566
v 0.325966 1.01425 0.0122244
v 0.319452 1.01633 0.0137923
v 0.315569 1.01696 0.0391195
v 0.315776 1.01754 0.016823
v 0.319077 1.01661 0.0139773
v 0.318732 1.01694 0.0141723
v 0.314526 1.01817 0.0196052
v 0.335484 1.01159 0.0135133
v 0.318429 1.0173 0.0143814
v 0.329394 1.01385 0.0120373
v 0.322886 1.01608 0.0120759
v 0.323749 1.01582 0.0117574
v 0.322045 1.0164 0.0124068
v 0.38427 0.993747 0.0434554
v 0.314878 1.01861 0.0199165
v 0.319583 1.01624 0.0478513
v 0.318182 1.01771 0.0146065
v 0.321229 1.01679 0.0127501
v 0.326703 1.01527 0.0114715
v 0.320459 1.01726 0.0131114
v 0.318003 1.01816 0.0148485
v 0.317905 1.01862 0.0151081
v 0.320712 1.01701 0.0439737
v 0.345957 1.00956 0.0153315
v 0.315681 1.01937 0.0205371
v 0.323783 1.01709 0.0114119
v 0.324604 1.01684 0.0110803
v 0.322984 1.0174 0.0117552
v 0.322209 1.01778 0.0121107
v 0.317899 1.01909 0.0153856
v 0.327449 1.01631 0.0107765
v 0.321477 1.01823 0.0124834
v 0.336173 1.01355 0.0117292
v 0.321138 1.01849 0.0126793
v 0.317975 1.01957 0.0156779
v 0.320826 1.01878 0.0128849
v 0.317017 1.01969 0.0275962
v 0.316565 1.02004 0.0211568
v 0.320551 1.01912 0.0131033
v 0.33062 1.01594 0.0105488
v 0.322044 1.01796 0.0401099
v 0.318123 1.02003 0.0159821
v 0.324691 1.01814 0.0108073
v 0.320327 1.0195 0.0133362
v 0.323934 1.01844 0.0111623
v 0.3232 1.0188 0.0115287
v 0.319665 1.01957 0.0315607
v 0.320165 1.0199 0.0135849
v 0.328203 1.01739 0.0101442
v 0.325705 1.0182 0.0103066
v 0.322507 1.01922 0.0119119
v 0.317508 1.02063 0.0217721
v 0.320077 1.02032 0.01385
v 0.331244 1.01703 0.00989938
v 0.323562 1.01909 0.0363088
v 0.320071 1.02075 0.0141311
v 0.318497 1.02114 0.0223799
v 0.384048 0.998004 0.0343618
v 0.325607 1.01922 0.0102668
v 0.32634 1.01899 0.00991249
v 0.324893 1.01951 0.010632
v 0.336882 1.01563 0.0101721
v 0.399891 0.9906 0.0625405
v 0.346126 1.01254 0.0121076
v 0.324201 1.01985 0.0110087
v 0.332101 1.0155 0.0625405
v 0.332363 1.0158 0.0561392
v 0.328966 1.0185 0.00957942
v 0.323547 1.02025 0.0114014
v 0.323243 1.02049 0.0116065
v 0.319518 1.02158 0.0229781
v 0.322964 1.02076 0.0118203
v 0.334426 1.01541 0.0625405
v 0.322719 1.02106 0.0120456
v 0.331875 1.01815 0.00932002
v 0.346177 1.01342 0.0112972
v 0.333109 1.01672 0.0489275
v 0.322011 1.02115 0.0280085
v 0.322519 1.02139 0.0122845
v 0.337244 1.01672 0.00949311
v 0.327222 1.02012 0.00943065
v 0.325862 1.02061 0.0101693
v 0.325248 1.0204 0.0326178
v 0.322374 1.02176 0.0125375
v 0.341947 1.01553 0.00982213
v 0.329737 1.01965 0.00908732
v 0.333644 1.01743 0.0451691
v 0.324597 1.02131 0.0109553
v 0.322296 1.02214 0.012805
v 0.321241 1.02242 0.0228851
v 0.329642 1.01945 0.0371242
v 0.322291 1.02252 0.0130875
v 0.332513 1.01932 0.00881553
v 0.337611 1.01785 0.00888801
v 0.334278 1.01832 0.0413895
v 0.322353 1.02291 0.0133824
v 0.328112 1.02129 0.00902271
v 0.346283 1.01528 0.00981641
v 0.32684 1.02174 0.00977755
v 0.342463 1.01475 0.0625405
v 0.342494 1.01513 0.0563486
v 0.346293 1.01547 0.00968671
v 0.322473 1.02329 0.0136871
v 0.328273 1.0215 0.00895739
v 0.330515 1.02084 0.00867248
v 0.325656 1.02241 0.0105779
v 0.325144 1.02286 0.011009
v 0.327085 1.02189 0.0290873
v 0.322643 1.02366 0.0139985
v 0.342681 1.01608 0.0492535
v 0.324527 1.02294 0.0247109
v 0.330851 1.02072 0.033459
v 0.324929 1.02312 0.0112388
v 0.333158 1.02052 0.00839138
v 0.346465 1.01424 0.0625405
v 0.337982 1.01902 0.00836277
v 0.335002 1.0194 0.0376492
v 0.324753 1.02342 0.0114803
v 0.322853 1.024 0.0143139
v 0.3423 1.01774 0.00850987
v 0.348314 1.01398 0.0625405
v 0.324626 1.02374 0.0117347
v 0.346473 1.01512 0.0563521
v 0.32901 1.02249 0.00869322
v 0.323095 1.02431 0.0146306
v 0.327827 1.02292 0.00946164
v 0.350127 1.0137 0.0625405
v 0.323701 1.02416 0.0206707
v 0.324557 1.02408 0.012002
v 0.331301 1.02207 0.00833988
v 0.326725 1.02354 0.010273
v 0.348442 1.01486 0.0563414
v 0.383749 1.00331 0.0253811
v 0.350235 1.0144 0.0563295
v 0.324553 1.02442 0.0122826
v 0.343006 1.0177 0.0417843
v 0.325843 1.02393 0.0231993
v 0.346521 1.0162 0.049258
v 0.323645 1.02485 0.0152621
v 0.338358 1.02023 0.00792265
v 0.333809 1.02176 0.00805283
v 0.342482 1.0189 0.00797486
v 0.335809 1.02067 0.034009
v 0.346418 1.01766 0.00836277
v 0.355116 1.01284 0.0625405
v 0.348479 1.01594 0.0492413
v 0.33217 1.02218 0.0299518
v 0.324645 1.02486 0.0199285
v 0.350236 1.01546 0.0492225
v 0.324252 1.02532 0.0158923
v 0.329057 1.0236 0.0258005
v 0.329917 1.02374 0.00844693
v 0.328822 1.02414 0.00922537
v 0.332094 1.02334 0.00809407
v 0.327803 1.02471 0.0100446
v 0.325329 1.02538 0.0194292
v 0.34661 1.01772 0.0417917
v 0.324899 1.02574 0.0165184
v 0.342667 1.0201 0.00752878
v 0.346484 1.01881 0.00782394
v 0.327363 1.0251 0.0104814
v 0.327195 1.025 0.0218022
v 0.338738 1.02148 0.00757384
v 0.348474 1.01748 0.0417726
v 0.327177 1.02533 0.0107121
v 0.334466 1.02305 0.00780487
v 0.35018 1.01707 0.0417504
v 0.327026 1.02559 0.0109534
v 0.336692 1.02213 0.0305295
v 0.325577 1.02611 0.0171378
v 0.330089 1.02455 0.0242851
v 0.326917 1.02587 0.0112054
v 0.330685 1.02482 0.00830722
v 0.343447 1.02008 0.0344701
v 0.326857 1.02616 0.0114689
v 0.333589 1.02386 0.0266817
v 0.326277 1.02642 0.0177491
v 0.346551 1.02 0.00737858
v 0.326854 1.02646 0.011744
v 0.350144 1.01815 0.0380435
v 0.342855 1.02135 0.00717759
v 0.339124 1.02278 0.0073216
v 0.326901 1.02675 0.0120285
v 0.326993 1.0267 0.0183515
v 0.328579 1.02616 0.0205367
v 0.375868 1.00809 0.0625405
v 0.375771 1.00852 0.0559177
v 0.326941 1.0269 0.0121739
v 0.346744 1.01994 0.0344863
v 0.326992 1.02704 0.0123205
v 0.331149 1.02558 0.0228744
v 0.348474 1.01973 0.0344675
v 0.327121 1.02732 0.0126181
v 0.363017 1.01452 0.0414417
v 0.343705 1.0216 0.0310366
v 0.337643 1.02383 0.0272853
v 0.350113 1.01943 0.0344443
v 0.375503 1.00982 0.0485754
v 0.346623 1.02125 0.00702333
v 0.32728 1.02758 0.0129182
v 0.386757 1.00489 0.0625405
v 0.420057 0.991779 0.0581319
v 0.331751 1.02635 0.00822115
v 0.343046 1.02264 0.00692749
v 0.420054 0.99156 0.0625405
v 0.32794 1.02749 0.0178266
v 0.330835 1.02669 0.0090096
v 0.327463 1.02782 0.0132196
v 0.329984 1.02717 0.0098331
v 0.3337 1.02601 0.00788307
v 0.339514 1.02412 0.00717187
v 0.420068 0.992414 0.053705
v 0.327665 1.02804 0.0135202
v 0.398434 1.0011 0.0589573
v 0.329615 1.0275 0.010268
v 0.42009 0.992344 0.0584249
v 0.420086 0.992131 0.0625405
v 0.329994 1.0274 0.0194197
v 0.398392 1.00155 0.0552306
v 0.36283 1.0158 0.0377183
v 0.332236 1.02668 0.0215833
v 0.32788 1.02823 0.0138207
v 0.335799 1.02576 0.00760174
v 0.335097 1.02581 0.0237491
v 0.329334 1.02791 0.0107326
v 0.32869 1.02813 0.0174575
v 0.346684 1.02233 0.00680637
v 0.420099 0.992964 0.0542917
v 0.409278 0.997523 0.0547945
v 0.329242 1.02814 0.0109787
v 0.387051 1.00672 0.0480862
v 0.420085 0.993438 0.0492732
v 0.350091 1.02095 0.0310194
v 0.32834 1.0286 0.0144203
v 0.329193 1.02839 0.0112343
v 0.383384 1.00938 0.0165837
v 0.343986 1.02336 0.0278418
v 0.343242 1.02399 0.00678468
v 0.375096 1.012 0.040972
v 0.32919 1.02864 0.0114994
v 0.330712 1.02806 0.0189223
v 0.32883 1.02892 0.0150163
v 0.329229 1.02888 0.0117729
v 0.339908 1.02551 0.00713038
v 0.329263 1.02901 0.0119119
v 0.398233 1.00331 0.0475023
v 0.329549 1.02888 0.0170853
v 0.338658 1.02579 0.0243628
v 0.362627 1.0173 0.0341044
v 0.329306 1.02913 0.0120525
v 0.335882 1.0269 0.0224409
v 0.329344 1.0292 0.0156066
v 0.333348 1.02788 0.0204268
v 0.420107 0.99482 0.0448499
v 0.331437 1.02875 0.0184684
v 0.346772 1.02388 0.00663352
v 0.409222 0.99956 0.0468211
v 0.33329 1.02866 0.00832462
v 0.420135 0.995316 0.0460339
v 0.350082 1.02273 0.0278356
v 0.383288 1.01107 0.0145979
v 0.34344 1.02538 0.00675488
v 0.386685 1.0092 0.0403781
v 0.333912 1.02851 0.0199037
v 0.339188 1.02689 0.0230496
v 0.330637 1.02987 0.0166945
v 0.332169 1.02946 0.0180602
v 0.333613 1.02915 0.00838137
v 0.344291 1.02539 0.0249546
v 0.332878 1.02942 0.00916338
v 0.336685 1.02808 0.0212555
v 0.346835 1.02498 0.00660372
v 0.332195 1.0298 0.00997448
v 0.331899 1.03006 0.0103991
v 0.334483 1.02917 0.0194197
v 0.374583 1.01508 0.033566
v 0.331673 1.03039 0.0108476
v 0.337156 1.02866 0.00782299
v 0.33129 1.03048 0.0165033
v 0.3316 1.03058 0.0110829
v 0.397992 1.00614 0.0396688
v 0.332907 1.0302 0.0176997
v 0.343643 1.02683 0.00684452
v 0.33156 1.03077 0.0113261
v 0.339731 1.02807 0.0218496
v 0.383194 1.01287 0.012785
v 0.344453 1.02653 0.0236478
v 0.331557 1.03097 0.0115769
v 0.335058 1.02985 0.0189764
v 0.331589 1.03117 0.0118341
v 0.350089 1.02481 0.0249596
v 0.331616 1.03127 0.011965
v 0.33165 1.03137 0.0120969
v 0.34071 1.02845 0.00739503
v 0.337507 1.02935 0.020205
v 0.33217 1.03133 0.0162983
v 0.331736 1.03155 0.012363
v 0.36219 1.021 0.0274651
v 0.409137 1.00277 0.0388427
v 0.33365 1.03097 0.0173893
v 0.346934 1.02672 0.00670433
v 0.331843 1.03173 0.0126309
v 0.420168 0.998545 0.036083
v 0.335639 1.03056 0.0185764
v 0.331966 1.03189 0.0128996
v 0.374296 1.01696 0.030081
v 0.344621 1.02775 0.022444
v 0.332102 1.03203 0.0131681
v 0.386221 1.01263 0.0328734
v 0.350099 1.02597 0.023658
v 0.343848 1.02833 0.00705934
v 0.340287 1.02934 0.0207736
v 0.332246 1.03216 0.0134361
v 0.420192 0.998971 0.0378916
v 0.332554 1.03241 0.0139711
v 0.334399 1.03177 0.0171311
v 0.383102 1.01479 0.0111888
v 0.346995 1.02779 0.00685239
v 0.336224 1.0313 0.0182209
v 0.333235 1.03239 0.0161323
v 0.338344 1.03072 0.0193026
v 0.332883 1.03262 0.0145035
v 0.335499 1.03215 0.00896382
v 0.333228 1.03281 0.0150318
v 0.334947 1.03234 0.00972104
v 0.334432 1.03262 0.0105009
v 0.350114 1.02722 0.0224585
v 0.344796 1.02905 0.0213518
v 0.361965 1.02327 0.0245843
v 0.335154 1.0326 0.016927
v 0.33404 1.03305 0.0113275
v 0.336814 1.03207 0.0179119
v 0.340856 1.03071 0.0198328
v 0.333948 1.03312 0.0160728
v 0.373996 1.0191 0.0268369
v 0.333984 1.03319 0.0115471
v 0.397687 1.00994 0.0320432
v 0.338533 1.03178 0.00851011
v 0.333954 1.03333 0.0117724
v 0.335887 1.03278 0.00913787
v 0.333952 1.03348 0.0120037
v 0.333976 1.03363 0.0122402
v 0.334022 1.03377 0.0124803
v 0.347093 1.02952 0.00721741
v 0.334086 1.03391 0.012723
v 0.383015 1.01684 0.00985312
v 0.339197 1.03219 0.0185609
v 0.34153 1.03162 0.00816083
v 0.337409 1.03286 0.0176513
v 0.350133 1.02856 0.0213695
v 0.334167 1.03404 0.0129673
v 0.361853 1.02452 0.0232866
v 0.335913 1.03346 0.0167794
v 0.344976 1.03045 0.0203795
v 0.334845 1.03407 0.016057
v 0.336451 1.03372 0.00942445
v 0.33599 1.03387 0.0101619
v 0.33556 1.0341 0.0109181
v 0.341437 1.03218 0.0190382
v 0.409032 1.00701 0.0310819
v 0.335232 1.03445 0.0117135
v 0.344272 1.03152 0.00788927
v 0.335186 1.03456 0.0119231
v 0.382973 1.01793 0.00929666
v 0.335161 1.03468 0.0121376
v 0.338007 1.03369 0.017441
v 0.335159 1.0348 0.012357
v 0.397517 1.01219 0.0284088
v 0.335178 1.03492 0.0125806
v 0.385691 1.01699 0.0260057
v 0.361742 1.02586 0.0220966
v 0.37369 1.02153 0.0239263
v 0.350158 1.02999 0.0203993
v 0.420246 1.00336 0.0275116
v 0.3472 1.0314 0.0077827
v 0.345164 1.03195 0.0195358
v 0.340064 1.03377 0.0179923
v 0.420266 1.00371 0.0299897
v 0.336032 1.03537 0.0161405
v 0.382932 1.01906 0.0088222
v 0.33861 1.03454 0.0172827
v 0.337038 1.03546 0.0107162
v 0.337408 1.03535 0.0100043
v 0.342029 1.03375 0.0184002
v 0.336693 1.03562 0.0114431
v 0.373536 1.02287 0.0226255
v 0.33643 1.03589 0.0122016
v 0.336393 1.03598 0.0123999
v 0.336372 1.03607 0.0126021
v 0.336371 1.03617 0.0128081
v 0.408974 1.00946 0.0273564
v 0.350188 1.03152 0.0195563
v 0.336654 1.03608 0.0162323
v 0.339931 1.03512 0.00970459
v 0.336386 1.03626 0.0130174
v 0.336417 1.03635 0.0132296
v 0.339216 1.03543 0.0171785
v 0.382893 1.02023 0.00843477
v 0.33646 1.03644 0.0134432
v 0.336513 1.03652 0.0136581
v 0.345358 1.03354 0.0188296
v 0.347297 1.0331 0.00843358
v 0.336574 1.03659 0.0138733
v 0.397341 1.01468 0.0250039
v 0.336642 1.03666 0.0140882
v 0.336714 1.03672 0.014303
v 0.342368 1.03502 0.00947356
v 0.385414 1.0196 0.0230451
v 0.336868 1.03683 0.0147319
v 0.340944 1.03548 0.0176096
v 0.373383 1.0243 0.0214434
v 0.337205 1.03701 0.0155852
v 0.361528 1.02881 0.020077
v 0.339826 1.03635 0.0171299
v 0.342631 1.03544 0.01793
v 0.337565 1.03714 0.016428
v 0.382856 1.02144 0.00813985
v 0.338369 1.03702 0.0106952
v 0.337831 1.03719 0.0120697
v 0.420308 1.00642 0.0261724
v 0.337632 1.03738 0.0127859
v 0.350223 1.03315 0.0188489
v 0.337589 1.03751 0.01316
v 0.337587 1.03757 0.0133514
v 0.337599 1.03764 0.0135453
v 0.338996 1.03725 0.0167954
v 0.345559 1.03525 0.0182693
v 0.373231 1.02583 0.0203917
v 0.340439 1.03731 0.017139
v 0.408917 1.01217 0.023854
v 0.382821 1.0227 0.00794339
v 0.338479 1.03823 0.0166938
v 0.361425 1.03043 0.0192666
v 0.341835 1.0373 0.0174258
v 0.397164 1.01749 0.0219798
v 0.339776 1.03828 0.0169578
v 0.343243 1.03724 0.0176387
v 0.350264 1.03489 0.0182855
v 0.338968 1.03873 0.0127299
v 0.339329 1.03864 0.0114181
v 0.338835 1.03884 0.0134046
v 0.338805 1.03891 0.0137525
v 0.385139 1.02257 0.0205598
v 0.338804 1.03895 0.0139294
v 0.338811 1.03899 0.0141082
v 0.338826 1.03903 0.0142879
v 0.341055 1.03829 0.0172048
v 0.338847 1.03907 0.0144687
v 0.338904 1.03913 0.0148315
v 0.364368 1.0306 0.00801253
v 0.338973 1.03918 0.0151942
v 0.40889 1.01364 0.0222449
v 0.339049 1.03922 0.0155566
v 0.382788 1.02401 0.00785041
v 0.373082 1.02745 0.0194821
v 0.42034 1.00909 0.0193727
v 0.345767 1.03706 0.0178638
v 0.339217 1.03928 0.0162792
v 0.339395 1.03932 0.0169971
v 0.420357 1.00938 0.0225739
v 0.361327 1.03216 0.0186014
v 0.340557 1.03932 0.017158
v 0.397078 1.01904 0.0206585
v 0.341673 1.03929 0.0173094
v 0.385004 1.0242 0.0195334
v 0.340099 1.04014 0.0133333
v 0.340187 1.04012 0.0126991
v 0.340281 1.04011 0.0120683
v 0.340032 1.04018 0.0139751
v 0.342736 1.03924 0.0174346
v 0.340017 1.04021 0.0143013
v 0.350312 1.03674 0.0178742
v 0.340019 1.04025 0.0146313
v 0.382758 1.02538 0.00786662
v 0.340065 1.0403 0.0152972
v 0.340099 1.04032 0.0156307
v 0.408866 1.01521 0.020762
v 0.340137 1.04034 0.0159643
v 0.340266 1.04032 0.0172806
v 0.34022 1.04036 0.0166302
v 0.343863 1.03916 0.0175259
v 0.340463 1.04037 0.0121765
v 0.372936 1.02919 0.0187266
v 0.401762 1.01864 0.0102682
v 0.420386 1.01099 0.0209267
v 0.396994 1.02068 0.0194898
v 0.361234 1.034 0.018091
v 0.372864 1.0301 0.0184102
v 0.38273 1.02679 0.00799751
v 0.341217 1.04131 0.0125406
v 0.341217 1.04131 0.0131655
v 0.341217 1.04131 0.0138404
v 0.341217 1.04131 0.0144155
v 0.341217 1.04131 0.0147281
v 0.341217 1.04131 0.0150404
v 0.341217 1.04131 0.015353
v 0.341217 1.04131 0.0156655
v 0.341217 1.04131 0.0159779
v 0.341217 1.04131 0.0162904
v 0.341217 1.04131 0.0169156
v 0.384873 1.02595 0.018671
v 0.341217 1.04131 0.0175404
v 0.401758 1.01977 0.00985265
v 0.408845 1.01687 0.0194292
v 0.342114 1.04126 0.0175404
v 0.342706 1.04123 0.0125406
v 0.364352 1.03396 0.00937247
v 0.350366 1.03871 0.0176237
v 0.420403 1.01242 0.0158522
v 0.342905 1.04122 0.0175404
v 0.372793 1.03104 0.0181365
v 0.344011 1.04115 0.0125406
v 0.420418 1.01269 0.0194187
v 0.384808 1.02687 0.0183063
v 0.344487 1.04113 0.0175404
v 0.396913 1.02244 0.0184929
v 0.345495 1.04107 0.0125406
v 0.401757 1.02094 0.00951862
v 0.382705 1.02827 0.00824857
v 0.361145 1.03596 0.0177448
v 0.372724 1.03201 0.0179074
v 0.347744 1.04094 0.0125406
v 0.384745 1.02782 0.017988
v 0.408828 1.01865 0.0182703
v 0.396875 1.02337 0.018065
v 0.420442 1.01425 0.0143337
v 0.372656 1.03301 0.017724
v 0.401757 1.02216 0.00927114
v 0.420456 1.0145 0.0180786
v 0.350426 1.04079 0.0175404
v 0.384682 1.02879 0.0177183
v 0.351243 1.04074 0.0175404
v 0.382682 1.0298 0.00862527
v 0.396837 1.02432 0.0176871
v 0.361062 1.03803 0.0175674
v 0.372589 1.03404 0.0175879
v 0.384621 1.0298 0.0174992
v 0.401759 1.02342 0.00911498
v 0.408816 1.02055 0.0173087
v 0.396801 1.02531 0.0173619
v 0.420486 1.0162 0.0130167
v 0.420498 1.01642 0.0169349
v 0.382663 1.03139 0.00913334
v 0.372524 1.0351 0.0175004
v 0.384561 1.03085 0.0173326
v 0.408812 1.02154 0.0169096
v 0.396766 1.02633 0.0170915
v 0.401764 1.02473 0.00905442
v 0.42051 1.01722 0.0124431
v 0.384503 1.03192 0.01722
v 0.408809 1.02258 0.0165687
v 0.396732 1.02739 0.0168786
v 0.382647 1.03304 0.00977778
v 0.420536 1.01828 0.0119309
v 0.401771 1.0261 0.00909472
v 0.420548 1.01848 0.016016
v 0.372398 1.03731 0.0174632
v 0.408808 1.02364 0.0162888
v 0.384447 1.03303 0.0171635
v 0.3967 1.02848 0.0167253
v 0.420564 1.01937 0.0114841
v 0.420575 1.01957 0.01565
v 0.401781 1.02751 0.00924015
v 0.408809 1.02474 0.0160735
v 0.384391 1.03418 0.0171649
v 0.39667 1.0296 0.0166342
v 0.420594 1.0205 0.0111065
v 0.420604 1.02069 0.0153508
v 0.372272 1.03955 0.0175404
v 0.408812 1.02589 0.0159252
v 0.396641 1.03077 0.0166078
v 0.401794 1.02897 0.0094955
v 0.420625 1.02168 0.0108016
v 0.420635 1.02184 0.0151222
v 0.408816 1.02707 0.0158472
v 0.396615 1.03197 0.0166481
v 0.420659 1.02289 0.0105734
v 0.401809 1.03049 0.00986552
v 0.420668 1.02304 0.0149677
v 0.408823 1.02829 0.0158422
v 0.39659 1.03321 0.0167577
v 0.382542 1.03896 0.0125406
v 0.420695 1.02414 0.0104256
v 0.420703 1.02428 0.0148907
v 0.401828 1.03207 0.010355
v 0.384176 1.03887 0.0175404
v 0.408832 1.02955 0.0159132
v 0.420733 1.02544 0.0103619
v 0.42074 1.02557 0.0148952
v 0.408843 1.03085 0.0160634
v 0.420774 1.02679 0.010386
v 0.42078 1.02689 0.0149841
v 0.408856 1.0322 0.0162959
v 0.420817 1.02818 0.0105019
v 0.420822 1.02826 0.0151617
v 0.39649 1.03817 0.0175404
v 0.420863 1.02962 0.0107129
v 0.420867 1.02969 0.0154309
v 0.401092 1.0379 0.0125406
v 0.420911 1.03111 0.0110233
v 0.420914 1.03115 0.0157959
v 0.421012 1.03415 0.0118666
v 0.421012 1.03416 0.0167422
v 0.421088 1.03677 0.0125406
v 0.421088 1.03677 0.0175404
v 0.296687 0.980781 0.59454
v 0.298281 0.980403 0.59454
v 0.295175 0.981416 0.59454
v 0.299916 0.98029 0.59454
v 0.293788 0.982288 0.59454
v 0.292562 0.983375 0.59454
v 0.29153 0.984648 0.59454
v 0.290719 0.986072 0.59454
v 0.290152 0.98761 0.59454
v 0.289844 0.989219 0.59454
v 0.289803 0.990858 0.59454
v 0.300683 0.991055 0.59454
v 0.300836 0.991011 0.59454
v 0.296513 0.992616 0.59454
v 0.296687 0.980781 0.614541
v 0.298281 0.980403 0.614541
v 0.295175 0.981416 0.614541
v 0.293974 0.994028 0.59454
v 0.309552 0.989325 0.59454
v 0.299916 0.98029 0.614541
v 0.293788 0.982288 0.614541
v 0.292493 0.995185 0.59454
v 0.292562 0.983375 0.614541
v 0.291692 0.996041 0.59454
v 0.29107 0.99695 0.59454
v 0.29153 0.984648 0.614541
v 0.290639 0.997842 0.59454
v 0.290719 0.986072 0.614541
v 0.29036 0.998764 0.59454
v 0.29028 0.999235 0.59454
v 0.290152 0.98761 0.614541
v 0.289844 0.989219 0.614541
v 0.334164 0.988208 0.59454
v 0.289803 0.990858 0.614541
v 0.300683 0.991055 0.614541
v 0.300836 0.991011 0.614541
v 0.296513 0.992616 0.614541
v 0.293974 0.994028 0.614541
v 0.309552 0.989325 0.614541
v 0.292493 0.995185 0.614541
v 0.291692 0.996041 0.614541
v 0.29107 0.99695 0.614541
v 0.290639 0.997842 0.614541
v 0.29036 0.998764 0.614541
v 0.29028 0.999235 0.614541
v 0.334164 0.988208 0.614541
v 0.41519 0.981782 0.59454
v 0.415972 0.981854 0.59454
v 0.416733 0.982047 0.59454
v 0.417455 0.982358 0.59454
v 0.418119 0.982777 0.59454
v 0.399891 0.9906 0.59454
v 0.418709 0.983296 0.59454
v 0.419211 0.9839 0.59454
v 0.419612 0.984576 0.59454
v 0.419902 0.985306 0.59454
v 0.420074 0.986072 0.59454
v 0.420124 0.986856 0.59454
v 0.420054 0.99156 0.59454
v 0.41519 0.981782 0.614541
v 0.415972 0.981854 0.614541
v 0.416733 0.982047 0.614541
v 0.417455 0.982358 0.614541
v 0.418119 0.982777 0.614541
v 0.399891 0.9906 0.614541
v 0.418709 0.983296 0.614541
v 0.419211 0.9839 0.614541
v 0.419612 0.984576 0.614541
v 0.419902 0.985306 0.614541
v 0.420074 0.986072 0.614541
v 0.420124 0.986856 0.614541
v 0.420054 0.99156 0.614541
v 0.300676 0.985983 0.822541
v 0.296438 0.98736 0.822541
v 0.292885 0.989057 0.822541
v 0.308566 0.984475 0.822541
v 0.290424 0.990694 0.822541
v 0.288892 0.992073 0.822541
v 0.287666 0.993564 0.822541
v 0.286721 0.995167 0.822541
v 0.300683 0.991055 0.822541
v 0.300836 0.991011 0.822541
v 0.325269 0.983345 0.822541
v 0.296513 0.992616 0.822541
v 0.15937 0.941837 0.915418
v 0.159316 0.94514 0.912286
v 0.286263 0.996237 0.822541
v 0.159428 0.938771 0.918865
v 0.293974 0.994028 0.822541
v 0.309552 0.989325 0.822541
v 0.292493 0.995185 0.822541
v 0.159487 0.935962 0.922554
v 0.159268 0.948653 0.909545
v 0.291692 0.996041 0.822541
v 0.28581 0.99784 0.822541
v 0.159545 0.93343 0.926423
v 0.29107 0.99695 0.822541
v 0.159228 0.952326 0.907257
v 0.0946115 0.945978 0.92329
v 0.0946606 0.943448 0.925908
v 0.290639 0.997842 0.822541
v 0.0945655 0.948683 0.920931
v 0.0947111 0.941119 0.928734
v 0.285607 0.999634 0.822541
v 0.159601 0.931198 0.930417
v 0.29036 0.998764 0.822541
v 0.0945244 0.951532 0.91888
v 0.0947608 0.939016 0.931719
v 0.224446 0.938639 0.909804
v 0.159198 0.9561 0.905477
v 0.224411 0.94228 0.906211
v 0.290247 0.999604 0.822541
v 0.224483 0.935315 0.913745
v 0.285699 1.00132 0.822541
v 0.094808 0.937164 0.934819
v 0.0944901 0.954482 0.917183
v 0.224379 0.946223 0.903052
v 0.29027 1.0005 0.822541
v 0.224521 0.93231 0.917954
v 0.159651 0.929289 0.934485
v 0.290457 1.00153 0.822541
v 0.0948508 0.935588 0.937991
v 0.286038 1.00298 0.822541
v 0.224353 0.950424 0.900399
v 0.15918 0.959912 0.904251
v 0.0944644 0.957485 0.915876
v 0.0624139 0.946328 0.93018
v 0.334164 0.988208 0.822541
v 0.0623835 0.948467 0.928107
v 0.224559 0.92963 0.922367
v 0.062355 0.950757 0.926254
v 0.290916 1.00281 0.822541
v 0.159694 0.927734 0.938578
v 0.286477 1.00428 0.822541
v 0.0623295 0.95317 0.924656
v 0.0948873 0.934314 0.941192
v 0.0944493 0.960491 0.91499
v 0.224334 0.954824 0.89831
v 0.224595 0.927282 0.926931
v 0.0623083 0.955672 0.923342
v 0.291619 1.00408 0.822541
v 0.355392 0.983638 0.822541
v 0.159176 0.963707 0.903607
v 0.287381 1.00613 0.822541
v 0.0949156 0.933367 0.944379
v 0.159727 0.926567 0.942651
v 0.0622925 0.958225 0.922335
v 0.292563 1.0053 0.822541
v 0.0944463 0.963459 0.914546
v 0.224627 0.925282 0.9316
v 0.224322 0.959353 0.896831
v 0.28862 1.00794 0.822541
v 0.293972 1.00664 0.822541
v 0.0622832 0.96079 0.921654
v 0.0302737 0.949614 0.934967
v 0.0949341 0.932775 0.94751
v 0.0302737 0.948112 0.936569
v 0.0302737 0.951269 0.933528
v 0.0302737 0.947399 0.937457
v 0.0302737 0.952381 0.932711
v 0.159182 0.967627 0.903505
v 0.0302737 0.946488 0.93875
v 0.0302737 0.953057 0.932266
v 0.159749 0.925828 0.946655
v 0.0302737 0.945467 0.940493
v 0.0944507 0.966509 0.914513
v 0.0302737 0.954957 0.931194
v 0.290171 1.00961 0.822541
v 0.224655 0.923652 0.936334
v 0.0302737 0.955473 0.930945
v 0.0302737 0.944686 0.942148
v 0.289733 0.937555 0.904871
v 0.296606 1.00857 0.822541
v 0.114699 0.930101 0.95054
v 0.289733 0.939923 0.902608
v 0.0302737 0.956946 0.930324
v 0.0949407 0.932571 0.95054
v 0.22432 0.963951 0.895987
v 0.0302737 0.944062 0.94382
v 0.289733 0.932608 0.910732
v 0.289733 0.943212 0.899937
v 0.289733 0.944145 0.899268
v 0.289733 0.944697 0.898889
v 0.0191588 0.951992 0.936881
v 0.0191588 0.9504 0.938546
v 0.152038 0.926243 0.95054
v 0.0302737 0.958803 0.929714
v 0.0706531 0.936047 0.95054
v 0.0191588 0.953782 0.935422
v 0.0191588 0.949023 0.940399
v 0.289733 0.92983 0.91486
v 0.0944602 0.969655 0.914858
v 0.0302737 0.943413 0.946288
v 0.0191588 0.95574 0.934196
v 0.159193 0.971683 0.9039
v 0.2933 1.01211 0.822541
v 0.0191588 0.947886 0.94241
v 0.224677 0.922425 0.941096
v 0.300329 1.01051 0.822541
v 0.0302737 0.961095 0.929207
v 0.0302737 0.943229 0.947342
v 0.0949341 0.932775 0.953571
v 0.289733 0.949508 0.896056
v 0.0191588 0.957837 0.933221
v 0.0140449 0.95322 0.93821
v 0.0140449 0.951783 0.939713
v 0.0191588 0.947006 0.944549
v 0.289733 0.927042 0.919837
v 0.0140449 0.954836 0.936893
v 0.0302737 0.943096 0.948412
v 0.0140449 0.95054 0.941386
v 0.0302737 0.962278 0.929045
v 0.0140449 0.956603 0.935786
v 0.224323 0.968683 0.895748
v 0.0140449 0.949513 0.943201
v 0.0191588 0.960035 0.932515
v 0.0302737 0.963207 0.928965
v 0.0191588 0.9464 0.946777
v 0.0140449 0.958496 0.934906
v 0.289733 0.953632 0.89422
v 0.296945 1.01425 0.822541
v 0.0140449 0.948719 0.945132
v 0.159749 0.925828 0.954426
v 0.0944742 0.972856 0.915559
v 0.0302737 0.942991 0.95054
v 0.289733 0.924962 0.924317
v 0.224691 0.921642 0.945845
v 0.00946295 0.95469 0.939801
v 0.00946295 0.953439 0.94111
v 0.289733 0.955233 0.893637
v 0.0191588 0.962306 0.932086
v 0.00946295 0.956097 0.938654
v 0.201903 0.922559 0.95054
v 0.0949156 0.933367 0.956702
v 0.00946295 0.952356 0.942568
v 0.0140449 0.96048 0.934269
v 0.0302737 0.965317 0.92893
v 0.0249615 0.944354 0.95054
v 0.0191588 0.946073 0.949065
v 0.159209 0.975821 0.904759
v 0.0140449 0.948172 0.947143
v 0.00946295 0.957637 0.93769
v 0.306839 1.0128 0.822541
v 0.00946295 0.951462 0.944149
v 0.289733 0.956688 0.893165
v 0.289733 0.923544 0.927925
v 0.0302737 0.943096 0.952669
v 0.00742686 0.955541 0.940723
v 0.00742686 0.954397 0.941919
v 0.00946295 0.959285 0.936924
v 0.00742686 0.956828 0.939674
v 0.00946295 0.950771 0.94583
v 0.00742686 0.953408 0.943252
v 0.0140449 0.962531 0.933882
v 0.0191588 0.964613 0.931943
v 0.00742686 0.958235 0.938793
v 0.0140449 0.947877 0.949209
v 0.00742686 0.952591 0.944697
v 0.289733 0.958811 0.892569
v 0.0302737 0.967408 0.9291
v 0.0302737 0.943226 0.95372
v 0.289733 0.922872 0.929859
v 0.00946295 0.961014 0.936369
v 0.22433 0.973531 0.896074
v 0.00946295 0.950294 0.947581
v 0.00742686 0.959742 0.938092
v 0.220774 0.92155 0.95054
v 0.00742686 0.951958 0.946234
v 0.0191588 0.946073 0.952016
v 0.00559044 0.956484 0.941742
v 0.0944918 0.976074 0.916586
v 0.00559044 0.955459 0.942815
v 0.00559044 0.957637 0.940803
v 0.0137832 0.947931 0.95054
v 0.00559044 0.954572 0.944009
v 0.303378 1.01683 0.822541
v 0.0140449 0.964613 0.933752
v 0.0302737 0.943413 0.954793
v 0.159727 0.926567 0.95843
v 0.289733 0.960619 0.892147
v 0.00559044 0.958898 0.940013
v 0.0302737 0.968836 0.929335
v 0.00946295 0.962799 0.936032
v 0.0125527 0.948455 0.95054
v 0.00742686 0.961322 0.937585
v 0.0948873 0.934314 0.959889
v 0.00559044 0.953839 0.945304
v 0.00742686 0.951522 0.947835
v 0.0191588 0.966857 0.932078
v 0.00946295 0.950037 0.949381
v 0.00559044 0.960248 0.939385
v 0.0140449 0.947877 0.951872
v 0.00559044 0.953273 0.946681
v 0.0302737 0.969865 0.929567
v 0.00742686 0.962955 0.937277
v 0.00397563 0.957527 0.942872
v 0.00397563 0.956634 0.943806
v 0.00946295 0.949991 0.95054
v 0.00397563 0.958532 0.942053
v 0.289733 0.921513 0.934442
v 0.00559044 0.961664 0.938931
v 0.00397563 0.95586 0.944847
v 0.00946295 0.964613 0.935919
v 0.00742686 0.951288 0.94948
v 0.159229 0.97999 0.906038
v 0.0140449 0.966639 0.933875
v 0.0191588 0.9464 0.954305
v 0.00559044 0.952882 0.948116
v 0.317025 1.01483 0.822541
v 0.00397563 0.959631 0.941364
v 0.00397563 0.955222 0.945976
v 0.3997 0.985591 0.822541
v 0.289733 0.963911 0.891564
v 0.00769293 0.951067 0.95054
v 0.00397563 0.960809 0.940817
v 0.0302737 0.944043 0.957203
v 0.00946295 0.950037 0.9517
v 0.00397563 0.954728 0.947177
v 0.00559044 0.963127 0.938654
v 0.00742686 0.964613 0.937173
v 0.0191588 0.969131 0.9325
v 0.0140449 0.948172 0.953938
v 0.00559044 0.952672 0.94959
v 0.00671721 0.951747 0.95054
v 0.0302737 0.971465 0.930033
v 0.00397563 0.962043 0.940421
v 0.00946295 0.966377 0.936026
v 0.00397563 0.954388 0.948427
v 0.00260484 0.958682 0.944121
v 0.0945125 0.979273 0.917914
v 0.00260484 0.957933 0.944904
v 0.00742686 0.951288 0.951601
v 0.00260484 0.959523 0.943435
v 0.00260484 0.957286 0.945775
v 0.00559044 0.952634 0.95054
v 0.0140449 0.968691 0.934255
v 0.00559044 0.964613 0.938562
v 0.00260484 0.960443 0.942859
v 0.289733 0.965946 0.891319
v 0.00260484 0.956752 0.94672
v 0.0302737 0.972249 0.930312
v 0.0948508 0.935588 0.96309
v 0.00397563 0.963318 0.94018
v 0.00742686 0.966226 0.937271
v 0.224341 0.978432 0.896926
v 0.0191588 0.947006 0.956532
v 0.00946295 0.950294 0.9535
v 0.224691 0.921642 0.955236
v 0.00260484 0.961428 0.942401
v 0.00397563 0.954205 0.949712
v 0.159694 0.927734 0.962502
v 0.00260484 0.956339 0.947725
v 0.0302737 0.944686 0.958933
v 0.00559044 0.952672 0.951491
v 0.405316 0.986012 0.822541
v 0.289733 0.920427 0.939282
v 0.00426662 0.953865 0.95054
v 0.00260484 0.962461 0.942069
v 0.0140449 0.948719 0.955949
v 0.00742686 0.951522 0.953246
v 0.00946295 0.968165 0.936357
v 0.00260484 0.956054 0.948772
v 0.00397563 0.964613 0.940099
v 0.00559044 0.966058 0.938649
v 0.314134 1.01938 0.822541
v 0.0191588 0.971332 0.933199
v 0.00150001 0.959957 0.945502
v 0.00260484 0.963529 0.941868
v 0.00150001 0.95937 0.946116
v 0.00397563 0.954205 0.951369
v 0.00150001 0.960618 0.944964
v 0.00150001 0.958862 0.9468
v 0.00742686 0.96786 0.937574
v 0.00260484 0.9559 0.949847
v 0.00559044 0.952882 0.952965
v 0.00150001 0.96134 0.944511
v 0.0140449 0.970679 0.934886
v 0.00150001 0.958443 0.947542
v 0.00946295 0.950771 0.955251
v 0.00397563 0.965873 0.940176
v 0.00150001 0.962113 0.944152
v 0.002648 0.955811 0.95054
v 0.289733 0.920017 0.941718
v 0.0302737 0.945424 0.960504
v 0.00150001 0.958118 0.94833
v 0.00260484 0.964613 0.941801
v 0.00244343 0.95611 0.95054
v 0.00559044 0.967523 0.938921
v 0.399891 0.9906 0.822541
v 0.159253 0.984148 0.9077
v 0.0191588 0.947886 0.958671
v 0.00742686 0.951958 0.954847
v 0.00150001 0.962924 0.943892
v 0.289733 0.96969 0.891085
v 0.00397563 0.954388 0.952654
v 0.00150001 0.957895 0.949152
v 0.00946295 0.969896 0.936907
v 0.00260484 0.9559 0.951234
v 0.0140449 0.949513 0.957879
v 0.00150001 0.963762 0.943733
v 0.334426 1.01541 0.822541
v 0.0945354 0.982412 0.919538
v 0.00260484 0.965667 0.941864
v 0.00559044 0.953273 0.9544
v 0.00397563 0.967149 0.940412
v 0.00150001 0.957774 0.949996
v 0.00742686 0.969442 0.938076
v 0.0191588 0.97343 0.934165
v 0.0302737 0.975465 0.93184
v 0.00150001 0.957753 0.95054
v 0.094808 0.937164 0.966262
v 0.00260484 0.956054 0.952309
v 0.00150001 0.964613 0.94368
v 0.000683308 0.961364 0.947025
v 0.00946295 0.951462 0.956932
v 0.000683308 0.960955 0.947453
v 0.000683308 0.961825 0.946649
v 0.00559044 0.968941 0.939371
v 0.000683308 0.9606 0.94793
v 0.0013516 0.958066 0.95054
v 0.00397563 0.954728 0.953904
v 0.000683308 0.962329 0.946334
v 0.0140449 0.972572 0.935759
v 0.000683308 0.960308 0.948448
v 0.00150001 0.957774 0.951085
v 0.00260484 0.966736 0.942062
v 0.00742686 0.952591 0.956384
v 0.000683308 0.962869 0.946083
v 0.000683308 0.960081 0.948998
v 0.289733 0.971901 0.891073
v 0.413807 0.987362 0.822541
v 0.00150001 0.965441 0.943731
v 0.289733 0.919604 0.945079
v 0.0302737 0.946488 0.962331
v 0.00397563 0.968385 0.940805
v 0.224677 0.922425 0.959985
v 0.000683308 0.963435 0.945901
v 0.000683308 0.959925 0.949572
v 0.00946295 0.971545 0.937666
v 0.00559044 0.953839 0.955777
v 0.159651 0.929289 0.966596
v 0.00260484 0.956339 0.953356
v 0.00150001 0.957895 0.951929
v 0.000683308 0.964019 0.945791
v 0.0191588 0.949023 0.960682
v 0.00742686 0.97095 0.938771
v 0.000683308 0.959841 0.950161
v 0.224354 0.983337 0.898253
v 0.00150001 0.966279 0.943886
v 0.00260484 0.967771 0.942391
v 0.00397563 0.955222 0.955105
v 0.0140449 0.95054 0.959695
v 0.000683308 0.959826 0.95054
v 0.000683308 0.964613 0.945754
v 0.00559044 0.970292 0.939994
v 0.00057435 0.9602 0.95054
v 0.000683308 0.959841 0.95092
v 0.0302737 0.976989 0.932811
v 0.00150001 0.958118 0.952751
v 0.00946295 0.952356 0.958513
v 0.328801 1.02049 0.822541
v 0.000683308 0.96519 0.945789
v 0.00260484 0.956752 0.954361
v 0.00397563 0.969563 0.941347
v 0.00742686 0.953408 0.957829
v 0.278356 0.919562 0.95054
v 0.00150001 0.967091 0.944144
v 0.0191588 0.975394 0.935386
v 0.0302737 0.94733 0.963532
v 0.000683308 0.959925 0.951509
v 0.362164 0.935336 0.906042
v 0.362163 0.939661 0.901569
v 0.00559044 0.954572 0.957072
v 0.000177145 0.962913 0.9487
v 0.000177145 0.962698 0.948925
v 0.0140449 0.974345 0.936861
v 0.000177145 0.963154 0.948504
v 0.000177145 0.962513 0.949175
v 0.000683308 0.965775 0.945897
v 0.00260484 0.968756 0.942845
v 0.000177145 0.963418 0.948339
v 0.000177145 0.96236 0.949445
v 0.000177145 0.9637 0.948208
v 0.417329 0.988475 0.822541
v 0.00150001 0.958443 0.953539
v 0.000177145 0.962241 0.949733
v 0.00946295 0.973089 0.938626
v 0.00397563 0.95586 0.956234
v 0.000177145 0.963996 0.948112
v 0.000683308 0.960081 0.952083
v 0.000177145 0.96216 0.950033
v 0.00742686 0.972362 0.939649
v 0.355116 1.01284 0.822541
v 0.000177145 0.964302 0.948055
v 0.000177145 0.962116 0.950342
v 0.00150001 0.967865 0.9445
v 0.362165 0.931537 0.911001
v 0.000683308 0.966342 0.946077
v 0.000191688 0.962008 0.95054
v 0.00260484 0.957286 0.955306
v 0.00559044 0.971557 0.94078
v 0.0945598 0.985439 0.92146
v 0.362162 0.944485 0.897731
v 0.000177145 0.964613 0.948035
v 0.289733 0.975235 0.891226
v 0.000177145 0.962116 0.950739
v 0.15928 0.988236 0.909749
v 0.00397563 0.970665 0.942033
v 0.000683308 0.960308 0.952633
v 0.000177145 0.964915 0.948054
v 0.00150001 0.958862 0.954281
v 0.0191588 0.9504 0.962535
v 0.0302737 0.948112 0.964512
v 0.000177145 0.96216 0.951047
v 0.0302737 0.978394 0.93388
v 0.0140449 0.951783 0.961368
v 0.00260484 0.969679 0.943419
v 0.0947608 0.939016 0.969362
v 0.000683308 0.966882 0.946326
v 0.000177145 0.965221 0.948111
v 0.00946295 0.953439 0.959971
v 0.00742686 0.954397 0.959162
v 0.419057 0.989335 0.822541
v 0.000177145 0.962241 0.951347
v 0.00150001 0.968589 0.944951
v 0.00559044 0.955459 0.958266
v 0.000683308 0.9606 0.953151
v 0.000177145 0.965518 0.948205
v 0.00397563 0.956634 0.957275
v 0.000177145 0.96236 0.951635
v 0.00260484 0.957933 0.956177
v 0.000683308 0.967388 0.94664
v 0.000177145 0.9658 0.948335
v 0.00150001 0.95937 0.954965
v 0.362166 0.92825 0.916307
v 0.000177145 0.962513 0.951906
v 0.289733 0.919339 0.95054
v 0.289733 0.976833 0.89137
v 0.000683308 0.960955 0.953628
v 0.0140449 0.975965 0.938172
v 0.00946295 0.9745 0.939768
v 0.0191588 0.977189 0.936839
v 0.000177145 0.966065 0.948499
v 0.00742686 0.973652 0.940693
v 0.00559044 0.972713 0.941716
v 0.00397563 0.971673 0.942848
v 0.420017 0.990024 0.822541
v 0.00260484 0.970523 0.944102
v 0.0302737 0.979233 0.934611
v 0.000177145 0.962698 0.952156
v 0.00150001 0.969252 0.945486
v 0.362161 0.949713 0.894622
v 0.000683308 0.967849 0.947014
v 0.000177145 0.966307 0.948695
v 3.45707e-06 0.964613 0.95054
v 0.000177145 0.962913 0.95238
v 0.224655 0.923652 0.964747
v 0.000683308 0.961364 0.954056
v 0.000177145 0.966522 0.948919
v 0.00150001 0.959957 0.955579
v 0.420598 0.990604 0.822541
v 0.159601 0.931198 0.970664
v 0.00260484 0.958682 0.95696
v 0.0302737 0.949324 0.965829
v 0.00397563 0.957527 0.958209
v 0.000177145 0.963154 0.952577
v 0.000683308 0.968261 0.947442
v 0.00559044 0.956484 0.959338
v 0.00742686 0.955541 0.960358
v 0.000177145 0.966708 0.949168
v 0.00946295 0.95469 0.96128
v 0.00150001 0.969841 0.9461
v 0.000177145 0.963418 0.952742
v 0.0140449 0.95322 0.962871
v 0.386757 1.00489 0.822541
v 0.000683308 0.961825 0.954432
v 0.420959 0.991106 0.822541
v 0.00260484 0.971274 0.944883
v 0.420054 0.99156 0.822541
v 0.000177145 0.966862 0.949439
v 0.0191588 0.951992 0.9642
v 0.00397563 0.972571 0.943781
v 0.0302737 0.980125 0.935478
v 0.000177145 0.9637 0.952873
v 0.349368 1.01885 0.822541
v 0.000683308 0.968617 0.947918
v 0.224369 0.988199 0.900015
v 0.00150001 0.960618 0.956117
v 0.000177145 0.966982 0.949726
v 0.00559044 0.973743 0.942786
v 0.421187 0.991559 0.822541
v 0.420086 0.992131 0.822541
v 0.000177145 0.963996 0.952968
v 0.00742686 0.974801 0.941887
v 0.362166 0.925461 0.921852
v 0.000683308 0.962329 0.954747
v 0.000177145 0.967064 0.950026
v 0.00260484 0.959523 0.957645
v 0.00946295 0.975757 0.941075
v 0.00150001 0.970352 0.946783
v 0.000177145 0.964302 0.953026
v 0.421334 0.992026 0.822541
v 0.000683308 0.968911 0.948435
v 0.000177145 0.967109 0.950334
v 0.0140449 0.977409 0.939673
v 0.00397563 0.958532 0.959028
v 0.000177145 0.964613 0.953045
v 0.000177145 0.967118 0.95054
v 0.0945853 0.988289 0.923684
v 0.000180721 0.967142 0.95054
v 0.00260484 0.971925 0.945753
v 0.000683308 0.962869 0.954998
v 0.0191588 0.978788 0.938501
v 0.00150001 0.96134 0.956569
v 0.000177145 0.967109 0.950747
v 0.00559044 0.957637 0.960278
v 0.421403 0.992526 0.822541
v 0.000177145 0.964915 0.953027
v 0.362161 0.955144 0.89231
v 0.000177145 0.967064 0.951055
v 0.000683308 0.96914 0.948984
v 0.000177145 0.965221 0.952971
v 0.00742686 0.956828 0.961407
v 0.0302737 0.980946 0.936373
v 0.00397563 0.973348 0.944821
v 0.000177145 0.966982 0.951355
v 0.0947111 0.941119 0.972347
v 0.000177145 0.965518 0.952876
v 0.00150001 0.970773 0.947523
v 0.421386 0.993051 0.822541
v 0.000177145 0.966862 0.951642
v 0.00946295 0.956097 0.962427
v 0.000177145 0.9658 0.952746
v 0.000683308 0.963435 0.95518
v 0.00260484 0.960443 0.958221
v 0.000177145 0.966708 0.951913
v 0.000177145 0.966065 0.952582
v 0.000177145 0.966522 0.952162
v 0.000177145 0.966307 0.952386
v 0.00559044 0.974634 0.943979
v 0.000683308 0.969298 0.949558
v 0.421279 0.993597 0.822541
v 0.00150001 0.962113 0.956929
v 0.289733 0.980799 0.891919
v 0.300676 0.985983 0.882541
v 0.0140449 0.954836 0.964188
v 0.296438 0.98736 0.882541
v 0.30252 0.985544 0.882541
v 0.00742686 0.975796 0.943218
v 0.000683308 0.964019 0.95529
v 0.159308 0.992178 0.912207
v 0.00260484 0.972462 0.946696
v 0.00397563 0.959631 0.959717
v 0.0302737 0.951269 0.967553
v 0.0624139 0.946328 0.970901
v 0.0302737 0.981489 0.937024
v 0.00150001 0.9711 0.94831
v 0.42105 0.994225 0.822541
v 0.000683308 0.969383 0.950145
v 0.0191588 0.953782 0.965659
v 0.00946295 0.976846 0.942531
v 0.292885 0.989057 0.882541
v 0.000683308 0.964613 0.955327
v 0.00559044 0.958898 0.961068
v 0.308566 0.984475 0.882541
v 0.00260484 0.961428 0.95868
v 0.00150001 0.962924 0.957189
v 0.420637 0.994974 0.822541
v 0.00397563 0.973989 0.945948
v 0.000726104 0.969537 0.95054
v 0.289733 0.91961 0.956002
v 0.362167 0.923158 0.927547
v 0.000683308 0.969383 0.950935
v 0.0140449 0.978658 0.941344
v 0.000683308 0.96519 0.955292
v 0.00742686 0.958235 0.962288
v 0.00150001 0.971327 0.949132
v 0.0302737 0.952053 0.96814
v 0.00260484 0.972878 0.947699
v 0.290424 0.990694 0.882541
v 0.00559044 0.97537 0.945271
v 0.000683308 0.969298 0.951523
v 0.419761 0.996079 0.822541
v 0.000683308 0.965775 0.955184
v 0.00397563 0.960809 0.960264
v 0.00946295 0.957637 0.963391
v 0.00150001 0.963762 0.957348
v 0.0191588 0.980172 0.940353
v 0.000683308 0.96914 0.952097
v 0.382597 1.01137 0.822541
v 0.000683308 0.966342 0.955004
v 0.00260484 0.962461 0.959011
v 0.00150001 0.971449 0.949974
v 0.00742686 0.976617 0.94466
v 0.418378 0.997349 0.822541
v 0.000683308 0.968911 0.952646
v 0.000683308 0.966882 0.954755
v 0.224627 0.925282 0.969481
v 0.288892 0.992073 0.882541
v 0.159545 0.93343 0.974658
v 0.00397563 0.974487 0.947146
v 0.000683308 0.968617 0.953163
v 0.000683308 0.967388 0.954441
v 0.000683308 0.968261 0.953639
v 0.317053 0.983646 0.882541
v 0.00559044 0.960248 0.961696
v 0.000683308 0.967849 0.954067
v 0.288603 0.992385 0.882541
v 0.0140449 0.956603 0.965295
v 0.00150001 0.964613 0.957401
v 0.00260484 0.973166 0.948746
v 0.00150001 0.971473 0.95054
v 0.36216 0.960592 0.890778
v 0.00946295 0.977744 0.944108
v 0.415918 0.999038 0.822541
v 0.0302737 0.982701 0.938695
v 0.0302737 0.953057 0.968815
v 0.00166571 0.971801 0.95054
v 0.00150001 0.971449 0.951106
v 0.00397563 0.962043 0.96066
v 0.00260484 0.963529 0.959213
v 0.00742686 0.959742 0.962989
v 0.410203 1.00184 0.822541
v 0.00150001 0.965441 0.95735
v 0.00559044 0.975941 0.946647
v 0.0946109 0.990878 0.92621
v 0.0191588 0.95574 0.966885
v 0.287666 0.993564 0.882541
v 0.287448 0.993886 0.882541
v 0.00260484 0.973323 0.949819
v 0.0140449 0.979689 0.943155
v 0.0302737 0.983062 0.939266
v 0.00150001 0.971327 0.951949
v 0.00397563 0.974831 0.948397
v 0.00946295 0.959285 0.964157
v 0.00150001 0.966279 0.957195
v 0.0946606 0.943448 0.975173
v 0.0623835 0.948467 0.972974
v 0.224386 0.992956 0.902233
v 0.00742686 0.977254 0.946195
v 0.00559044 0.961664 0.96215
v 0.00260484 0.964613 0.95928
v 0.00150001 0.9711 0.952771
v 0.00260484 0.973353 0.95054
v 0.00150001 0.967091 0.956937
v 0.00397563 0.963318 0.960901
v 0.0191588 0.981315 0.942359
v 0.286721 0.995167 0.882541
v 0.325269 0.983345 0.882541
v 0.289733 0.920085 0.959771
v 0.00150001 0.970773 0.953558
v 0.00150001 0.967865 0.956581
v 0.00297654 0.973864 0.95054
v 0.00946295 0.97844 0.945787
v 0.00559044 0.976336 0.948081
v 0.286525 0.995588 0.882541
v 0.00260484 0.973323 0.951262
v 0.00150001 0.970352 0.954298
v 0.00150001 0.968589 0.95613
v 0.0140449 0.958496 0.966175
v 0.00742686 0.961322 0.963496
v 0.00397563 0.975018 0.949679
v 0.00150001 0.969841 0.954981
v 0.00150001 0.969252 0.955594
v 0.00260484 0.965667 0.959216
v 0.0302737 0.98375 0.940477
v 0.286263 0.996237 0.882541
v 0.0946237 0.992044 0.927578
v 0.00559044 0.963127 0.962426
v 0.00397563 0.964613 0.960981
v 0.00260484 0.973166 0.952335
v 0.0302737 0.955129 0.969971
v 0.00742686 0.977695 0.947796
v 0.00397563 0.975054 0.95054
v 0.00260484 0.966736 0.959019
v 0.00946295 0.961014 0.964712
v 0.159337 0.995866 0.915103
v 0.0191588 0.957837 0.96786
v 0.0140449 0.980489 0.945083
v 0.285974 0.997141 0.882541
v 0.00559044 0.97655 0.949552
v 0.00260484 0.972878 0.953382
v 0.00466716 0.975759 0.95054
v 0.00260484 0.967771 0.95869
v 0.00397563 0.975018 0.951402
v 0.289733 0.920432 0.961797
v 0.00946295 0.978923 0.947538
v 0.28581 0.99784 0.882541
v 0.00742686 0.962955 0.963804
v 0.00397563 0.965873 0.960905
v 0.36216 0.966003 0.889979
v 0.00260484 0.972462 0.954385
v 0.00260484 0.968756 0.958236
v 0.00559044 0.964613 0.962519
v 0.0191588 0.982201 0.944495
v 0.00559044 0.976591 0.95054
v 0.00260484 0.971925 0.955328
v 0.00260484 0.969679 0.957662
v 0.289733 0.987545 0.893451
v 0.0140449 0.96048 0.966812
v 0.00260484 0.971274 0.956198
v 0.00260484 0.970523 0.956979
v 0.00742686 0.977934 0.949438
v 0.00397563 0.974831 0.952684
v 0.062355 0.950757 0.974827
v 0.285654 0.998887 0.882541
v 0.00397563 0.967149 0.960669
v 0.0946362 0.993118 0.929003
v 0.00946295 0.962799 0.965049
v 0.0302737 0.984674 0.942476
v 0.159487 0.935962 0.978527
v 0.0302737 0.956946 0.970757
v 0.00559044 0.97655 0.951529
v 0.224595 0.927282 0.97415
v 0.302515 0.985529 0.892503
v 0.300668 0.985968 0.892669
v 0.00703728 0.977709 0.95054
v 0.362169 0.920008 0.939116
v 0.00559044 0.966058 0.962431
v 0.0140449 0.981044 0.947093
v 0.00397563 0.974487 0.953935
v 0.00742686 0.964613 0.963907
v 0.285607 0.999634 0.882541
v 0.0946115 0.945978 0.97779
v 0.00397563 0.968385 0.960276
v 0.297521 0.986927 0.89302
v 0.00946295 0.979184 0.949334
v 0.0191588 0.960035 0.968566
v 0.308798 0.984429 0.892064
v 0.296865 0.987171 0.893107
v 0.159352 0.997571 0.91672
v 0.00397563 0.973989 0.955134
v 0.00397563 0.969563 0.959734
v 0.00559044 0.976336 0.953
v 0.285623 1.00053 0.882541
v 0.294121 0.988378 0.893542
v 0.00397563 0.973348 0.95626
v 0.314007 0.983847 0.891804
v 0.00559044 0.967523 0.96216
v 0.00397563 0.970665 0.959048
v 0.00742686 0.977934 0.951644
v 0.00946295 0.964613 0.965162
v 0.0140449 0.962531 0.967199
v 0.00397563 0.972571 0.9573
v 0.00397563 0.971673 0.958233
v 0.0191588 0.982814 0.946722
v 0.00742686 0.966226 0.96381
v 0.0302737 0.958465 0.971269
v 0.292724 0.989126 0.893814
v 0.285699 1.00132 0.882541
v 0.317051 0.983632 0.891689
v 0.00559044 0.975941 0.954435
v 0.0103304 0.979703 0.95054
v 0.0302737 0.98532 0.94432
v 0.00559044 0.968941 0.96171
v 0.0140449 0.981344 0.949155
v 0.0302737 0.959 0.971421
v 0.291449 0.989922 0.894109
v 0.224404 0.997511 0.904955
v 0.00742686 0.977695 0.953285
v 0.00946295 0.979184 0.951747
v 0.00559044 0.97537 0.95581
v 0.00742686 0.96786 0.963507
v 0.285865 1.00228 0.882541
v 0.00559044 0.970291 0.961087
v 0.00946295 0.966377 0.965055
v 0.0191588 0.962306 0.968995
v 0.0623295 0.95317 0.976425
v 0.00559044 0.974634 0.957102
v 0.290232 0.990821 0.894448
v 0.00559044 0.971557 0.960301
v 0.0140449 0.964613 0.967329
v 0.00559044 0.973742 0.958295
v 0.00559044 0.972713 0.959365
v 0.286038 1.00298 0.882541
v 0.362161 0.971551 0.889794
v 0.289733 0.991241 0.894609
v 0.0140449 0.981401 0.95054
v 0.00742686 0.977254 0.954886
v 0.00742686 0.969442 0.963005
v 0.159367 0.999155 0.91845
v 0.0302737 0.985735 0.945918
v 0.289733 0.921518 0.966638
v 0.0946603 0.994993 0.931979
v 0.0191588 0.983147 0.949006
v 0.00946295 0.978923 0.953543
v 0.00946295 0.968165 0.964724
v 0.126972 0.997831 0.925453
v 0.00742686 0.976617 0.956421
v 0.00742686 0.97095 0.96231
v 0.36217 0.919183 0.944874
v 0.327717 0.983276 0.891418
v 0.0302737 0.961095 0.971874
v 0.0170608 0.982522 0.95054
v 0.288583 0.992375 0.895109
v 0.0140449 0.981344 0.951926
v 0.286477 1.00428 0.882541
v 0.0945655 0.948683 0.98015
v 0.00742686 0.975796 0.957863
v 0.00742686 0.972362 0.961432
v 0.00946295 0.97844 0.955294
v 0.0191588 0.964613 0.969139
v 0.0140449 0.966638 0.967206
v 0.28829 0.992713 0.895261
v 0.00742686 0.974801 0.959194
v 0.00742686 0.973652 0.960388
v 0.00946295 0.969895 0.964174
v 0.0302737 0.961968 0.972
v 0.159428 0.938771 0.982216
v 0.00946295 0.977744 0.956973
v 0.00946295 0.971545 0.963414
v 0.224559 0.92963 0.978714
v 0.355392 0.983638 0.882541
v 0.0140449 0.981044 0.953988
v 0.287428 0.993878 0.895793
v 0.0302737 0.986131 0.948428
v 0.00946295 0.976845 0.95855
v 0.0623083 0.955672 0.977739
v 0.00946295 0.973089 0.962455
v 0.0140449 0.968691 0.966826
v 0.0191588 0.983147 0.952075
v 0.159382 1.0006 0.920282
v 0.0302737 0.963207 0.972116
v 0.287381 1.00613 0.882541
v 0.00946295 0.975757 0.960006
v 0.00946295 0.9745 0.961312
v 0.28717 0.994292 0.895985
v 0.0191588 0.966857 0.969002
v 0.0302737 0.986209 0.949499
v 0.0140449 0.980489 0.955998
v 0.338392 0.983243 0.891283
v 0.0140449 0.970678 0.966195
v 0.286686 0.995191 0.896414
v 0.0946826 0.996527 0.935058
v 0.0191588 0.982814 0.954359
v 0.0302737 0.986234 0.95054
v 0.286504 0.995585 0.896605
v 0.0140449 0.979689 0.957926
v 0.0191588 0.969131 0.968581
v 0.0140449 0.972572 0.965322
v 0.28862 1.00794 0.882541
v 0.0302737 0.965538 0.972142
v 0.362161 0.977107 0.89018
v 0.224423 1.00172 0.90824
v 0.0302737 0.986214 0.951469
v 0.289733 0.922867 0.971195
v 0.127001 0.999897 0.928976
v 0.0140449 0.978658 0.959737
v 0.0945244 0.951532 0.982201
v 0.0140449 0.974345 0.96422
v 0.159396 1.00189 0.922199
v 0.0140449 0.977409 0.961409
v 0.0140449 0.975965 0.962909
v 0.0622925 0.958225 0.978746
v 0.0191588 0.982201 0.956586
v 0.0191588 0.971332 0.967882
v 0.28601 0.996941 0.897287
v 0.0302737 0.986131 0.952653
v 0.285954 0.997138 0.897389
v 0.0302737 0.967408 0.971981
v 0.290171 1.00961 0.882541
v 0.0191588 0.981314 0.958722
v 0.0191588 0.97343 0.966916
v 0.290446 1.00986 0.882541
v 0.289733 0.923548 0.973154
v 0.15937 0.941837 0.985663
v 0.0191588 0.980172 0.960728
v 0.0302737 0.969088 0.971694
v 0.0191588 0.975394 0.965695
v 0.0947024 0.99775 0.938187
v 0.0302737 0.985765 0.955021
v 0.0191588 0.978788 0.96258
v 0.0191588 0.977189 0.964242
v 0.285654 0.9987 0.898226
v 0.224432 1.00364 0.910107
v 0.224521 0.93231 0.983127
v 0.0622832 0.96079 0.979427
v 0.285616 0.999096 0.898447
v 0.0302737 0.98532 0.956761
v 0.0302737 0.971465 0.971048
v 0.434542 0.935799 0.907435
v 0.0944901 0.954482 0.983898
v 0.434543 0.940067 0.90317
v 0.0302737 0.972517 0.970666
v 0.127027 1.00155 0.932607
v 0.0302737 0.984736 0.95845
v 0.2933 1.01211 0.882541
v 0.434542 0.932039 0.912177
v 0.36217 0.919183 0.956207
v 0.434543 0.944814 0.899514
v 0.362162 0.982611 0.891092
v 0.294232 1.01273 0.882541
v 0.285607 1.00053 0.899282
v 0.159424 1.00407 0.926202
v 0.0302737 0.98375 0.960603
v 0.0302737 0.97573 0.969085
v 0.0302737 0.983156 0.96166
v 0.0947189 0.998682 0.941329
v 0.191896 1.00537 0.919236
v 0.0302737 0.982701 0.962386
v 0.434541 0.92878 0.917269
v 0.0302737 0.976989 0.96827
v 0.224441 1.0054 0.912125
v 0.28566 1.00114 0.89965
v 0.289733 0.924966 0.976763
v 0.0302737 0.981489 0.964057
v 0.0302737 0.978637 0.966997
v 0.0302737 0.981069 0.964565
v 0.0302737 0.980125 0.965603
v 0.434543 0.949948 0.896551
v 0.364436 0.983948 0.891401
v 0.296945 1.01425 0.882541
v 0.0944644 0.957485 0.985205
v 0.159316 0.94514 0.988795
v 0.285851 1.00228 0.900379
v 0.434541 0.926012 0.922611
v 0.29862 1.01504 0.882541
v 0.12705 1.00283 0.936276
v 0.285972 1.00279 0.900714
v 0.0702455 0.995252 0.95054
v 0.0947317 0.999338 0.944453
v 0.224483 0.935315 0.987336
v 0.224451 1.00696 0.914283
v 0.434544 0.955283 0.89434
v 0.15945 1.00576 0.930323
v 0.362169 0.920008 0.961965
v 0.286412 1.00414 0.901663
v 0.434541 0.92373 0.928118
v 0.0944493 0.960491 0.986091
v 0.303378 1.01683 0.882541
v 0.19192 1.00758 0.923652
v 0.289733 0.926965 0.981082
v 0.0947398 0.999725 0.947532
v 0.22446 1.00833 0.916555
v 0.127069 1.00378 0.939936
v 0.286915 1.00528 0.902524
v 0.305734 1.01755 0.882541
v 0.159268 0.948653 0.991536
v 0.434544 0.960635 0.892857
v 0.399073 0.98556 0.882541
v 0.3997 0.985591 0.882541
v 0.287323 1.00605 0.903138
v 0.0944463 0.963459 0.986535
v 0.43454 0.92193 0.933722
v 0.0947427 0.999853 0.95054
v 0.159473 1.00703 0.934476
v 0.224469 1.0095 0.918909
v 0.224446 0.938639 0.991277
v 0.127084 1.00444 0.943552
v 0.0944507 0.966509 0.986568
v 0.288361 1.00761 0.904506
v 0.314134 1.01938 0.882541
v 0.191943 1.00924 0.928202
v 0.434544 0.965912 0.892012
v 0.0947398 0.999725 0.953549
v 0.288607 1.00793 0.904803
v 0.43454 0.920617 0.939363
v 0.10877 1.00219 0.95054
v 0.159228 0.952326 0.993824
v 0.224478 1.01051 0.921321
v 0.289733 0.929833 0.986219
v 0.0944602 0.969655 0.986223
v 0.159492 1.00795 0.938608
v 0.0947317 0.999338 0.956628
v 0.289733 1.00919 0.906068
v 0.257076 1.01082 0.914149
v 0.330539 1.01781 0.882541
v 0.418836 0.919336 0.95054
v 0.0944742 0.972856 0.985523
v 0.399073 0.985558 0.892316
v 0.289733 1.01005 0.907165
v 0.290551 1.00996 0.907012
v 0.434544 0.971284 0.891727
v 0.0947189 0.998682 0.959752
v 0.43454 0.919806 0.944987
v 0.191962 1.01045 0.932786
v 0.224411 0.94228 0.99487
v 0.328801 1.02049 0.882541
v 0.257081 1.01197 0.916642
v 0.159198 0.9561 0.995604
v 0.0944918 0.976074 0.984495
v 0.362167 0.923158 0.973534
v 0.159507 1.00857 0.942681
v 0.0947024 0.99775 0.962893
v 0.224494 1.01208 0.92624
v 0.289733 0.932518 0.990222
v 0.289733 1.01155 0.90942
v 0.0945125 0.979273 0.983167
v 0.292307 1.0114 0.909044
v 0.0946826 0.996527 0.966023
v 0.257086 1.01292 0.919202
v 0.0945354 0.982412 0.981543
v 0.0946603 0.994993 0.969102
v 0.293151 1.01201 0.910046
v 0.434543 0.976667 0.891984
v 0.409904 0.986592 0.892879
v 0.349368 1.01885 0.882541
v 0.159516 1.00892 0.946667
v 0.0945598 0.985439 0.979621
v 0.0946362 0.993118 0.972077
v 0.411267 0.986824 0.892983
v 0.15918 0.959912 0.99683
v 0.0946237 0.992044 0.973503
v 0.0945853 0.988289 0.977397
v 0.0946109 0.990878 0.974871
v 0.355345 1.01786 0.882541
v 0.289733 1.01293 0.912011
v 0.224379 0.946223 0.998029
v 0.127084 1.00444 0.957529
v 0.294076 1.01263 0.91117
v 0.151239 1.00808 0.95054
v 0.294275 1.01276 0.911414
v 0.413808 0.987363 0.89321
v 0.224509 1.01316 0.931202
v 0.289733 1.0136 0.91356
v 0.362166 0.925461 0.97923
v 0.415764 0.987909 0.893428
v 0.127069 1.00378 0.961145
v 0.191992 1.01182 0.941841
v 0.382597 1.01137 0.882541
v 0.289733 1.01401 0.914613
v 0.43454 0.919806 0.956094
v 0.159176 0.963707 0.997473
v 0.417175 0.988412 0.893622
v 0.257095 1.01434 0.924433
v 0.434543 0.982006 0.892742
v 0.410168 1.00185 0.882541
v 0.410203 1.00184 0.882541
v 0.289733 1.0144 0.915731
v 0.418657 0.989104 0.89388
v 0.12705 1.00283 0.964805
v 0.419058 0.989336 0.893966
v 0.159516 1.00892 0.954413
v 0.224353 0.950424 1.00068
v 0.289733 0.937504 0.996156
v 0.41984 0.989877 0.894164
v 0.420018 0.990024 0.894217
v 0.29768 1.01461 0.915825
v 0.159182 0.967627 0.997576
v 0.127027 1.00155 0.968474
v 0.420426 0.990411 0.894358
v 0.420599 0.990605 0.894428
v 0.420771 0.990824 0.894508
v 0.289733 1.01529 0.918788
v 0.42096 0.991107 0.894611
v 0.421062 0.991289 0.894678
v 0.127001 0.999897 0.972105
v 0.159507 1.00857 0.958399
v 0.421187 0.99156 0.894777
v 0.257102 1.01526 0.929722
v 0.43454 0.920617 0.961718
v 0.421259 0.991757 0.894849
v 0.421331 0.992014 0.894944
v 0.362166 0.92825 0.984774
v 0.434542 0.987258 0.893945
v 0.289733 1.01567 0.920403
v 0.126972 0.997831 0.975628
v 0.159193 0.971683 0.997181
v 0.421403 0.992526 0.895135
v 0.421403 0.992532 0.895137
v 0.289733 0.939924 0.998472
v 0.506741 0.937051 0.910946
v 0.22453 1.01429 0.941029
v 0.421385 0.993065 0.895338
v 0.506735 0.933368 0.915119
v 0.421375 0.993142 0.895367
v 0.506747 0.941178 0.907213
v 0.194866 1.01244 0.95054
v 0.421279 0.993598 0.895542
v 0.421233 0.993753 0.895602
v 0.224334 0.954824 1.00277
v 0.506728 0.930148 0.91965
v 0.159492 1.00795 0.962473
v 0.289733 1.01612 0.922777
v 0.42105 0.994225 0.895787
v 0.506753 0.945715 0.904005
v 0.42092 0.994491 0.895892
v 0.420636 0.994975 0.896087
v 0.159209 0.975821 0.996322
v 0.300938 1.01597 0.920827
v 0.420327 0.995411 0.896265
v 0.506722 0.927398 0.924463
v 0.419761 0.99608 0.896545
v 0.419445 0.996405 0.896684
v 0.506759 0.950587 0.901372
v 0.159473 1.00703 0.966605
v 0.418375 0.997351 0.897101
v 0.43454 0.92193 0.967359
v 0.434542 0.992383 0.895571
v 0.289733 0.943167 1.00111
v 0.159229 0.97999 0.995043
v 0.417327 0.998132 0.897459
v 0.506716 0.925123 0.929487
v 0.415915 0.99904 0.897893
v 0.289733 1.01676 0.927654
v 0.41379 1.00021 0.898482
v 0.506765 0.955656 0.899342
v 0.289733 0.944145 1.00181
v 0.362165 0.931537 0.99008
v 0.224322 0.959353 1.00425
v 0.15945 1.00576 0.970758
v 0.159253 0.984148 0.993381
v 0.289733 0.944697 1.00219
v 0.191992 1.01182 0.95924
v 0.410168 1.00185 0.899381
v 0.220292 1.01429 0.95054
v 0.408201 1.00263 0.899839
v 0.303237 1.01678 0.925597
v 0.257114 1.01608 0.940246
v 0.50671 0.923322 0.934659
v 0.159424 1.00407 0.974879
v 0.402216 1.0049 0.901337
v 0.15928 0.988236 0.991332
v 0.506772 0.960748 0.897865
v 0.396249 1.00702 0.903011
v 0.30387 1.01699 0.927344
v 0.159396 1.00189 0.978882
v 0.393819 1.00784 0.903756
v 0.159308 0.992178 0.988874
v 0.159382 1.0006 0.980799
v 0.434541 0.92373 0.972963
v 0.390655 1.00889 0.904794
v 0.434541 0.997314 0.897665
v 0.159367 0.999155 0.982631
v 0.159337 0.995866 0.985978
v 0.159352 0.997571 0.984361
v 0.22432 0.963951 1.00509
v 0.506704 0.921998 0.939925
v 0.385361 1.01055 0.906738
v 0.506772 0.965661 0.896898
v 0.382067 1.01153 0.908112
v 0.191962 1.01045 0.968295
v 0.362164 0.935336 0.995039
v 0.289733 0.94973 1.00514
v 0.305155 1.01738 0.932521
v 0.376226 1.01316 0.910935
v 0.506698 0.921156 0.945234
v 0.224323 0.968683 1.00533
v 0.22453 1.01429 0.960052
v 0.372106 1.01423 0.913309
v 0.289733 1.01727 0.93949
v 0.191943 1.00924 0.972879
v 0.506769 0.970529 0.896403
v 0.434541 1.00195 0.900296
v 0.434541 0.926012 0.97847
v 0.368825 1.01503 0.915514
v 0.289733 0.953632 1.00686
v 0.19192 1.00758 0.977429
v 0.366191 1.01564 0.917563
v 0.22433 0.973531 1.00501
v 0.542801 0.938 0.913252
v 0.470666 0.991261 0.896894
v 0.542792 0.934395 0.917066
v 0.305735 1.01755 0.938075
v 0.434541 1.00409 0.901818
v 0.270636 1.0167 0.95054
v 0.191896 1.00537 0.981845
v 0.506765 0.975422 0.89635
v 0.362163 0.939661 0.999512
v 0.361954 1.01657 0.921691
v 0.289733 0.956239 1.00778
v 0.36147 1.01667 0.922262
v 0.224341 0.978432 1.00416
v 0.434541 1.00605 0.903449
v 0.224509 1.01316 0.969879
v 0.506698 0.921156 0.955847
v 0.434541 0.92878 0.983812
v 0.289733 0.958811 1.00851
v 0.358943 1.01718 0.925843
v 0.470664 0.996034 0.898745
v 0.257114 1.01608 0.960835
v 0.506762 0.980294 0.896715
v 0.289733 1.01723 0.95054
v 0.224354 0.983337 1.00283
v 0.43454 1.00784 0.905202
v 0.289733 0.960619 1.00893
v 0.224494 1.01208 0.974841
v 0.357119 1.01753 0.929624
v 0.297733 1.0174 0.95054
v 0.356907 1.01757 0.930202
v 0.305735 1.01755 0.948506
v 0.224369 0.988199 1.00107
v 0.333571 1.01783 0.939347
v 0.362162 0.944485 1.00335
v 0.309235 1.0176 0.94813
v 0.506704 0.921998 0.961156
v 0.43454 1.00946 0.907092
v 0.289733 0.963379 1.00944
v 0.36217 1.01754 0.92991
v 0.224478 1.01051 0.97976
v 0.305735 1.01755 0.95054
v 0.506759 0.985108 0.897464
v 0.224386 0.992956 0.998848
v 0.224469 1.0095 0.982172
v 0.470662 1.00054 0.901121
v 0.355877 1.01776 0.934076
v 0.434542 0.932039 0.988904
v 0.305735 1.01755 0.952574
v 0.22446 1.00833 0.984527
v 0.289733 0.965946 1.00976
v 0.43454 1.0109 0.909117
v 0.224404 0.997511 0.996126
v 0.224451 1.00696 0.986798
v 0.224441 1.0054 0.988956
v 0.309235 1.0176 0.952951
v 0.224423 1.00172 0.992841
v 0.224432 1.00364 0.990974
v 0.257102 1.01526 0.971359
v 0.470661 1.0026 0.902503
v 0.330621 1.01781 0.946604
v 0.50671 0.923322 0.966421
v 0.33374 1.01783 0.946516
v 0.289733 1.01727 0.961591
v 0.355345 1.01786 0.938719
v 0.43454 1.01213 0.911247
v 0.506756 0.98983 0.898587
v 0.289733 0.96969 1.01
v 0.362161 0.949713 1.00646
v 0.470661 1.00448 0.903969
v 0.289733 0.971887 1.01001
v 0.257095 1.01434 0.976647
v 0.434539 1.01317 0.913459
v 0.434542 0.935799 0.993646
v 0.542837 0.974642 0.899178
v 0.47066 1.00624 0.905544
v 0.289733 0.975235 1.00986
v 0.57885 0.935695 0.919222
v 0.434539 1.01404 0.915732
v 0.578859 0.939182 0.915779
v 0.506752 0.994403 0.90013
v 0.257086 1.01292 0.981879
v 0.305735 1.01755 0.963006
v 0.330621 1.01781 0.954477
v 0.506716 0.925123 0.971594
v 0.578841 0.932607 0.923018
v 0.578868 0.943023 0.912716
v 0.289733 0.976833 1.00971
v 0.33374 1.01783 0.954565
v 0.355345 1.01786 0.946779
v 0.257081 1.01197 0.984438
v 0.578832 0.929946 0.927125
v 0.578877 0.947176 0.910056
v 0.470659 1.00791 0.907291
v 0.355359 1.01785 0.947781
v 0.362161 0.955144 1.00877
v 0.289733 1.01695 0.97107
v 0.257076 1.01082 0.986932
v 0.506751 0.996609 0.901085
v 0.355345 1.01786 0.94866
v 0.355365 1.01785 0.94866
v 0.542833 0.979222 0.899306
v 0.578822 0.927728 0.931488
v 0.355362 1.01785 0.949539
v 0.289733 0.980766 1.00917
v 0.578887 0.95159 0.90781
v 0.557311 0.922392 0.95054
v 0.355345 1.01786 0.95054
v 0.305155 1.01738 0.96856
v 0.289733 1.01669 0.974079
v 0.434539 1.01535 0.9204
v 0.470658 1.00945 0.909217
v 0.355362 1.01785 0.951542
v 0.506749 0.998743 0.902178
v 0.434543 0.940067 0.997911
v 0.578813 0.925958 0.936055
v 0.355345 1.01786 0.952421
v 0.355365 1.01785 0.952421
v 0.578896 0.956205 0.905967
v 0.506722 0.927398 0.976618
v 0.362173 1.01784 0.95054
v 0.355359 1.01785 0.9533
v 0.542829 0.983762 0.899777
v 0.333571 1.01783 0.961734
v 0.355345 1.01786 0.954301
v 0.289733 1.01612 0.978304
v 0.470657 1.01078 0.911275
v 0.506748 1.00072 0.903382
v 0.289733 0.987545 1.00763
v 0.36216 0.960592 1.0103
v 0.30387 1.01699 0.973737
v 0.578804 0.924634 0.94078
v 0.578906 0.960903 0.904474
v 0.289733 1.01567 0.980678
v 0.303237 1.01678 0.975483
v 0.434538 1.01619 0.925174
v 0.294121 0.988378 1.00754
v 0.292724 0.989126 1.00727
v 0.296865 0.987171 1.00797
v 0.297521 0.986927 1.00806
v 0.291449 0.989922 1.00697
v 0.290232 0.990821 1.00663
v 0.300668 0.985968 1.00841
v 0.289733 0.991241 1.00647
v 0.470656 1.01192 0.913439
v 0.302515 0.985529 1.00858
v 0.288583 0.992375 1.00597
v 0.506746 1.0025 0.904639
v 0.289733 1.01519 0.982671
v 0.28829 0.992713 1.00582
v 0.287428 0.993878 1.00529
v 0.28717 0.994292 1.0051
v 0.286686 0.995191 1.00467
v 0.286504 0.995585 1.00448
v 0.542824 0.988232 0.900588
v 0.578795 0.92375 0.94562
v 0.308798 0.984429 1.00902
v 0.578906 0.965341 0.903381
v 0.28601 0.996941 1.00379
v 0.285954 0.997138 1.00369
v 0.300938 1.01597 0.980254
v 0.289733 1.0144 0.98535
v 0.434543 0.944814 1.00157
v 0.285654 0.9987 1.00285
v 0.285616 0.999096 1.00263
v 0.506728 0.930148 0.981431
v 0.314007 0.983847 1.00928
v 0.289733 1.01401 0.986468
v 0.470655 1.01289 0.915685
v 0.506744 1.0042 0.905994
v 0.285607 1.00053 1.0018
v 0.36216 0.966003 1.0111
v 0.28566 1.00114 1.00143
v 0.289733 1.01349 0.987797
v 0.317051 0.983632 1.00939
v 0.434538 1.01669 0.930025
v 0.285851 1.00228 1.0007
v 0.285972 1.00279 1.00037
v 0.289733 1.01293 0.98907
v 0.355345 1.01786 0.962362
v 0.29768 1.01461 0.985256
v 0.286412 1.00414 0.999418
v 0.578902 0.969577 0.902662
v 0.286915 1.00528 0.998557
v 0.287323 1.00605 0.997943
v 0.289733 1.01143 0.991862
v 0.288361 1.00761 0.996575
v 0.288607 1.00793 0.996278
v 0.294076 1.01263 0.989911
v 0.289733 1.01005 0.993916
v 0.293151 1.01201 0.991035
v 0.506743 1.00594 0.907563
v 0.289733 1.00919 0.995013
v 0.290551 1.00996 0.994069
v 0.54282 0.992583 0.901786
v 0.327717 0.983276 1.00966
v 0.506742 1.00679 0.908443
v 0.470653 1.01434 0.920346
v 0.578897 0.973851 0.902253
v 0.355877 1.01776 0.967005
v 0.362161 0.971551 1.01129
v 0.542818 0.994692 0.902557
v 0.506741 1.0076 0.909367
v 0.296866 0.987171 1.01854
v 0.506735 0.933368 0.985962
v 0.302517 0.985529 1.01854
v 0.434543 0.949948 1.00453
v 0.338392 0.983243 1.0098
v 0.578795 0.92375 0.955461
v 0.292728 0.989123 1.01854
v 0.308564 0.984461 1.01854
v 0.290235 0.990819 1.01854
v 0.542816 0.996739 0.903461
v 0.356907 1.01757 0.970879
v 0.317052 0.983632 1.01854
v 0.288586 0.992371 1.01854
v 0.50674 1.00906 0.911335
v 0.578893 0.978132 0.902147
v 0.357119 1.01753 0.971457
v 0.287649 0.99355 1.01854
v 0.362161 0.977107 1.0109
v 0.28743 0.993875 1.01854
v 0.36217 1.01754 0.971171
v 0.542814 0.998621 0.904464
v 0.286702 0.995157 1.01854
v 0.325269 0.983333 1.01854
v 0.286506 0.99558 1.01854
v 0.286244 0.996231 1.01854
v 0.506738 1.01032 0.913439
v 0.578804 0.924634 0.960301
v 0.285955 0.997135 1.01854
v 0.578889 0.982394 0.902339
v 0.358943 1.01718 0.975238
v 0.28579 0.997836 1.01854
v 0.434544 0.955283 1.00674
v 0.542812 1.0003 0.905495
v 0.506741 0.937051 0.990135
v 0.362162 0.982611 1.00999
v 0.285634 0.998885 1.01854
v 0.506736 1.0114 0.915651
v 0.28559 0.999633 1.01854
v 0.285607 1.00053 1.01854
v 0.364436 0.983948 1.00968
v 0.54281 1.00195 0.906618
v 0.285683 1.00133 1.01854
v 0.36147 1.01667 0.978819
v 0.578885 0.986606 0.902834
v 0.361954 1.01657 0.97939
v 0.578813 0.925958 0.965025
v 0.285851 1.00228 1.01854
v 0.506735 1.0123 0.917946
v 0.542808 1.00373 0.907997
v 0.286412 1.00414 1.01854
v 0.434544 0.960635 1.00822
v 0.542807 1.00464 0.908806
v 0.506733 1.01304 0.920303
v 0.506747 0.941178 0.993868
v 0.356405 0.983662 1.01854
v 0.614964 0.965188 0.906797
v 0.287322 1.00605 1.01854
v 0.366191 1.01564 0.983518
v 0.542806 1.00551 0.909667
v 0.578881 0.990731 0.903677
v 0.578822 0.927728 0.969593
v 0.542792 0.934395 0.984015
v 0.288609 1.00793 1.01854
v 0.368825 1.01503 0.985567
v 0.578879 0.992743 0.904258
v 0.542804 1.0071 0.911534
v 0.434544 0.965912 1.00907
v 0.50673 1.01415 0.925141
v 0.290444 1.00987 1.01854
v 0.372106 1.01423 0.987772
v 0.578877 0.994704 0.904965
v 0.614959 0.973116 0.905435
v 0.506753 0.945715 0.997076
v 0.542802 1.00848 0.91357
v 0.293299 1.01211 1.01854
v 0.399073 0.985558 1.00876
v 0.376226 1.01316 0.990146
v 0.578832 0.929946 0.973957
v 0.578875 0.996494 0.905761
v 0.294231 1.01273 1.01854
v 0.542801 0.938 0.987829
v 0.434544 0.971284 1.00935
v 0.506727 1.01484 0.930085
v 0.614956 0.977121 0.905122
v 0.5428 1.00967 0.915741
v 0.465112 1.01643 0.95054
v 0.578873 0.998077 0.906574
v 0.296945 1.01425 1.01854
v 0.382067 1.01153 0.992969
v 0.298621 1.01504 1.01854
v 0.409904 0.986592 1.0082
v 0.578871 0.99966 0.90748
v 0.385361 1.01055 0.994343
v 0.542798 1.01067 0.918016
v 0.411267 0.986824 1.0081
v 0.651042 0.939222 0.923824
v 0.506759 0.950587 0.999709
v 0.614954 0.981122 0.905059
v 0.651043 0.936459 0.92691
v 0.65104 0.942301 0.921056
v 0.434543 0.976667 1.0091
v 0.578841 0.932607 0.978063
v 0.651045 0.934052 0.930298
v 0.651038 0.945636 0.918587
v 0.413808 0.987363 1.00787
v 0.390655 1.00889 0.996287
v 0.303379 1.01683 1.01854
v 0.578869 1.00147 0.908679
v 0.415764 0.987909 1.00765
v 0.651036 0.949184 0.916396
v 0.651047 0.932024 0.933953
v 0.542795 1.01151 0.920369
v 0.434538 1.01669 0.971056
v 0.393819 1.00784 0.997325
v 0.417175 0.988412 1.00746
v 0.305734 1.01755 1.01854
v 0.578868 1.00243 0.909419
v 0.396249 1.00702 0.99807
v 0.399073 0.98556 1.01854
v 0.418657 0.989104 1.0072
v 0.614951 0.985095 0.905262
v 0.651034 0.952913 0.914459
v 0.3997 0.985591 1.01854
v 0.419058 0.989336 1.00712
v 0.651048 0.930383 0.937839
v 0.434543 0.982006 1.00834
v 0.41984 0.989877 1.00692
v 0.578867 1.00334 0.910217
v 0.420018 0.990024 1.00686
v 0.402216 1.0049 0.999744
v 0.420426 0.990411 1.00672
v 0.420599 0.990605 1.00665
v 0.420771 0.990824 1.00657
v 0.42096 0.991107 1.00647
v 0.651033 0.956864 0.912742
v 0.421062 0.991289 1.0064
v 0.421187 0.99156 1.0063
v 0.421259 0.991757 1.00623
v 0.578866 1.0042 0.911073
v 0.506765 0.955656 1.00174
v 0.434538 1.01619 0.975907
v 0.421331 0.992014 1.00614
v 0.65105 0.929124 0.941917
v 0.408201 1.00263 1.00124
v 0.421403 0.992526 1.00595
v 0.421403 0.992532 1.00594
v 0.57885 0.935695 0.981859
v 0.314134 1.01938 1.01854
v 0.421385 0.993065 1.00574
v 0.410168 1.00185 1.0017
v 0.421375 0.993142 1.00571
v 0.421279 0.993598 1.00554
v 0.421233 0.993753 1.00548
v 0.42105 0.994225 1.00529
v 0.42092 0.994491 1.00519
v 0.614948 0.98901 0.90577
v 0.41379 1.00021 1.0026
v 0.578865 1.00502 0.911982
v 0.420636 0.994975 1.00499
v 0.420327 0.995411 1.00482
v 0.415915 0.99904 1.00319
v 0.419761 0.99608 1.00454
v 0.419445 0.996405 1.0044
v 0.417327 0.998132 1.00362
v 0.418375 0.997351 1.00398
v 0.434542 0.987258 1.00714
v 0.651031 0.961066 0.911247
v 0.651052 0.928234 0.946158
v 0.614947 0.990931 0.906169
v 0.434539 1.01535 0.980681
v 0.330539 1.01781 1.01854
v 0.578863 1.00651 0.913943
v 0.651031 0.965057 0.910103
v 0.434542 0.992383 1.00551
v 0.614946 0.992814 0.906685
v 0.506772 0.960748 1.00322
v 0.328801 1.02049 1.01854
v 0.578859 0.939182 0.985302
v 0.434539 1.01404 0.985349
v 0.578861 1.00778 0.916064
v 0.434541 0.997314 1.00342
v 0.614944 0.994527 0.907285
v 0.434539 1.01317 0.987622
v 0.653377 0.927876 0.95054
v 0.506714 1.01544 0.95054
v 0.43454 1.01213 0.989834
v 0.434541 1.00195 1.00078
v 0.614943 0.99603 0.907912
v 0.43454 1.0109 0.991964
v 0.651032 0.972508 0.908587
v 0.434541 1.00409 0.999263
v 0.43454 1.00946 0.993989
v 0.578859 1.00887 0.918308
v 0.434541 1.00605 0.997631
v 0.43454 1.00784 0.995879
v 0.651052 0.928234 0.954923
v 0.349368 1.01885 1.01854
v 0.506772 0.965661 1.00418
v 0.614942 0.997548 0.908644
v 0.355345 1.01786 1.01854
v 0.578868 0.943023 0.988365
v 0.578857 1.00979 0.920643
v 0.369925 1.01477 1.01854
v 0.614941 0.999344 0.909696
v 0.382597 1.01137 1.01854
v 0.383185 1.0112 1.01854
v 0.65105 0.929124 0.959164
v 0.506769 0.970529 1.00468
v 0.651034 0.980065 0.907849
v 0.410168 1.00185 1.01854
v 0.410203 1.00184 1.01854
v 0.614939 1.00125 0.911118
v 0.470653 1.01434 0.980735
v 0.470666 0.991261 1.00419
v 0.578853 1.01117 0.925495
v 0.578877 0.947176 0.991025
v 0.651034 0.983838 0.907808
v 0.687181 0.944274 0.923585
v 0.651048 0.930383 0.963242
v 0.506765 0.975422 1.00473
v 0.470664 0.996034 1.00234
v 0.687168 0.947252 0.921325
v 0.470655 1.01289 0.985396
v 0.687156 0.950398 0.919285
v 0.470656 1.01192 0.987642
v 0.470662 1.00054 0.99996
v 0.470657 1.01078 0.989806
v 0.687143 0.953691 0.917435
v 0.651035 0.987578 0.90803
v 0.470661 1.0026 0.998577
v 0.470658 1.00945 0.991864
v 0.470661 1.00448 0.997112
v 0.470659 1.00791 0.99379
v 0.47066 1.00624 0.995537
v 0.578849 1.01209 0.930482
v 0.300676 0.985983 1.07854
v 0.296438 0.98736 1.07854
v 0.506762 0.980294 1.00437
v 0.68713 0.957223 0.915734
v 0.578887 0.95159 0.993271
v 0.292885 0.989057 1.07854
v 0.308566 0.984475 1.07854
v 0.651036 0.989424 0.90827
v 0.651047 0.932024 0.967128
v 0.290424 0.990694 1.07854
v 0.506727 1.01484 0.970996
v 0.288892 0.992073 1.07854
v 0.651036 0.991243 0.908615
v 0.287666 0.993564 1.07854
v 0.506759 0.985108 1.00362
v 0.286721 0.995167 1.07854
v 0.300683 0.991055 1.07854
v 0.300836 0.991011 1.07854
v 0.325269 0.983345 1.07854
v 0.651036 0.992903 0.909047
v 0.296513 0.992616 1.07854
v 0.286263 0.996237 1.07854
v 0.50673 1.01415 0.97594
v 0.293974 0.994028 1.07854
v 0.309552 0.989325 1.07854
v 0.651037 0.993642 0.909283
v 0.651045 0.934052 0.970783
v 0.292493 0.995185 1.07854
v 0.578896 0.956205 0.995114
v 0.651037 0.994357 0.909544
v 0.291692 0.996041 1.07854
v 0.28581 0.99784 1.07854
v 0.506756 0.98983 1.00249
v 0.29107 0.99695 1.07854
v 0.290639 0.997842 1.07854
v 0.651037 0.995809 0.910177
v 0.285607 0.999634 1.07854
v 0.506733 1.01304 0.980778
v 0.29036 0.998764 1.07854
v 0.578841 1.01297 0.940558
v 0.290247 0.999604 1.07854
v 0.285699 1.00132 1.07854
v 0.506752 0.994403 1.00095
v 0.506735 1.0123 0.983135
v 0.542837 0.974642 1.0019
v 0.29027 1.0005 1.07854
v 0.651037 0.997536 0.911135
v 0.651043 0.936459 0.974171
v 0.506751 0.996609 0.999996
v 0.290457 1.00153 1.07854
v 0.506736 1.0114 0.98543
v 0.286038 1.00298 1.07854
v 0.334164 0.988208 1.07854
v 0.578906 0.960903 0.996607
v 0.506749 0.998743 0.998903
v 0.506738 1.01032 0.987642
v 0.290916 1.00281 1.07854
v 0.506748 1.00072 0.997699
v 0.286477 1.00428 1.07854
v 0.50674 1.00906 0.989747
v 0.506746 1.0025 0.996442
v 0.651038 0.99939 0.91247
v 0.506744 1.0042 0.995087
v 0.506741 1.0076 0.991714
v 0.506742 1.00679 0.992638
v 0.506743 1.00594 0.993518
v 0.291619 1.00408 1.07854
v 0.542833 0.979222 1.00178
v 0.355392 0.983638 1.07854
v 0.287381 1.00613 1.07854
v 0.651038 1.00026 0.913234
v 0.292563 1.0053 1.07854
v 0.687136 0.979289 0.910597
v 0.651042 0.939222 0.977257
v 0.651038 1.00109 0.914056
v 0.578906 0.965341 0.9977
v 0.28862 1.00794 1.07854
v 0.293972 1.00664 1.07854
v 0.542829 0.983762 1.0013
v 0.290171 1.00961 1.07854
v 0.687141 0.982913 0.910383
v 0.651039 1.0026 0.915863
v 0.296606 1.00857 1.07854
v 0.578902 0.969577 0.998419
v 0.65104 0.942301 0.980025
v 0.542824 0.988232 1.00049
v 0.2933 1.01211 1.07854
v 0.651039 1.00391 0.917852
v 0.687146 0.986524 0.910388
v 0.300329 1.01051 1.07854
v 0.723372 0.944183 0.928217
v 0.723348 0.946561 0.925888
v 0.723395 0.942022 0.930783
v 0.723325 0.949106 0.923765
v 0.687149 0.988315 0.9105
v 0.54282 0.992583 0.999295
v 0.723418 0.940117 0.933589
v 0.723302 0.95178 0.921807
v 0.542795 1.01151 0.980712
v 0.296945 1.01425 1.07854
v 0.651039 1.00504 0.919981
v 0.723279 0.954568 0.919983
v 0.542818 0.994692 0.998524
v 0.578897 0.973851 0.998828
v 0.723441 0.938488 0.936617
v 0.687152 0.990089 0.910705
v 0.542798 1.01067 0.983065
v 0.306839 1.0128 1.07854
v 0.723255 0.957617 0.918255
v 0.651038 0.945636 0.982494
v 0.542816 0.996739 0.99762
v 0.578841 1.01297 0.960522
v 0.723465 0.937142 0.939844
v 0.5428 1.00967 0.98534
v 0.542814 0.998621 0.996617
v 0.723243 0.959368 0.917457
v 0.687154 0.991726 0.911008
v 0.65104 1.006 0.922215
v 0.542812 1.0003 0.995586
v 0.542802 1.00848 0.987511
v 0.72323 0.961223 0.916772
v 0.54281 1.00195 0.994463
v 0.542804 1.0071 0.989547
v 0.542808 1.00373 0.993084
v 0.542807 1.00464 0.992275
v 0.542806 1.00551 0.991414
v 0.303378 1.01683 1.07854
v 0.687157 0.993168 0.911449
v 0.723488 0.936074 0.94325
v 0.578893 0.978132 0.998934
v 0.687158 0.99386 0.911736
v 0.723229 0.964877 0.915706
v 0.687159 0.994555 0.912073
v 0.317025 1.01483 1.07854
v 0.3997 0.985591 1.07854
v 0.651036 0.949184 0.984685
v 0.723512 0.935273 0.946817
v 0.578889 0.982394 0.998743
v 0.65104 1.00747 0.926884
v 0.687162 0.996145 0.913007
v 0.614964 0.965188 0.994284
v 0.610345 1.01178 0.95054
v 0.405316 0.986012 1.07854
v 0.687163 0.997015 0.913619
v 0.314134 1.01938 1.07854
v 0.578849 1.01209 0.970599
v 0.723248 0.971755 0.914202
v 0.687164 0.997854 0.914293
v 0.399891 0.9906 1.07854
v 0.578885 0.986606 0.998247
v 0.651034 0.952913 0.986622
v 0.334426 1.01541 1.07854
v 0.687165 0.998658 0.915026
v 0.741439 0.947833 0.926919
v 0.741385 0.952542 0.92289
v 0.723512 0.935273 0.954264
v 0.651041 1.00848 0.931692
v 0.578853 1.01117 0.975586
v 0.413807 0.987362 1.07854
v 0.687167 0.999424 0.915816
v 0.741357 0.955051 0.921054
v 0.741343 0.956357 0.920167
v 0.578881 0.990731 0.997404
v 0.74133 0.957833 0.919293
v 0.328801 1.02049 1.07854
v 0.578879 0.992743 0.996823
v 0.417329 0.988475 1.07854
v 0.723266 0.978743 0.913147
v 0.355116 1.01284 1.07854
v 0.687169 1.00083 0.91755
v 0.578857 1.00979 0.980438
v 0.651033 0.956864 0.988339
v 0.614959 0.973116 0.995646
v 0.578877 0.994704 0.996116
v 0.723488 0.936074 0.957832
v 0.419057 0.989335 1.07854
v 0.578859 1.00887 0.982773
v 0.578875 0.996494 0.99532
v 0.687181 0.944274 0.977496
v 0.420017 0.990024 1.07854
v 0.578873 0.998077 0.994507
v 0.578861 1.00778 0.985017
v 0.420598 0.990604 1.07854
v 0.578871 0.99966 0.993601
v 0.578863 1.00651 0.987138
v 0.386757 1.00489 1.07854
v 0.420959 0.991106 1.07854
v 0.420054 0.99156 1.07854
v 0.578869 1.00147 0.992402
v 0.578868 1.00243 0.991663
v 0.349368 1.01885 1.07854
v 0.578865 1.00502 0.989099
v 0.578867 1.00334 0.990864
v 0.578866 1.0042 0.990008
v 0.421187 0.991559 1.07854
v 0.420086 0.992131 1.07854
v 0.614956 0.977121 0.995959
v 0.421334 0.992026 1.07854
v 0.723465 0.937142 0.961237
v 0.421403 0.992526 1.07854
v 0.421386 0.993051 1.07854
v 0.739106 0.936638 0.95054
v 0.651031 0.961066 0.989834
v 0.723284 0.985775 0.912692
v 0.421279 0.993597 1.07854
v 0.42105 0.994225 1.07854
v 0.651043 1.00953 0.941312
v 0.687168 0.947252 0.979756
v 0.420637 0.994974 1.07854
v 0.419761 0.996079 1.07854
v 0.382597 1.01137 1.07854
v 0.614954 0.981122 0.996022
v 0.418378 0.997349 1.07854
v 0.415918 0.999038 1.07854
v 0.723441 0.938488 0.964464
v 0.723293 0.989272 0.912807
v 0.410203 1.00184 1.07854
v 0.651031 0.965057 0.990978
v 0.723298 0.99091 0.913021
v 0.759504 0.951229 0.925783
v 0.759534 0.949196 0.927849
v 0.759474 0.953356 0.923833
v 0.759565 0.947286 0.930069
v 0.687156 0.950398 0.981796
v 0.759444 0.955566 0.921968
v 0.614951 0.985095 0.995819
v 0.759429 0.956721 0.921057
v 0.7233 0.991659 0.913215
v 0.759595 0.945542 0.932474
v 0.759414 0.958063 0.920157
v 0.723302 0.992369 0.913475
v 0.759625 0.943994 0.93507
v 0.759399 0.959609 0.919326
v 0.723418 0.940117 0.967492
v 0.75939 0.960444 0.918961
v 0.723305 0.993043 0.913798
v 0.759382 0.961311 0.918644
v 0.759655 0.942659 0.937849
v 0.723307 0.993691 0.914175
v 0.614948 0.98901 0.995311
v 0.759374 0.963086 0.91808
v 0.759686 0.941544 0.940795
v 0.687143 0.953691 0.983646
v 0.75938 0.964814 0.917662
v 0.614947 0.990931 0.994912
v 0.723312 0.995087 0.915149
v 0.723395 0.942022 0.970298
v 0.614946 0.992814 0.994396
v 0.723314 0.995838 0.91576
v 0.651032 0.972508 0.992494
v 0.614944 0.994527 0.993796
v 0.76849 0.955837 0.92236
v 0.768475 0.956912 0.921434
v 0.768459 0.958185 0.920518
v 0.723316 0.996565 0.916424
v 0.614943 0.99603 0.993169
v 0.614942 0.997548 0.992437
v 0.723319 0.997263 0.917141
v 0.68713 0.957223 0.985347
v 0.614941 0.999344 0.991385
v 0.759404 0.97154 0.91634
v 0.614939 1.00125 0.989963
v 0.723372 0.944183 0.972864
v 0.723321 0.997929 0.917908
v 0.651043 1.00953 0.959769
v 0.723325 0.999151 0.919579
v 0.741382 0.991363 0.914198
v 0.77757 0.954225 0.92462
v 0.777539 0.956118 0.922706
v 0.741385 0.992079 0.914481
v 0.723348 0.946561 0.975193
v 0.777523 0.95711 0.921763
v 0.777602 0.9524 0.926597
v 0.777507 0.958312 0.920829
v 0.777633 0.950654 0.928666
v 0.651034 0.980065 0.993232
v 0.7775 0.959001 0.920386
v 0.777664 0.949009 0.930861
v 0.777492 0.959743 0.919972
v 0.741388 0.992746 0.914836
v 0.72333 1.00022 0.921403
v 0.777696 0.947503 0.933213
v 0.74139 0.993367 0.915247
v 0.777727 0.946163 0.93573
v 0.723335 1.00115 0.923344
v 0.651034 0.983838 0.993272
v 0.741396 0.994647 0.916265
v 0.723325 0.949106 0.977316
v 0.651041 1.00848 0.969389
v 0.723339 1.00194 0.925373
v 0.741401 0.995983 0.917548
v 0.759451 0.985241 0.914778
v 0.651035 0.987578 0.993051
v 0.786574 0.957316 0.922041
v 0.786566 0.957847 0.921559
v 0.786558 0.958443 0.921087
v 0.759686 0.941544 0.960286
v 0.65104 1.00747 0.974196
v 0.723302 0.95178 0.979274
v 0.651036 0.989424 0.992811
v 0.741406 0.997217 0.919023
v 0.759462 0.988688 0.91476
v 0.651036 0.991243 0.992466
v 0.759465 0.989536 0.914805
v 0.759655 0.942659 0.963232
v 0.723348 1.00317 0.929594
v 0.651036 0.992903 0.992034
v 0.741412 0.998325 0.920667
v 0.65104 1.006 0.978866
v 0.759468 0.990344 0.914925
v 0.651037 0.993642 0.991798
v 0.75947 0.990736 0.91502
v 0.651037 0.994357 0.991537
v 0.651039 1.00504 0.9811
v 0.759471 0.991119 0.91514
v 0.723279 0.954568 0.981098
v 0.741439 0.947833 0.974162
v 0.651037 0.995809 0.990904
v 0.759473 0.991489 0.915285
v 0.651039 1.00391 0.983229
v 0.759474 0.991843 0.915453
v 0.651037 0.997536 0.989946
v 0.759476 0.992181 0.915642
v 0.651039 1.0026 0.985218
v 0.651038 0.99939 0.988611
v 0.651038 1.00026 0.987847
v 0.651038 1.00109 0.987025
v 0.795627 0.957529 0.922267
v 0.79562 0.95802 0.921774
v 0.759477 0.992502 0.915849
v 0.795612 0.958579 0.921291
v 0.795643 0.956708 0.923252
v 0.795605 0.959204 0.920829
v 0.759625 0.943994 0.966011
v 0.795673 0.955152 0.925235
v 0.795597 0.959889 0.920401
v 0.795589 0.960627 0.92002
v 0.795704 0.953651 0.92726
v 0.75948 0.993096 0.916304
v 0.79558 0.961411 0.919699
v 0.723357 1.00403 0.933915
v 0.795734 0.952211 0.929353
v 0.795765 0.950852 0.931545
v 0.795572 0.963057 0.919165
v 0.723255 0.957617 0.982826
v 0.759486 0.994248 0.917379
v 0.795795 0.949605 0.933865
v 0.795578 0.96476 0.918828
v 0.759595 0.945542 0.968607
v 0.795826 0.948491 0.936321
v 0.723243 0.959368 0.983624
v 0.759492 0.995426 0.91868
v 0.687136 0.979289 0.990484
v 0.795856 0.947522 0.93891
v 0.741385 0.952542 0.978191
v 0.768524 0.992396 0.91634
v 0.804676 0.958199 0.921932
v 0.804669 0.958721 0.921437
v 0.804683 0.95775 0.922438
v 0.72323 0.961223 0.984308
v 0.772339 0.99057 0.915642
v 0.772548 0.990434 0.915615
v 0.804698 0.957018 0.923448
v 0.771765 0.990969 0.915744
v 0.795887 0.946702 0.941629
v 0.771343 0.99129 0.915853
v 0.773991 0.989584 0.915525
v 0.759498 0.996515 0.920152
v 0.77095 0.991618 0.915991
v 0.770659 0.991886 0.916127
v 0.775017 0.989053 0.915528
v 0.759565 0.947286 0.971012
v 0.768527 0.992975 0.916819
v 0.770409 0.99214 0.916274
v 0.770198 0.992377 0.91643
v 0.770002 0.992625 0.916612
v 0.772833 1.0044 0.901436
v 0.771764 1.00484 0.901874
v 0.769871 0.992813 0.916764
v 0.795602 0.971382 0.917813
v 0.770949 1.00529 0.902322
v 0.77802 0.987773 0.915647
v 0.769722 0.993064 0.916984
v 0.775023 1.00377 0.900805
v 0.687141 0.982913 0.990698
v 0.770408 1.00569 0.902724
v 0.76964 0.993231 0.917142
v 0.795918 0.946029 0.944471
v 0.770002 1.0061 0.903135
v 0.769545 0.993479 0.917389
v 0.769503 0.993636 0.917551
v 0.768533 0.99406 0.917928
v 0.759503 0.997494 0.921773
v 0.769722 1.00651 0.90354
v 0.741357 0.955051 0.980027
v 0.769456 0.994037 0.917979
v 0.781414 0.986712 0.915812
v 0.778976 1.00305 0.900082
v 0.769545 1.00692 0.90395
v 0.779431 1.00299 0.900019
v 0.769505 0.994431 0.918433
v 0.76946 1.00737 0.904401
v 0.723229 0.964877 0.985375
v 0.759534 0.949196 0.973232
v 0.769456 1.00749 0.904524
v 0.768539 0.995153 0.919242
v 0.769643 0.994789 0.918881
v 0.741343 0.956357 0.980914
v 0.759509 0.998355 0.923518
v 0.769666 0.994831 0.918938
v 0.687146 0.986524 0.990693
v 0.769512 1.00794 0.904976
v 0.769753 0.994969 0.919122
v 0.769923 0.995179 0.919418
v 0.769666 1.00837 0.905401
v 0.770041 0.995296 0.919591
v 0.687149 0.988315 0.990581
v 0.795978 0.945086 0.95054
v 0.795625 0.978068 0.917001
v 0.770279 0.995491 0.919893
v 0.813728 0.958868 0.921524
v 0.813735 0.958386 0.922032
v 0.769923 1.00878 0.905814
v 0.74133 0.957833 0.981788
v 0.813721 0.959424 0.921039
v 0.813742 0.957979 0.922552
v 0.813715 0.960047 0.920592
v 0.77044 0.995601 0.920071
v 0.759515 0.999099 0.925358
v 0.813756 0.957339 0.923589
v 0.813707 0.960731 0.920197
v 0.777727 0.946163 0.965351
v 0.813699 0.961467 0.919867
v 0.759504 0.951229 0.975298
v 0.770279 1.00918 0.906208
v 0.77087 0.995837 0.92048
v 0.813783 0.956141 0.925662
v 0.687152 0.990089 0.990376
v 0.813693 0.963042 0.919347
v 0.81381 0.954983 0.927756
v 0.813694 0.963482 0.919243
v 0.770832 1.00962 0.906649
v 0.778947 1.00633 0.903361
v 0.791177 0.984919 0.916298
v 0.779976 1.00594 0.902973
v 0.778426 1.00661 0.903639
v 0.687154 0.991726 0.990073
v 0.771629 0.996134 0.921053
v 0.813695 0.963912 0.919172
v 0.778139 1.00682 0.903848
v 0.759521 0.999736 0.927266
v 0.777954 1.007 0.904034
v 0.789852 1.00214 0.899175
v 0.782069 1.00542 0.902448
v 0.813838 0.953871 0.929896
v 0.777854 1.00715 0.904177
v 0.777789 1.00729 0.904322
v 0.813698 0.964733 0.919062
v 0.777759 1.00743 0.904463
v 0.687157 0.993168 0.989632
v 0.777757 1.00751 0.904545
v 0.771661 1.01009 0.907126
v 0.687158 0.99386 0.989345
v 0.777777 1.00765 0.904684
v 0.813865 0.95282 0.932108
v 0.777696 0.947503 0.967868
v 0.777831 1.00779 0.904828
v 0.687159 0.994555 0.989008
v 0.777923 1.00794 0.904975
v 0.773021 0.996477 0.921846
v 0.759474 0.953356 0.977248
v 0.687162 0.996145 0.988074
v 0.778071 1.00811 0.905139
v 0.687169 1.00083 0.983531
v 0.687163 0.997015 0.987462
v 0.723248 0.971755 0.986879
v 0.813892 0.951852 0.934416
v 0.687164 0.997854 0.986789
v 0.687167 0.999424 0.985265
v 0.687165 0.998658 0.986055
v 0.778292 1.00829 0.90532
v 0.772996 1.01064 0.907669
v 0.788074 1.0046 0.901636
v 0.795918 0.946029 0.95661
v 0.778723 1.00855 0.905579
v 0.81392 0.950985 0.936831
v 0.774949 0.996751 0.922668
v 0.759533 1.00074 0.931209
v 0.779323 1.00881 0.905846
v 0.822791 0.959022 0.921549
v 0.822785 0.959541 0.921051
v 0.822797 0.958579 0.922072
v 0.8228 0.958388 0.922338
v 0.822779 0.960132 0.920592
v 0.822803 0.958216 0.922607
v 0.777664 0.949009 0.97022
v 0.82281 0.95793 0.923142
v 0.774558 1.0111 0.908129
v 0.822816 0.957671 0.923674
v 0.813947 0.950227 0.939353
v 0.759444 0.955566 0.979113
v 0.822841 0.956659 0.9258
v 0.781009 1.00933 0.906363
v 0.795887 0.946702 0.959452
v 0.759429 0.956721 0.980024
v 0.77819 0.996975 0.923692
v 0.82289 0.954741 0.930109
v 0.777633 0.950654 0.972415
v 0.827335 0.958338 0.922611
v 0.777606 0.997388 0.924587
v 0.827341 0.958076 0.923154
v 0.814002 0.949048 0.944718
v 0.804475 0.984191 0.916851
v 0.783758 1.00987 0.906901
v 0.778809 1.01191 0.908942
v 0.759414 0.958063 0.980924
v 0.795856 0.947522 0.96217
v 0.723266 0.978743 0.987934
v 0.740075 1.00403 0.95054
v 0.781995 0.997049 0.924583
v 0.831854 0.959412 0.921249
v 0.831852 0.959663 0.920997
v 0.831857 0.959181 0.921509
v 0.807359 0.984203 0.916952
v 0.777602 0.9524 0.974484
v 0.831846 0.96022 0.920526
v 0.759399 0.959609 0.981755
v 0.831862 0.958781 0.922048
v 0.831865 0.958611 0.922324
v 0.831841 0.960845 0.920112
v 0.831868 0.958462 0.9226
v 0.76849 0.955837 0.978721
v 0.781551 1.01225 0.909286
v 0.831873 0.958224 0.923151
v 0.831834 0.96153 0.919769
v 0.831878 0.958015 0.9237
v 0.806772 1.00205 0.89908
v 0.831829 0.962256 0.919495
v 0.777618 0.998574 0.928226
v 0.75939 0.960444 0.98212
v 0.795826 0.948491 0.96476
v 0.831829 0.963027 0.91926
v 0.83183 0.96346 0.919168
v 0.8319 0.957194 0.925885
v 0.831831 0.963887 0.919111
v 0.768475 0.956912 0.979647
v 0.759382 0.961311 0.982437
v 0.723357 1.00403 0.967166
v 0.831833 0.964705 0.919034
v 0.789203 1.01047 0.907507
v 0.77757 0.954225 0.976461
v 0.836391 0.959264 0.921465
v 0.836396 0.958884 0.922013
v 0.836401 0.958589 0.922573
v 0.805839 1.00413 0.901162
v 0.768459 0.958185 0.980563
v 0.759374 0.963086 0.983001
v 0.795795 0.949605 0.967216
v 0.816647 0.948765 0.95054
v 0.831943 0.955638 0.930281
v 0.836411 0.958191 0.92369
v 0.723284 0.985775 0.988389
v 0.723348 1.00317 0.971487
v 0.831964 0.954915 0.932536
v 0.75938 0.964814 0.983419
v 0.777539 0.956118 0.978375
v 0.840922 0.95979 0.920876
v 0.84092 0.960041 0.920627
v 0.840924 0.959558 0.921135
v 0.840918 0.960312 0.920391
v 0.840926 0.959347 0.921404
v 0.831985 0.954248 0.934855
v 0.840913 0.960906 0.919965
v 0.840931 0.958989 0.92196
v 0.795765 0.950852 0.969536
v 0.840935 0.958718 0.92253
v 0.840908 0.961563 0.919613
v 0.814002 0.949048 0.956363
v 0.791991 0.996809 0.926059
v 0.723293 0.989272 0.988274
v 0.840944 0.95837 0.923665
v 0.83185 0.971241 0.918457
v 0.723339 1.00194 0.975708
v 0.777523 0.95711 0.979318
v 0.832007 0.953649 0.937249
v 0.723298 0.99091 0.98806
v 0.723335 1.00115 0.977737
v 0.840961 0.957747 0.925915
v 0.7233 0.991659 0.987866
v 0.723302 0.992369 0.987606
v 0.72333 1.00022 0.979678
v 0.777507 0.958312 0.980252
v 0.832028 0.953123 0.939724
v 0.723305 0.993043 0.987283
v 0.795734 0.952211 0.971728
v 0.845462 0.959433 0.921325
v 0.845466 0.959097 0.921891
v 0.723307 0.993691 0.986906
v 0.845468 0.958962 0.92218
v 0.723325 0.999151 0.981502
v 0.84547 0.958849 0.92247
v 0.723312 0.995087 0.985932
v 0.723321 0.997929 0.983172
v 0.723314 0.995838 0.985321
v 0.723319 0.997263 0.98394
v 0.723316 0.996565 0.984657
v 0.7775 0.959001 0.980695
v 0.845477 0.958552 0.923624
v 0.840995 0.956563 0.93041
v 0.777492 0.959743 0.981108
v 0.801439 1.01089 0.907919
v 0.759404 0.97154 0.984741
v 0.813947 0.950227 0.961728
v 0.795704 0.953651 0.973821
v 0.7998 0.996402 0.926673
v 0.795719 0.997364 0.929171
v 0.849994 0.960155 0.920427
v 0.849996 0.959922 0.920684
v 0.849993 0.960408 0.920184
v 0.849997 0.959711 0.920952
v 0.849991 0.96068 0.919956
v 0.849999 0.95952 0.92123
v 0.849989 0.96097 0.919745
v 0.85 0.959352 0.921514
v 0.832071 0.952296 0.944931
v 0.849988 0.961277 0.919553
v 0.850002 0.959206 0.921804
v 0.849986 0.961598 0.919382
v 0.850003 0.959083 0.922098
v 0.849984 0.961931 0.919231
v 0.850005 0.958982 0.922394
v 0.849983 0.962275 0.9191
v 0.786574 0.957316 0.97904
v 0.799803 1.01302 0.910054
v 0.849983 0.963011 0.918881
v 0.825903 0.985239 0.917475
v 0.84103 0.955504 0.935028
v 0.850011 0.958738 0.923567
v 0.849983 0.963437 0.918804
v 0.786566 0.957847 0.979522
v 0.849984 0.963862 0.918764
v 0.803227 0.996189 0.926837
v 0.81392 0.950985 0.96425
v 0.849985 0.964676 0.918723
v 0.786558 0.958443 0.979994
v 0.795673 0.955152 0.975846
v 0.850024 0.958316 0.925887
v 0.795731 0.998073 0.932834
v 0.854536 0.959609 0.921116
v 0.854538 0.959452 0.921406
v 0.854539 0.959318 0.921701
v 0.85454 0.959207 0.922
v 0.854541 0.959118 0.9223
v 0.832114 0.951747 0.95054
v 0.854546 0.958926 0.923494
v 0.813892 0.951852 0.966664
v 0.831882 0.984447 0.917649
v 0.795643 0.956708 0.977829
v 0.850048 0.957516 0.930494
v 0.741382 0.991363 0.986883
v 0.859072 0.960509 0.919903
v 0.859073 0.960274 0.920155
v 0.859071 0.960764 0.919667
v 0.859073 0.960061 0.92042
v 0.85907 0.961037 0.919449
v 0.859074 0.959869 0.920697
v 0.859069 0.961328 0.919251
v 0.859075 0.9597 0.920984
v 0.741385 0.992079 0.9866
v 0.859068 0.961634 0.919075
v 0.795743 0.998578 0.936529
v 0.859076 0.959554 0.921279
v 0.741412 0.998325 0.980414
v 0.859077 0.959432 0.921579
v 0.741388 0.992746 0.986246
v 0.795627 0.957529 0.978814
v 0.859078 0.959333 0.921884
v 0.74139 0.993367 0.985834
v 0.741406 0.997217 0.982058
v 0.859078 0.959257 0.922189
v 0.741396 0.994647 0.984816
v 0.741401 0.995983 0.983533
v 0.813865 0.95282 0.968973
v 0.79562 0.95802 0.979307
v 0.859082 0.959117 0.923404
v 0.795612 0.958579 0.97979
v 0.850073 0.9568 0.935167
v 0.832071 0.952296 0.95615
v 0.795605 0.959204 0.980252
v 0.859088 0.958904 0.925801
v 0.863614 0.959793 0.920834
v 0.815587 0.99532 0.927019
v 0.863615 0.959658 0.921134
v 0.813838 0.953871 0.971185
v 0.863615 0.959548 0.92144
v 0.863616 0.959461 0.92175
v 0.795597 0.959889 0.98068
v 0.863616 0.959398 0.922061
v 0.795589 0.960627 0.981061
v 0.863618 0.959312 0.923298
v 0.759533 1.00074 0.969872
v 0.804698 0.957018 0.977633
v 0.813824 0.996101 0.930081
v 0.759451 0.985241 0.986303
v 0.79558 0.961411 0.981382
v 0.850098 0.956215 0.940014
v 0.81381 0.954983 0.973324
v 0.868155 0.960615 0.919546
v 0.868155 0.96093 0.919229
v 0.868155 0.960459 0.91973
v 0.868155 0.9604 0.919804
v 0.868155 0.961108 0.919076
v 0.868155 0.960205 0.920081
v 0.868155 0.961464 0.918816
v 0.868155 0.961543 0.918765
v 0.868155 0.960034 0.920368
v 0.868155 0.960033 0.920371
v 0.804683 0.95775 0.978643
v 0.859102 0.958498 0.93053
v 0.868155 0.959887 0.920666
v 0.868155 0.961978 0.918527
v 0.868155 0.962155 0.918448
v 0.868155 0.959754 0.921
v 0.868155 0.959724 0.921089
v 0.868155 0.959666 0.921282
v 0.868155 0.962797 0.918234
v 0.868155 0.962885 0.918213
v 0.868155 0.959565 0.921747
v 0.804676 0.958199 0.979149
v 0.795572 0.963057 0.981916
v 0.759521 0.999736 0.973815
v 0.868155 0.963413 0.918129
v 0.832028 0.953123 0.961357
v 0.868155 0.963559 0.918117
v 0.868155 0.95951 0.922432
v 0.868155 0.963834 0.918108
v 0.804669 0.958721 0.979644
v 0.868155 0.95951 0.923174
v 0.759515 0.999099 0.975723
v 0.759462 0.988688 0.986321
v 0.868155 0.964643 0.918108
v 0.813783 0.956141 0.975419
v 0.795578 0.96476 0.982253
v 0.759465 0.989536 0.986276
v 0.759509 0.998355 0.977563
v 0.759468 0.990344 0.986156
v 0.832007 0.953649 0.963831
v 0.75947 0.990736 0.986061
v 0.759503 0.997494 0.979308
v 0.868155 0.95951 0.925654
v 0.759471 0.991119 0.985941
v 0.778947 1.17957 0.73012
v 0.779976 1.17918 0.729732
v 0.82289 0.954741 0.970972
v 0.778426 1.17985 0.730398
v 0.759473 0.991489 0.985796
v 0.778139 1.18006 0.730607
v 0.759474 0.991843 0.985627
v 0.759498 0.996515 0.980929
v 0.777954 1.18024 0.730793
v 0.759476 0.992181 0.985439
v 0.759477 0.992502 0.985232
v 0.782069 1.17866 0.729207
v 0.777854 1.18039 0.730936
v 0.759492 0.995426 0.9824
v 0.75948 0.993096 0.984777
v 0.759486 0.994248 0.983702
v 0.777789 1.18053 0.73108
v 0.777759 1.18067 0.731222
v 0.777757 1.18075 0.731304
v 0.813756 0.957339 0.977492
v 0.777777 1.18089 0.731443
v 0.832925 1.00961 0.906638
v 0.777831 1.18104 0.731587
v 0.777923 1.18118 0.731734
v 0.831985 0.954248 0.966226
v 0.778071 1.18135 0.731898
v 0.830518 0.994179 0.926583
v 0.813742 0.957979 0.978529
v 0.778292 1.18153 0.732079
v 0.831924 0.994072 0.92651
v 0.788074 1.17784 0.728395
v 0.813735 0.958386 0.979049
v 0.850148 0.955485 0.95054
v 0.778723 1.18179 0.732338
v 0.868155 0.971077 0.918108
v 0.868155 0.95951 0.930519
v 0.831923 0.994273 0.927584
v 0.813728 0.958868 0.979557
v 0.779323 1.18205 0.732605
v 0.831964 0.954915 0.968545
v 0.844929 1.0063 0.90333
v 0.834947 0.993843 0.926336
v 0.813721 0.959424 0.980042
v 0.795602 0.971382 0.983268
v 0.822841 0.956659 0.975281
v 0.85119 0.988396 0.91797
v 0.851294 0.988411 0.917973
v 0.768539 0.995153 0.981839
v 0.813715 0.960047 0.980489
v 0.768524 0.992396 0.984741
v 0.768533 0.99406 0.983153
v 0.768527 0.992975 0.984262
v 0.781009 1.18257 0.733122
v 0.834946 1.01157 0.908606
v 0.769505 0.994431 0.982648
v 0.769456 0.994037 0.983102
v 0.769643 0.994789 0.9822
v 0.769666 0.994831 0.982143
v 0.769753 0.994969 0.981959
v 0.769503 0.993636 0.98353
v 0.769923 0.995179 0.981664
v 0.769545 0.993479 0.983692
v 0.770041 0.995296 0.98149
v 0.76964 0.993231 0.983939
v 0.770279 0.995491 0.981188
v 0.769722 0.993064 0.984097
v 0.77044 0.995601 0.98101
v 0.813707 0.960731 0.980884
v 0.769871 0.992813 0.984317
v 0.770002 0.992625 0.984469
v 0.77087 0.995837 0.980601
v 0.770198 0.992377 0.984651
v 0.770409 0.99214 0.984807
v 0.831943 0.955638 0.9708
v 0.770659 0.991886 0.984954
v 0.77095 0.991618 0.985089
v 0.771629 0.996134 0.980028
v 0.777618 0.998574 0.972854
v 0.771343 0.99129 0.985228
v 0.831932 0.99478 0.930939
v 0.771765 0.990969 0.985337
v 0.772339 0.99057 0.985439
v 0.772548 0.990434 0.985466
v 0.868155 0.95951 0.935341
v 0.813699 0.961467 0.981214
v 0.773021 0.996477 0.979235
v 0.822816 0.957671 0.977407
v 0.773991 0.989584 0.985556
v 0.775017 0.989053 0.985553
v 0.854307 0.988826 0.91809
v 0.82281 0.95793 0.977939
v 0.774949 0.996751 0.978414
v 0.77802 0.987773 0.985434
v 0.853764 1.00489 0.901925
v 0.783758 1.18311 0.733659
v 0.822803 0.958216 0.978474
v 0.777606 0.997388 0.976494
v 0.813693 0.963042 0.981734
v 0.8228 0.958388 0.978742
v 0.84103 0.955504 0.966053
v 0.842797 0.993268 0.925768
v 0.822797 0.958579 0.979009
v 0.813694 0.963482 0.981838
v 0.77819 0.996975 0.97739
v 0.781414 0.986712 0.985269
v 0.813695 0.963912 0.98191
v 0.822791 0.959022 0.979532
v 0.857323 0.98922 0.918249
v 0.842796 1.011 0.908035
v 0.813698 0.964733 0.982019
v 0.795625 0.978068 0.98408
v 0.822785 0.959541 0.98003
v 0.868155 0.95951 0.940213
v 0.827341 0.958076 0.977927
v 0.781995 0.997049 0.976498
v 0.8319 0.957194 0.975196
v 0.846667 0.993002 0.925422
v 0.858744 0.989399 0.918339
v 0.822779 0.960132 0.980488
v 0.827335 0.958338 0.97847
v 0.850098 0.956215 0.961067
v 0.795743 0.998578 0.964552
v 0.848307 0.992893 0.925261
v 0.852548 1.00801 0.905038
v 0.846666 1.0107 0.907728
v 0.831948 0.995419 0.937741
v 0.789203 1.18371 0.734266
v 0.860473 0.989611 0.918461
v 0.850039 0.992782 0.925081
v 0.850033 0.992799 0.925223
v 0.840995 0.956563 0.970671
v 0.855803 1.00729 0.904327
v 0.868155 0.984002 0.918108
v 0.831878 0.958015 0.977381
v 0.805839 1.17737 0.72792
v 0.856128 1.00733 0.904359
v 0.791177 0.984919 0.984783
v 0.831873 0.958224 0.977929
v 0.851973 0.992662 0.924868
v 0.856128 1.00766 0.90469
v 0.795731 0.998073 0.968247
v 0.852874 0.992608 0.924763
v 0.831868 0.958462 0.978481
v 0.831865 0.958611 0.978757
v 0.863314 0.989945 0.918693
v 0.851973 1.01025 0.907281
v 0.831862 0.958781 0.979033
v 0.863686 0.989987 0.918726
v 0.850073 0.9568 0.965913
v 0.868155 0.987311 0.918108
v 0.791991 0.996809 0.975022
v 0.831857 0.959181 0.979572
v 0.863113 1.00578 0.902816
v 0.864434 0.990095 0.918811
v 0.868155 0.987618 0.918108
v 0.864616 0.990148 0.91885
v 0.795719 0.997364 0.97191
v 0.831854 0.959412 0.979832
v 0.868155 0.987894 0.918117
v 0.864776 0.990206 0.918894
v 0.836411 0.958191 0.977391
v 0.868155 0.98816 0.918142
v 0.864957 0.990285 0.918957
v 0.831852 0.959663 0.980084
v 0.865089 0.990353 0.919012
v 0.865123 0.990372 0.919027
v 0.86425 1.0059 0.902935
v 0.868155 0.988567 0.918213
v 0.868155 0.988655 0.918234
v 0.865263 0.990458 0.919101
v 0.865393 0.990548 0.919182
v 0.864616 1.00598 0.903015
v 0.868155 0.989053 0.918353
v 0.840961 0.957747 0.975166
v 0.831846 0.96022 0.980555
v 0.865528 0.990657 0.919285
v 0.836401 0.958589 0.978508
v 0.868155 0.989298 0.918448
v 0.864957 1.0061 0.903137
v 0.865618 0.990739 0.919368
v 0.865659 0.990779 0.919409
v 0.868155 0.9895 0.918539
v 0.865745 0.990871 0.91951
v 0.865263 1.00626 0.903296
v 0.865827 0.990972 0.919628
v 0.831841 0.960845 0.980969
v 0.850042 0.993395 0.931725
v 0.836396 0.958884 0.979068
v 0.868155 0.989909 0.918765
v 0.868155 0.95951 0.95054
v 0.865898 0.991075 0.919757
v 0.868155 0.989986 0.918814
v 0.865909 0.991092 0.919779
v 0.865528 1.00645 0.903487
v 0.865948 0.99116 0.919871
v 0.865973 0.99121 0.919942
v 0.868155 0.990342 0.919074
v 0.859022 1.0096 0.906636
v 0.866013 0.991304 0.920083
v 0.836391 0.959264 0.979616
v 0.831834 0.96153 0.981312
v 0.865745 1.00668 0.903707
v 0.866039 0.99139 0.920224
v 0.868155 0.990523 0.919229
v 0.866055 0.991498 0.92042
v 0.862125 0.992139 0.923494
v 0.868155 0.990716 0.919415
v 0.866055 0.991564 0.920551
v 0.865909 1.00692 0.903952
v 0.840944 0.95837 0.977416
v 0.860527 1.00946 0.906491
v 0.866035 0.991668 0.920784
v 0.831829 0.962256 0.981586
v 0.850048 0.957516 0.970587
v 0.866017 0.991715 0.920903
v 0.868155 0.990994 0.91973
v 0.865992 0.991758 0.92102
v 0.868155 0.991051 0.919803
v 0.7998 0.996402 0.974408
v 0.866013 1.00718 0.904209
v 0.865953 0.991808 0.921173
v 0.865941 0.99182 0.921212
v 0.865811 0.99191 0.921567
v 0.865783 0.991924 0.921631
v 0.866055 1.00744 0.904474
v 0.864211 0.992059 0.923148
v 0.865623 0.991974 0.921942
v 0.831829 0.963027 0.981821
v 0.864479 0.992049 0.923057
v 0.86537 0.992007 0.922328
v 0.868155 0.99142 0.920371
v 0.864767 0.992036 0.922903
v 0.865109 0.99202 0.922627
v 0.865075 0.992022 0.92266
v 0.865024 0.992024 0.922707
v 0.840935 0.958718 0.978551
v 0.866036 1.00771 0.904742
v 0.801439 1.18413 0.734678
v 0.83183 0.96346 0.981913
v 0.868155 0.991551 0.920634
v 0.804475 0.984191 0.98423
v 0.865953 1.00797 0.905006
v 0.831831 0.963887 0.98197
v 0.868155 0.991699 0.921
v 0.840931 0.958989 0.979121
v 0.868155 0.991728 0.921087
v 0.865811 1.00822 0.905254
v 0.864135 1.0091 0.90613
v 0.865616 1.00845 0.905482
v 0.864486 1.00903 0.906067
v 0.865368 1.00865 0.905685
v 0.864748 1.00896 0.905992
v 0.865075 1.00882 0.905857
v 0.803227 0.996189 0.974244
v 0.831833 0.964705 0.982047
v 0.868155 0.991888 0.921746
v 0.840926 0.959347 0.979677
v 0.868155 0.991913 0.921932
v 0.840924 0.959558 0.979946
v 0.868155 0.991943 0.922432
v 0.807359 0.984203 0.984129
v 0.845477 0.958552 0.977457
v 0.868155 0.991943 0.922745
v 0.840922 0.95979 0.980205
v 0.84092 0.960041 0.980454
v 0.840918 0.960312 0.98069
v 0.84547 0.958849 0.978611
v 0.850024 0.958316 0.975194
v 0.845468 0.958962 0.978901
v 0.840913 0.960906 0.981116
v 0.845466 0.959097 0.97919
v 0.840908 0.961563 0.981468
v 0.868155 0.991943 0.925963
v 0.845462 0.959433 0.979756
v 0.850011 0.958738 0.977514
v 0.813824 0.996101 0.971
v 0.868155 0.95951 0.960868
v 0.859102 0.958498 0.97055
v 0.850005 0.958982 0.978687
v 0.769456 1.00749 0.996557
v 0.76946 1.00737 0.99668
v 0.769512 1.00794 0.996104
v 0.769545 1.00692 0.997131
v 0.769666 1.00837 0.99568
v 0.769722 1.00651 0.997541
v 0.850003 0.959083 0.978983
v 0.83185 0.971241 0.982624
v 0.769923 1.00878 0.995267
v 0.770002 1.0061 0.997946
v 0.770279 1.00918 0.994873
v 0.850002 0.959206 0.979276
v 0.770408 1.00569 0.998357
v 0.770832 1.00962 0.994432
v 0.85 0.959352 0.979567
v 0.770949 1.00529 0.998759
v 0.849999 0.95952 0.979851
v 0.771661 1.01009 0.993955
v 0.771764 1.00484 0.999207
v 0.849997 0.959711 0.980129
v 0.815587 0.99532 0.974062
v 0.849996 0.959922 0.980397
v 0.772833 1.0044 0.999645
v 0.854546 0.958926 0.977587
v 0.772996 1.01064 0.993411
v 0.849994 0.960155 0.980654
v 0.868155 0.95951 0.96574
v 0.849993 0.960408 0.980897
v 0.868155 0.991943 0.932421
v 0.849991 0.96068 0.981125
v 0.854541 0.959118 0.978781
v 0.774558 1.0111 0.992952
v 0.859088 0.958904 0.97528
v 0.775023 1.00377 1.00028
v 0.85454 0.959207 0.979081
v 0.849989 0.96097 0.981336
v 0.854539 0.959318 0.97938
v 0.849988 0.961277 0.981528
v 0.854538 0.959452 0.979675
v 0.849986 0.961598 0.981699
v 0.831948 0.995419 0.96334
v 0.854536 0.959609 0.979965
v 0.849984 0.961931 0.98185
v 0.849983 0.962275 0.981981
v 0.777757 1.00751 0.996536
v 0.777759 1.00743 0.996618
v 0.777777 1.00765 0.996397
v 0.777789 1.00729 0.996759
v 0.777831 1.00779 0.996253
v 0.777854 1.00715 0.996903
v 0.777923 1.00794 0.996105
v 0.777954 1.007 0.997047
v 0.778071 1.00811 0.995942
v 0.778139 1.00682 0.997232
v 0.859082 0.959117 0.977677
v 0.778292 1.00829 0.995761
v 0.778426 1.00661 0.997442
v 0.849983 0.963011 0.982199
v 0.778723 1.00855 0.995502
v 0.778809 1.01191 0.992139
v 0.778947 1.00633 0.99772
v 0.778976 1.00305 1.001
v 0.779323 1.00881 0.995234
v 0.849983 0.963437 0.982278
v 0.779431 1.00299 1.00106
v 0.868155 0.95951 0.970562
v 0.859078 0.959257 0.978892
v 0.849984 0.963862 0.982317
v 0.779976 1.00594 0.998107
v 0.859078 0.959333 0.979198
v 0.859077 0.959432 0.979501
v 0.849985 0.964676 0.982358
v 0.781009 1.00933 0.994717
v 0.859076 0.959554 0.979802
v 0.868155 0.991943 0.938761
v 0.781551 1.01225 0.991795
v 0.859075 0.9597 0.980097
v 0.782069 1.00542 0.998633
v 0.825903 0.985239 0.983606
v 0.859074 0.959869 0.980384
v 0.859073 0.960061 0.980661
v 0.863618 0.959312 0.977783
v 0.859073 0.960274 0.980926
v 0.783758 1.00987 0.99418
v 0.831932 0.99478 0.970142
v 0.859072 0.960509 0.981178
v 0.859071 0.960764 0.981414
v 0.863616 0.959398 0.97902
v 0.85907 0.961037 0.981632
v 0.863616 0.959461 0.979331
v 0.868155 0.95951 0.975427
v 0.859069 0.961328 0.98183
v 0.863615 0.959548 0.979641
v 0.863615 0.959658 0.979947
v 0.859068 0.961634 0.982006
v 0.830518 0.994179 0.974498
v 0.863614 0.959793 0.980247
v 0.831882 0.984447 0.983432
v 0.831923 0.994273 0.973497
v 0.788074 1.0046 0.999445
v 0.831924 0.994072 0.974571
v 0.868155 0.95951 0.977907
v 0.832925 1.18285 0.733396
v 0.789203 1.01047 0.993574
v 0.789852 1.00214 1.00191
v 0.868155 0.95951 0.978648
v 0.868155 0.959541 0.979166
v 0.868155 0.959565 0.979334
v 0.868155 0.959666 0.979798
v 0.834947 0.993843 0.974744
v 0.868155 0.959724 0.979991
v 0.868155 0.959754 0.980081
v 0.868155 0.959887 0.980415
v 0.868155 0.960033 0.98071
v 0.868155 0.960034 0.980713
v 0.868155 0.960205 0.981
v 0.844929 1.17954 0.730089
v 0.868155 0.9604 0.981277
v 0.868155 0.960459 0.981351
v 0.868155 0.960615 0.981535
v 0.868155 0.96093 0.981852
v 0.868155 0.991943 0.95054
v 0.868155 0.961108 0.982005
v 0.868155 0.961464 0.982265
v 0.868155 0.961543 0.982316
v 0.868155 0.961978 0.982554
v 0.868155 0.962155 0.982633
v 0.868155 0.962296 0.98269
v 0.868155 0.962797 0.982847
v 0.868155 0.962885 0.982867
v 0.799803 1.01302 0.991027
v 0.868155 0.963413 0.982952
v 0.842797 0.993268 0.975312
v 0.868155 0.963559 0.982964
v 0.868155 0.963834 0.982973
v 0.850042 0.993395 0.969356
v 0.868155 0.964643 0.982973
v 0.801439 1.01089 0.993162
v 0.846667 0.993002 0.975658
v 0.805839 1.00413 0.999919
v 0.848307 0.992893 0.97582
v 0.852548 1.18125 0.731797
v 0.806772 1.00205 1.002
v 0.850033 0.992799 0.975858
v 0.855803 1.18053 0.731086
v 0.850039 0.992782 0.976
v 0.856128 1.18057 0.731118
v 0.856128 1.1809 0.731448
v 0.868155 0.971077 0.982973
v 0.868155 0.991943 0.96232
v 0.851973 0.992662 0.976213
v 0.852874 0.992608 0.976318
v 0.85119 0.988396 0.983111
v 0.851294 0.988411 0.983108
v 0.854307 0.988826 0.982991
v 0.868155 0.991943 0.96866
v 0.857323 0.98922 0.982831
v 0.858744 0.989399 0.982742
v 0.862125 0.992139 0.977588
v 0.860473 0.989611 0.982619
v 0.864211 0.992059 0.977933
v 0.864479 0.992049 0.978024
v 0.868155 0.984002 0.982973
v 0.868155 0.991943 0.975118
v 0.864767 0.992036 0.978178
v 0.865024 0.992024 0.978374
v 0.865075 0.992022 0.978421
v 0.865109 0.99202 0.978454
v 0.863314 0.989945 0.982388
v 0.86537 0.992007 0.978753
v 0.863686 0.989987 0.982355
v 0.865623 0.991974 0.979139
v 0.864434 0.990095 0.98227
v 0.864616 0.990148 0.982231
v 0.865783 0.991924 0.97945
v 0.865811 0.99191 0.979514
v 0.864776 0.990206 0.982187
v 0.864957 0.990285 0.982124
v 0.865089 0.990353 0.982069
v 0.865941 0.99182 0.979869
v 0.865123 0.990372 0.982054
v 0.865953 0.991808 0.979908
v 0.865263 0.990458 0.98198
v 0.865992 0.991758 0.980061
v 0.865393 0.990548 0.981899
v 0.866017 0.991715 0.980178
v 0.866035 0.991668 0.980296
v 0.865528 0.990657 0.981796
v 0.865618 0.990739 0.981713
v 0.865659 0.990779 0.981672
v 0.866055 0.991564 0.980529
v 0.868155 0.987311 0.982973
v 0.868155 0.991943 0.978337
v 0.866055 0.991498 0.980661
v 0.865745 0.990871 0.98157
v 0.865827 0.990972 0.981453
v 0.866039 0.99139 0.980856
v 0.865898 0.991075 0.981324
v 0.865909 0.991092 0.981302
v 0.866013 0.991304 0.980998
v 0.865948 0.99116 0.981209
v 0.865973 0.99121 0.981139
v 0.868155 0.987618 0.982973
v 0.868155 0.991943 0.978648
v 0.868155 0.987894 0.982964
v 0.868155 0.991913 0.97915
v 0.868155 0.98816 0.982939
v 0.868155 0.991888 0.979335
v 0.868155 0.988567 0.982867
v 0.868155 0.988655 0.982847
v 0.868155 0.991728 0.979994
v 0.868155 0.989053 0.982728
v 0.868155 0.991699 0.98008
v 0.868155 0.989298 0.982633
v 0.868155 0.991551 0.980447
v 0.868155 0.9895 0.982542
v 0.868155 0.99142 0.98071
v 0.868155 0.989909 0.982316
v 0.868155 0.989986 0.982267
v 0.868155 0.991051 0.981278
v 0.868155 0.990342 0.982007
v 0.868155 0.990994 0.981351
v 0.868155 0.990523 0.981852
v 0.868155 0.990716 0.981666
v 0.832925 1.00961 0.994443
v 0.296687 0.980781 1.28654
v 0.298281 0.980403 1.28654
v 0.834946 1.01157 0.992475
v 0.295175 0.981416 1.28654
v 0.299916 0.98029 1.28654
v 0.293788 0.982288 1.28654
v 0.292562 0.983375 1.28654
v 0.29153 0.984648 1.28654
v 0.290719 0.986072 1.28654
v 0.290152 0.98761 1.28654
v 0.289844 0.989219 1.28654
v 0.842796 1.011 0.993046
v 0.289803 0.990858 1.28654
v 0.844929 1.0063 0.997751
v 0.846666 1.0107 0.993352
v 0.300683 0.991055 1.28654
v 0.300836 0.991011 1.28654
v 0.296513 0.992616 1.28654
v 0.293974 0.994028 1.28654
v 0.309552 0.989325 1.28654
v 0.292493 0.995185 1.28654
v 0.291692 0.996041 1.28654
v 0.29107 0.99695 1.28654
v 0.851973 1.01025 0.9938
v 0.852548 1.00801 0.996043
v 0.290639 0.997842 1.28654
v 0.29036 0.998764 1.28654
v 0.853764 1.00489 0.999155
v 0.29028 0.999235 1.28654
v 0.855803 1.00729 0.996754
v 0.856128 1.00733 0.996722
v 0.856128 1.00766 0.996391
v 0.334164 0.988208 1.28654
v 0.859022 1.0096 0.994444
v 0.860527 1.00946 0.99459
v 0.863113 1.00578 0.998265
v 0.864135 1.0091 0.994951
v 0.86425 1.0059 0.998146
v 0.864486 1.00903 0.995014
v 0.864616 1.00598 0.998066
v 0.864748 1.00896 0.995089
v 0.864957 1.0061 0.997944
v 0.865075 1.00882 0.995224
v 0.865263 1.00626 0.997785
v 0.296687 0.980781 1.30654
v 0.865368 1.00865 0.995396
v 0.298281 0.980403 1.30654
v 0.865528 1.00645 0.997594
v 0.295175 0.981416 1.30654
v 0.865616 1.00845 0.9956
v 0.865745 1.00668 0.997374
v 0.865811 1.00822 0.995827
v 0.865909 1.00692 0.997129
v 0.299916 0.98029 1.30654
v 0.865953 1.00797 0.996075
v 0.866013 1.00718 0.996872
v 0.866036 1.00771 0.996339
v 0.866055 1.00744 0.996607
v 0.293788 0.982288 1.30654
v 0.292562 0.983375 1.30654
v 0.29153 0.984648 1.30654
v 0.290719 0.986072 1.30654
v 0.290152 0.98761 1.30654
v 0.289844 0.989219 1.30654
v 0.289803 0.990858 1.30654
v 0.300683 0.991055 1.30654
v 0.300836 0.991011 1.30654
v 0.296513 0.992616 1.30654
v 0.293974 0.994028 1.30654
v 0.309552 0.989325 1.30654
v 0.292493 0.995185 1.30654
v 0.291692 0.996041 1.30654
v 0.29107 0.99695 1.30654
v 0.290639 0.997842 1.30654
v 0.29036 0.998764 1.30654
v 0.29028 0.999235 1.30654
v 0.41519 0.981782 1.28654
v 0.415972 0.981854 1.28654
v 0.416733 0.982047 1.28654
v 0.417455 0.982358 1.28654
v 0.334164 0.988208 1.30654
v 0.418119 0.982777 1.28654
v 0.399891 0.9906 1.28654
v 0.418709 0.983296 1.28654
v 0.419211 0.9839 1.28654
v 0.419612 0.984576 1.28654
v 0.419902 0.985306 1.28654
v 0.420074 0.986072 1.28654
v 0.420124 0.986856 1.28654
v 0.420054 0.99156 1.28654
v 0.41519 0.981782 1.30654
v 0.415972 0.981854 1.30654
v 0.416733 0.982047 1.30654
v 0.417455 0.982358 1.30654
v 0.418119 0.982777 1.30654
v 0.399891 0.9906 1.30654
v 0.418709 0.983296 1.30654
v 0.419211 0.9839 1.30654
v 0.419612 0.984576 1.30654
v 0.419902 0.985306 1.30654
v 0.420074 0.986072 1.30654
v 0.420124 0.986856 1.30654
v 0.420054 0.99156 1.30654
v 0.777757 1.18075 1.16978
v 0.777759 1.18067 1.16986
v 0.777777 1.18089 1.16964
v 0.777789 1.18053 1.17
v 0.777831 1.18104 1.16949
v 0.777854 1.18039 1.17015
v 0.777923 1.18118 1.16935
v 0.777954 1.18024 1.17029
v 0.778071 1.18135 1.16918
v 0.778139 1.18006 1.17047
v 0.778292 1.18153 1.169
v 0.778426 1.17985 1.17068
v 0.778723 1.18179 1.16874
v 0.778947 1.17957 1.17096
v 0.779323 1.18205 1.16848
v 0.779976 1.17918 1.17135
v 0.781009 1.18257 1.16796
v 0.782069 1.17866 1.17187
v 0.783758 1.18311 1.16742
v 0.788074 1.17784 1.17269
v 0.789203 1.18371 1.16682
v 0.801439 1.18413 1.1664
v 0.805839 1.17737 1.17316
v 0.832925 1.18285 1.16768
v 0.844929 1.17954 1.17099
v 0.852548 1.18125 1.16928
v 0.855803 1.18053 1.16999
v 0.856128 1.18057 1.16996
v 0.856128 1.1809 1.16963
v 0.300683 0.991055 1.83854
v 0.300836 0.991011 1.83854
v 0.299297 0.991488 1.83854
v 0.301295 0.990886 1.83854
v 0.296513 0.992616 1.83854
v 0.295464 0.993141 1.83854
v 0.293974 0.994028 1.83854
v 0.309552 0.989325 1.83854
v 0.292855 0.994865 1.83854
v 0.292493 0.995185 1.83854
v 0.292094 0.99558 1.83854
v 0.291692 0.996041 1.83854
v 0.291426 0.996393 1.83854
v 0.29107 0.99695 1.83854
v 0.290639 0.997842 1.83854
v 0.290486 0.998282 1.83854
v 0.29036 0.998764 1.83854
v 0.290271 0.999309 1.83854
v 0.290247 0.999604 1.83854
v 0.327186 0.988273 1.83854
v 0.29024 0.999831 1.83854
v 0.29027 1.0005 1.83854
v 0.292924 0.994924 1.84124
v 0.292165 0.995637 1.84123
v 0.290425 1.0014 1.83854
v 0.290457 1.00153 1.83854
v 0.291498 0.996449 1.84122
v 0.334164 0.988208 1.83854
v 0.290953 0.997356 1.8412
v 0.290752 1.00242 1.83854
v 0.290735 0.997838 1.84119
v 0.290916 1.00281 1.83854
v 0.290559 0.998335 1.84118
v 0.291214 1.00341 1.83854
v 0.299536 0.991744 1.84395
v 0.301522 0.991148 1.84395
v 0.291619 1.00408 1.83854
v 0.297601 0.992489 1.84394
v 0.295724 0.993384 1.84393
v 0.307299 0.989958 1.84393
v 0.29482 0.993897 1.84392
v 0.29033 1.0004 1.84114
v 0.293952 0.994464 1.84391
v 0.344749 0.988342 1.83854
v 0.29313 0.995096 1.84389
v 0.292563 1.0053 1.83854
v 0.313973 0.989131 1.84388
v 0.290498 1.00145 1.84111
v 0.292374 0.995806 1.84388
v 0.29171 0.996613 1.84385
v 0.301668 0.991315 1.84545
v 0.291167 0.997516 1.84382
v 0.293972 1.00664 1.83854
v 0.29095 0.997995 1.84381
v 0.290775 0.99849 1.84379
v 0.290644 0.998996 1.84377
v 0.290562 0.99951 1.84374
v 0.29053 1.00003 1.84372
v 0.327282 0.988564 1.8438
v 0.290547 1.00055 1.84369
v 0.296606 1.00857 1.83854
v 0.293468 0.995379 1.8465
v 0.290714 1.00159 1.84364
v 0.292717 0.996082 1.84647
v 0.292058 0.996883 1.84644
v 0.291039 1.0026 1.84358
v 0.291518 0.997778 1.8464
v 0.2992 1.01 1.83854
v 0.291303 0.998254 1.84637
v 0.291498 1.00358 1.84351
v 0.291129 0.998744 1.84635
v 0.300329 1.01051 1.83854
v 0.292066 1.0045 1.84344
v 0.292721 1.00533 1.84338
v 0.300232 0.992489 1.84916
v 0.302185 0.991907 1.84916
v 0.290902 1.00079 1.84621
v 0.298329 0.993216 1.84914
v 0.296484 0.994091 1.84912
v 0.303054 1.01159 1.83854
v 0.307879 0.990748 1.84912
v 0.295595 0.994593 1.8491
v 0.344768 0.988666 1.84378
v 0.294741 0.995148 1.84908
v 0.291069 1.00182 1.84613
v 0.293933 0.995767 1.84906
v 0.314453 0.989945 1.84903
v 0.293189 0.996462 1.84903
v 0.292536 0.997254 1.84898
v 0.292002 0.998138 1.84893
v 0.306839 1.0128 1.83854
v 0.291789 0.998609 1.8489
v 0.291616 0.999094 1.84886
v 0.291488 0.99959 1.84882
v 0.291407 1.00009 1.84878
v 0.291376 1.0006 1.84874
v 0.32756 0.989405 1.84887
v 0.291392 1.00111 1.84869
v 0.344788 0.989021 1.84624
v 0.291557 1.00213 1.84859
v 0.302757 0.992559 1.8521
v 0.291876 1.00313 1.84848
v 0.293786 0.996942 1.85153
v 0.293142 0.997723 1.85148
v 0.292327 1.00409 1.84836
v 0.292614 0.998594 1.85142
v 0.317025 1.01483 1.83854
v 0.292404 0.999058 1.85138
v 0.292886 1.00498 1.84824
v 0.292233 0.999536 1.85134
v 0.293529 1.0058 1.84812
v 0.292012 1.00153 1.85113
v 0.294993 1.00721 1.84788
v 0.301354 0.993682 1.85418
v 0.299503 0.994382 1.85416
v 0.292174 1.00253 1.85101
v 0.297709 0.995227 1.85412
v 0.303476 1.01181 1.84425
v 0.308813 0.99201 1.85413
v 0.296844 0.995711 1.8541
v 0.296014 0.996248 1.85407
v 0.295228 0.996846 1.85404
v 0.296607 1.00845 1.84764
v 0.294504 0.997518 1.85399
v 0.315226 0.991244 1.854
v 0.293869 0.998285 1.85393
v 0.29335 0.999142 1.85386
v 0.399891 0.9906 1.83854
v 0.293142 0.999597 1.85381
v 0.332101 1.0155 1.83854
v 0.292974 1.00007 1.85377
v 0.292849 1.00055 1.85372
v 0.334426 1.01541 1.83854
v 0.300132 1.01049 1.84716
v 0.29277 1.00104 1.85366
v 0.29274 1.00153 1.8536
v 0.292756 1.00202 1.85354
v 0.328009 0.990742 1.85378
v 0.384442 0.990151 1.84347
v 0.292916 1.00301 1.8534
v 0.342463 1.01475 1.83854
v 0.293226 1.00398 1.85324
v 0.346465 1.01424 1.83854
v 0.348314 1.01398 1.83854
v 0.295338 0.998187 1.85641
v 0.350127 1.0137 1.83854
v 0.294714 0.998937 1.85634
v 0.294204 0.999777 1.85626
v 0.355116 1.01284 1.83854
v 0.310394 1.01392 1.84615
v 0.293835 1.00068 1.85616
v 0.293621 1.0026 1.8559
v 0.344893 0.990877 1.85366
v 0.293777 1.00357 1.85574
v 0.30462 0.994666 1.85882
v 0.375868 1.00809 1.83854
v 0.318004 1.01522 1.84562
v 0.302872 0.995285 1.85904
v 0.301092 0.995951 1.859
v 0.299366 0.996755 1.85895
v 0.310076 0.993702 1.85897
v 0.297736 0.997729 1.85888
v 0.386757 1.00489 1.83854
v 0.420054 0.99156 1.83854
v 0.296979 0.998301 1.85883
v 0.296283 0.998943 1.85878
v 0.420086 0.992131 1.83854
v 0.304729 1.01249 1.85017
v 0.316271 0.99298 1.85882
v 0.295672 0.999676 1.8587
v 0.295173 1.0005 1.85861
v 0.294811 1.00138 1.8585
v 0.294691 1.00184 1.85844
v 0.294615 1.00231 1.85837
v 0.294586 1.00278 1.8583
v 0.384407 0.990915 1.84828
v 0.332363 1.0158 1.84494
v 0.294601 1.00326 1.85822
v 0.328615 0.992523 1.85856
v 0.294754 1.0042 1.85805
v 0.295053 1.00513 1.85786
v 0.295474 1.00601 1.85767
v 0.342494 1.01513 1.84473
v 0.295996 1.00684 1.85747
v 0.297336 0.999784 1.8611
v 0.296739 1.0005 1.86102
v 0.296597 1.0076 1.85727
v 0.296251 1.0013 1.86092
v 0.346473 1.01512 1.84473
v 0.398434 1.0011 1.84212
v 0.348442 1.01486 1.84474
v 0.295898 1.00216 1.8608
v 0.297965 1.00891 1.85687
v 0.350235 1.0144 1.84475
v 0.299473 1.01005 1.85647
v 0.420057 0.991779 1.84295
v 0.42009 0.992344 1.84266
v 0.344997 0.99269 1.85847
v 0.302767 1.01193 1.85569
v 0.304754 0.997259 1.86372
v 0.303062 0.997884 1.86367
v 0.306491 0.996762 1.86376
v 0.301421 0.998641 1.8636
v 0.299871 0.999559 1.86352
v 0.311642 0.995778 1.86367
v 0.299152 1.0001 1.86346
v 0.29849 1.00071 1.86339
v 0.375771 1.00852 1.84516
v 0.297909 1.0014 1.8633
v 0.297434 1.00217 1.86319
v 0.297091 1.00301 1.86306
v 0.312418 1.01507 1.85407
v 0.384349 0.992129 1.85299
v 0.296976 1.00345 1.86299
v 0.296904 1.00389 1.86291
v 0.296876 1.00434 1.86283
v 0.29689 1.00478 1.86274
v 0.297036 1.00568 1.86254
v 0.398392 1.00155 1.84585
v 0.319583 1.01624 1.85323
v 0.297319 1.00655 1.86233
v 0.307095 1.0138 1.85696
v 0.409278 0.997523 1.84629
v 0.420099 0.992964 1.84679
v 0.420068 0.992414 1.84738
v 0.299179 1.00237 1.86553
v 0.333109 1.01672 1.85215
v 0.298718 1.00312 1.86542
v 0.298384 1.00393 1.86528
v 0.342681 1.01608 1.85183
v 0.308182 0.998642 1.86748
v 0.346521 1.0162 1.85182
v 0.345134 0.995106 1.8636
v 0.348479 1.01594 1.85184
v 0.350236 1.01546 1.85186
v 0.305381 1.00014 1.86819
v 0.30697 0.999565 1.86826
v 0.303841 1.00085 1.8681
v 0.308601 0.999105 1.86832
v 0.302386 1.0017 1.86798
v 0.301711 1.00221 1.86791
v 0.301089 1.00277 1.86783
v 0.313484 0.998194 1.86824
v 0.300544 1.00342 1.86773
v 0.38427 0.993747 1.85763
v 0.320712 1.01701 1.85711
v 0.300098 1.00414 1.8676
v 0.29992 1.00453 1.86753
v 0.319088 0.997577 1.86809
v 0.299775 1.00493 1.86746
v 0.299668 1.00533 1.86737
v 0.299599 1.00575 1.86729
v 0.299573 1.00617 1.86719
v 0.299587 1.00658 1.86709
v 0.299723 1.00742 1.86688
v 0.333644 1.01743 1.85591
v 0.299989 1.00824 1.86665
v 0.300364 1.00902 1.86641
v 0.330244 0.997211 1.86781
v 0.375503 1.00982 1.85251
v 0.420085 0.993438 1.85181
v 0.300829 1.00976 1.86616
v 0.301365 1.01043 1.86591
v 0.302585 1.01157 1.86541
v 0.303929 1.01258 1.86491
v 0.387051 1.00672 1.853
v 0.306867 1.01423 1.86393
v 0.315569 1.01696 1.86196
v 0.398233 1.00331 1.85358
v 0.322044 1.01796 1.86097
v 0.409222 0.99956 1.85426
v 0.31091 1.016 1.86459
v 0.306592 1.00334 1.87243
v 0.308018 1.0027 1.87255
v 0.305245 1.00413 1.87228
v 0.309489 1.00216 1.87266
v 0.30462 1.00459 1.8722
v 0.334278 1.01832 1.85969
v 0.310999 1.00174 1.87275
v 0.304045 1.00512 1.8721
v 0.30354 1.00571 1.87198
v 0.303321 1.00604 1.87191
v 0.420135 0.995316 1.85505
v 0.303127 1.00638 1.87184
v 0.302962 1.00673 1.87176
v 0.302828 1.0071 1.87168
v 0.302728 1.00748 1.87158
v 0.302666 1.00786 1.87149
v 0.302641 1.00824 1.87138
v 0.343006 1.0177 1.8593
v 0.302653 1.00863 1.87128
v 0.30278 1.0094 1.87104
v 0.420107 0.99482 1.85623
v 0.34661 1.01772 1.85929
v 0.348474 1.01748 1.85931
v 0.35018 1.01707 1.85933
v 0.363017 1.01452 1.85964
v 0.323562 1.01909 1.86477
v 0.329642 1.01945 1.86396
v 0.335002 1.0194 1.86343
v 0.375096 1.012 1.86011
v 0.384048 0.998004 1.86672
v 0.308414 1.00681 1.87643
v 0.309641 1.00609 1.87661
v 0.307845 1.00723 1.87632
v 0.310941 1.0055 1.87678
v 0.307321 1.0077 1.8762
v 0.350144 1.01815 1.86304
v 0.386685 1.0092 1.8607
v 0.306861 1.00824 1.87606
v 0.31228 1.00502 1.87692
v 0.306661 1.00854 1.87599
v 0.306485 1.00885 1.8759
v 0.306334 1.00917 1.87582
v 0.313655 1.00463 1.87706
v 0.306212 1.00951 1.87572
v 0.306122 1.00985 1.87562
v 0.306064 1.0102 1.87552
v 0.306042 1.01055 1.87541
v 0.317896 1.00387 1.87706
v 0.306053 1.0109 1.87529
v 0.306168 1.0116 1.87504
v 0.306392 1.01229 1.87478
v 0.306708 1.01295 1.8745
v 0.322732 1.00336 1.87698
v 0.3071 1.01356 1.87422
v 0.307552 1.01413 1.87394
v 0.30858 1.01509 1.87337
v 0.309713 1.01593 1.87281
v 0.397992 1.00614 1.86141
v 0.36283 1.0158 1.86336
v 0.312189 1.01731 1.8717
v 0.319665 1.01957 1.86952
v 0.325248 1.0204 1.86846
v 0.332344 1.00305 1.87683
v 0.330851 1.02072 1.86762
v 0.314749 1.00582 1.8787
v 0.335809 1.02067 1.86707
v 0.409137 1.00277 1.86224
v 0.310104 1.00823 1.87844
v 0.309565 1.00863 1.87832
v 0.309068 1.00908 1.87819
v 0.311267 1.00755 1.87865
v 0.308632 1.00959 1.87804
v 0.308275 1.01017 1.87787
v 0.308017 1.01079 1.87768
v 0.343447 1.02008 1.86661
v 0.346744 1.01994 1.8666
v 0.348474 1.01973 1.86661
v 0.420192 0.998971 1.86319
v 0.350113 1.01943 1.86664
v 0.317017 1.01969 1.87348
v 0.420168 0.998545 1.865
v 0.362627 1.0173 1.86698
v 0.31135 1.01008 1.88028
v 0.310882 1.0105 1.88014
v 0.311859 1.0097 1.88041
v 0.310471 1.01099 1.87998
v 0.312955 1.00906 1.88065
v 0.310135 1.01153 1.8798
v 0.309891 1.01212 1.87959
v 0.314116 1.00853 1.88086
v 0.30981 1.01243 1.87949
v 0.309759 1.01274 1.87937
v 0.309739 1.01305 1.87925
v 0.309749 1.01337 1.87912
v 0.315313 1.00809 1.88106
v 0.309852 1.014 1.87886
v 0.310052 1.01462 1.87858
v 0.322011 1.02115 1.87307
v 0.316541 1.00775 1.88125
v 0.318401 1.00737 1.8813
v 0.327085 1.02189 1.87199
v 0.320414 1.00705 1.88133
v 0.33217 1.02218 1.87113
v 0.336692 1.02213 1.87055
v 0.32481 1.00657 1.88132
v 0.374583 1.01508 1.86751
v 0.343705 1.0216 1.87004
v 0.350091 1.02095 1.87006
v 0.312759 1.01199 1.88201
v 0.312374 1.01245 1.88184
v 0.313197 1.01159 1.88217
v 0.312059 1.01296 1.88165
v 0.313674 1.01123 1.88232
v 0.311831 1.01351 1.88143
v 0.311707 1.01409 1.8812
v 0.314701 1.01063 1.88258
v 0.311698 1.01469 1.88094
v 0.386221 1.01263 1.86821
v 0.315789 1.01013 1.88282
v 0.316911 1.00971 1.88305
v 0.318062 1.00939 1.88327
v 0.345759 1.00608 1.88114
v 0.397687 1.00994 1.86904
v 0.383749 1.00331 1.8757
v 0.324527 1.02294 1.87637
v 0.329057 1.0236 1.87528
v 0.333589 1.02386 1.8744
v 0.319518 1.02158 1.8781
v 0.337643 1.02383 1.8738
v 0.318497 1.02114 1.8787
v 0.317508 1.02063 1.87931
v 0.343986 1.02336 1.87324
v 0.316565 1.02004 1.87992
v 0.314337 1.01398 1.8836
v 0.314043 1.01446 1.8834
v 0.374296 1.01696 1.871
v 0.314695 1.01355 1.88379
v 0.313832 1.01498 1.88317
v 0.315103 1.01317 1.88396
v 0.313716 1.01552 1.88293
v 0.315681 1.01937 1.88054
v 0.313708 1.01607 1.88267
v 0.315547 1.01284 1.88412
v 0.313798 1.01663 1.88238
v 0.313973 1.01717 1.88209
v 0.314878 1.01861 1.88116
v 0.31422 1.01769 1.88179
v 0.314526 1.01817 1.88148
v 0.316503 1.01227 1.88441
v 0.321241 1.02242 1.8782
v 0.317516 1.0118 1.88468
v 0.31856 1.01141 1.88494
v 0.319496 1.01095 1.88503
v 0.350082 1.02273 1.87325
v 0.409032 1.00701 1.87
v 0.321304 1.01076 1.88529
v 0.323109 1.01047 1.88536
v 0.316504 1.01368 1.88497
v 0.330089 1.02455 1.8768
v 0.325843 1.02393 1.87788
v 0.317424 1.01313 1.88528
v 0.327035 1.01004 1.88545
v 0.36219 1.021 1.87362
v 0.420266 1.00371 1.87109
v 0.31589 1.01652 1.88478
v 0.315784 1.01702 1.88453
v 0.315776 1.01754 1.88426
v 0.316086 1.01604 1.88502
v 0.316357 1.01559 1.88523
v 0.316687 1.0152 1.88543
v 0.317064 1.01485 1.88561
v 0.317474 1.01453 1.88578
v 0.318357 1.014 1.88611
v 0.334815 1.00973 1.8856
v 0.319292 1.01356 1.88641
v 0.320257 1.0132 1.8867
v 0.335097 1.02581 1.87733
v 0.338658 1.02579 1.87672
v 0.331149 1.02558 1.87821
v 0.327195 1.025 1.87928
v 0.397517 1.01219 1.87267
v 0.323701 1.02416 1.88041
v 0.344291 1.02539 1.87613
v 0.321247 1.01291 1.88698
v 0.373996 1.0191 1.87424
v 0.318457 1.01542 1.88656
v 0.324518 1.01231 1.8872
v 0.319303 1.01491 1.88689
v 0.350089 1.02481 1.87612
v 0.420246 1.00336 1.87357
v 0.328198 1.01189 1.88734
v 0.324645 1.02486 1.88115
v 0.345957 1.00956 1.88575
v 0.318123 1.02003 1.8851
v 0.317975 1.01957 1.8854
v 0.317899 1.01909 1.88569
v 0.317905 1.01862 1.88597
v 0.318003 1.01816 1.88623
v 0.318182 1.01771 1.88647
v 0.318429 1.0173 1.8867
v 0.318732 1.01694 1.88691
v 0.319077 1.01661 1.8871
v 0.339188 1.02689 1.87803
v 0.335882 1.0269 1.87864
v 0.319452 1.01633 1.88729
v 0.332236 1.02668 1.8795
v 0.408974 1.00946 1.87373
v 0.344453 1.02653 1.87743
v 0.328579 1.02616 1.88054
v 0.32026 1.01584 1.88764
v 0.325329 1.02538 1.88165
v 0.321116 1.01543 1.88797
v 0.335484 1.01159 1.88757
v 0.385691 1.01699 1.87507
v 0.361965 1.02327 1.8765
v 0.321999 1.01509 1.88829
v 0.350099 1.02597 1.87742
v 0.322773 1.01467 1.88847
v 0.320459 1.01726 1.88797
v 0.325966 1.01425 1.88886
v 0.321229 1.01679 1.88833
v 0.339731 1.02807 1.87923
v 0.322045 1.0164 1.88867
v 0.336685 1.02808 1.87982
v 0.344621 1.02775 1.87864
v 0.333348 1.02788 1.88065
v 0.420308 1.00642 1.87491
v 0.329394 1.01385 1.88904
v 0.320071 1.02075 1.88695
v 0.322886 1.01608 1.889
v 0.329994 1.0274 1.88166
v 0.320077 1.02032 1.88723
v 0.320165 1.0199 1.8875
v 0.320327 1.0195 1.88775
v 0.326993 1.0267 1.88273
v 0.320551 1.01912 1.88798
v 0.320826 1.01878 1.8882
v 0.323749 1.01582 1.88932
v 0.321138 1.01849 1.8884
v 0.361853 1.02452 1.87779
v 0.37369 1.02153 1.87715
v 0.321477 1.01823 1.8886
v 0.326277 1.02642 1.88333
v 0.350114 1.02722 1.87862
v 0.397341 1.01468 1.87608
v 0.322209 1.01778 1.88897
v 0.326703 1.01527 1.88961
v 0.325577 1.02611 1.88394
v 0.333912 1.02851 1.88118
v 0.330712 1.02806 1.88216
v 0.322984 1.0174 1.88933
v 0.324899 1.02574 1.88456
v 0.32794 1.02749 1.88325
v 0.336173 1.01355 1.88935
v 0.323783 1.01709 1.88967
v 0.324252 1.02532 1.88519
v 0.340287 1.02934 1.88031
v 0.337507 1.02935 1.88088
v 0.344796 1.02905 1.87973
v 0.323645 1.02485 1.88582
v 0.324604 1.01684 1.89
v 0.334483 1.02917 1.88166
v 0.322507 1.01922 1.88917
v 0.323095 1.02431 1.88645
v 0.331437 1.02875 1.88261
v 0.322853 1.024 1.88677
v 0.3232 1.0188 1.88955
v 0.322643 1.02366 1.88708
v 0.32869 1.02813 1.88362
v 0.346126 1.01254 1.88897
v 0.327449 1.01631 1.8903
v 0.322473 1.02329 1.88739
v 0.322353 1.02291 1.8877
v 0.361742 1.02586 1.87898
v 0.350133 1.02856 1.87971
v 0.323934 1.01844 1.88992
v 0.322291 1.02252 1.88799
v 0.322296 1.02214 1.88828
v 0.373536 1.02287 1.87846
v 0.322374 1.02176 1.88854
v 0.322519 1.02139 1.8888
v 0.385414 1.0196 1.87804
v 0.322719 1.02106 1.88903
v 0.324691 1.01814 1.89027
v 0.335058 1.02985 1.8821
v 0.33062 1.01594 1.89053
v 0.322964 1.02076 1.88926
v 0.408917 1.01217 1.87723
v 0.332169 1.02946 1.88302
v 0.323243 1.02049 1.88947
v 0.323547 1.02025 1.88968
v 0.329549 1.02888 1.884
v 0.383384 1.00938 1.8845
v 0.324201 1.01985 1.89007
v 0.340856 1.03071 1.88125
v 0.325705 1.0182 1.89077
v 0.344976 1.03045 1.8807
v 0.338344 1.03072 1.88178
v 0.346177 1.01342 1.88978
v 0.328203 1.01739 1.89094
v 0.335639 1.03056 1.88251
v 0.324893 1.01951 1.89045
v 0.332907 1.0302 1.88338
v 0.325607 1.01922 1.89081
v 0.350158 1.02999 1.88068
v 0.336882 1.01563 1.89091
v 0.331244 1.01703 1.89118
v 0.330637 1.02987 1.88439
v 0.324597 1.02131 1.89013
v 0.32634 1.01899 1.89117
v 0.373383 1.0243 1.87964
v 0.336224 1.0313 1.88286
v 0.324553 1.02442 1.8888
v 0.33365 1.03097 1.88369
v 0.324557 1.02408 1.88908
v 0.329344 1.0292 1.88547
v 0.324626 1.02374 1.88935
v 0.33129 1.03048 1.88458
v 0.328966 1.0185 1.8915
v 0.325862 1.02061 1.89091
v 0.324753 1.02342 1.8896
v 0.324929 1.02312 1.88984
v 0.397164 1.01749 1.8791
v 0.32883 1.02892 1.88607
v 0.341437 1.03218 1.88204
v 0.345164 1.03195 1.88154
v 0.325144 1.02286 1.89007
v 0.420357 1.00938 1.87851
v 0.339197 1.03219 1.88252
v 0.40889 1.01364 1.87884
v 0.336814 1.03207 1.88317
v 0.341947 1.01553 1.89126
v 0.32834 1.0286 1.88666
v 0.325656 1.02241 1.8905
v 0.331875 1.01815 1.89176
v 0.337244 1.01672 1.89159
v 0.334399 1.03177 1.88395
v 0.327222 1.02012 1.89165
v 0.33217 1.03133 1.88478
v 0.32788 1.02823 1.88726
v 0.350188 1.03152 1.88153
v 0.327665 1.02804 1.88756
v 0.361528 1.02881 1.881
v 0.346283 1.01528 1.89127
v 0.327463 1.02782 1.88786
v 0.32684 1.02174 1.8913
v 0.337409 1.03286 1.88343
v 0.383288 1.01107 1.88648
v 0.329737 1.01965 1.89199
v 0.32728 1.02758 1.88816
v 0.373231 1.02583 1.88069
v 0.335154 1.0326 1.88415
v 0.327121 1.02732 1.88846
v 0.326992 1.02704 1.88876
v 0.326941 1.0269 1.88891
v 0.326725 1.02354 1.89081
v 0.326901 1.02675 1.88905
v 0.333235 1.03239 1.88495
v 0.326854 1.02646 1.88934
v 0.342029 1.03375 1.88268
v 0.332513 1.01932 1.89226
v 0.385139 1.02257 1.88052
v 0.345358 1.03354 1.88225
v 0.340064 1.03377 1.88309
v 0.337611 1.01785 1.89219
v 0.326857 1.02616 1.88961
v 0.338007 1.03369 1.88364
v 0.326917 1.02587 1.88988
v 0.327026 1.02559 1.89013
v 0.328273 1.0215 1.89212
v 0.335913 1.03346 1.8843
v 0.327177 1.02533 1.89037
v 0.327827 1.02292 1.89162
v 0.397078 1.01904 1.88042
v 0.333948 1.03312 1.88501
v 0.327363 1.0251 1.8906
v 0.330515 1.02084 1.89241
v 0.350223 1.03315 1.88223
v 0.408866 1.01521 1.88032
v 0.327803 1.02471 1.89104
v 0.33861 1.03454 1.8838
v 0.361425 1.03043 1.88181
v 0.420386 1.01099 1.88015
v 0.333158 1.02052 1.89269
v 0.334845 1.03407 1.88502
v 0.3423 1.01774 1.89257
v 0.32901 1.02249 1.89239
v 0.333228 1.03281 1.88605
v 0.337982 1.01902 1.89272
v 0.373082 1.02745 1.8816
v 0.42034 1.00909 1.88171
v 0.342631 1.03544 1.88315
v 0.340944 1.03548 1.88347
v 0.329306 1.02913 1.88903
v 0.328822 1.02414 1.89186
v 0.345559 1.03525 1.88281
v 0.329263 1.02901 1.88917
v 0.339216 1.03543 1.8839
v 0.332883 1.03262 1.88658
v 0.329229 1.02888 1.88931
v 0.331301 1.02207 1.89274
v 0.32919 1.02864 1.88958
v 0.385004 1.0242 1.88155
v 0.329193 1.02839 1.88985
v 0.332554 1.03241 1.88711
v 0.336032 1.03537 1.88494
v 0.329242 1.02814 1.8901
v 0.346418 1.01766 1.89272
v 0.383194 1.01287 1.8883
v 0.329334 1.02791 1.89035
v 0.350264 1.03489 1.8828
v 0.339826 1.03635 1.88395
v 0.329917 1.02374 1.89263
v 0.332246 1.03216 1.88765
v 0.333809 1.02176 1.89303
v 0.342482 1.0189 1.89311
v 0.338358 1.02023 1.89316
v 0.336654 1.03608 1.88485
v 0.329615 1.0275 1.89081
v 0.332102 1.03203 1.88791
v 0.361327 1.03216 1.88248
v 0.396994 1.02068 1.88159
v 0.331966 1.03189 1.88818
v 0.329984 1.02717 1.89125
v 0.331843 1.03173 1.88845
v 0.332094 1.02334 1.89299
v 0.341835 1.0373 1.88365
v 0.343243 1.03724 1.88344
v 0.340439 1.03731 1.88394
v 0.338996 1.03725 1.88429
v 0.331736 1.03155 1.88872
v 0.337565 1.03714 1.88465
v 0.345767 1.03706 1.88322
v 0.372936 1.02919 1.88235
v 0.408845 1.01687 1.88165
v 0.33165 1.03137 1.88898
v 0.330685 1.02482 1.89277
v 0.331616 1.03127 1.88912
v 0.346484 1.01881 1.89326
v 0.331589 1.03117 1.88925
v 0.420418 1.01269 1.88166
v 0.334466 1.02305 1.89328
v 0.331557 1.03097 1.8895
v 0.341055 1.03829 1.88388
v 0.339776 1.03828 1.88412
v 0.338479 1.03823 1.88439
v 0.330835 1.02669 1.89207
v 0.338738 1.02148 1.89351
v 0.342667 1.0201 1.89355
v 0.33156 1.03077 1.88976
v 0.350312 1.03674 1.88321
v 0.3316 1.03058 1.89
v 0.384873 1.02595 1.88241
v 0.337205 1.03701 1.8855
v 0.372864 1.0301 1.88267
v 0.331673 1.03039 1.89023
v 0.339395 1.03932 1.88408
v 0.361234 1.034 1.88299
v 0.340557 1.03932 1.88392
v 0.341673 1.03929 1.88377
v 0.342736 1.03924 1.88365
v 0.331899 1.03006 1.89068
v 0.334167 1.03404 1.88811
v 0.343863 1.03916 1.88356
v 0.331751 1.02635 1.89286
v 0.334086 1.03391 1.88836
v 0.346551 1.02 1.8937
v 0.340266 1.04032 1.8838
v 0.336868 1.03683 1.88635
v 0.334022 1.03377 1.8886
v 0.396913 1.02244 1.88259
v 0.332195 1.0298 1.89111
v 0.384808 1.02687 1.88277
v 0.339124 1.02278 1.89376
v 0.372793 1.03104 1.88294
v 0.342855 1.02135 1.8939
v 0.333976 1.03363 1.88884
v 0.339217 1.03928 1.8848
v 0.336714 1.03672 1.88678
v 0.333952 1.03348 1.88908
v 0.3337 1.02601 1.8932
v 0.383102 1.01479 1.88989
v 0.341217 1.04131 1.88354
v 0.336642 1.03666 1.88699
v 0.333954 1.03333 1.88931
v 0.342114 1.04126 1.88354
v 0.350366 1.03871 1.88346
v 0.34022 1.04036 1.88445
v 0.336574 1.03659 1.88721
v 0.333984 1.03319 1.88953
v 0.342905 1.04122 1.88354
v 0.408828 1.01865 1.88281
v 0.335178 1.03492 1.8885
v 0.332878 1.02942 1.89192
v 0.33404 1.03305 1.88975
v 0.336513 1.03652 1.88742
v 0.339049 1.03922 1.88552
v 0.335799 1.02576 1.89348
v 0.372724 1.03201 1.88317
v 0.344487 1.04113 1.88354
v 0.335159 1.0348 1.88872
v 0.384745 1.02782 1.88309
v 0.396875 1.02337 1.88302
v 0.346623 1.02125 1.89406
v 0.33646 1.03644 1.88764
v 0.361145 1.03596 1.88334
v 0.341217 1.04131 1.88417
v 0.339514 1.02412 1.89391
v 0.335161 1.03468 1.88894
v 0.336417 1.03635 1.88785
v 0.343046 1.02264 1.89415
v 0.338973 1.03918 1.88589
v 0.335186 1.03456 1.88916
v 0.340137 1.04034 1.88512
v 0.420456 1.0145 1.883
v 0.33329 1.02866 1.89276
v 0.336386 1.03626 1.88806
v 0.335232 1.03445 1.88937
v 0.336371 1.03617 1.88827
v 0.334432 1.03262 1.89058
v 0.338904 1.03913 1.88625
v 0.333613 1.02915 1.8927
v 0.340099 1.04032 1.88545
v 0.336372 1.03607 1.88848
v 0.372656 1.03301 1.88336
v 0.341217 1.04131 1.88479
v 0.384682 1.02879 1.88336
v 0.337599 1.03764 1.88754
v 0.336393 1.03598 1.88868
v 0.346684 1.02233 1.89427
v 0.350426 1.04079 1.88354
v 0.338847 1.03907 1.88661
v 0.396837 1.02432 1.88339
v 0.337587 1.03757 1.88773
v 0.340065 1.0403 1.88578
v 0.33643 1.03589 1.88888
v 0.339908 1.02551 1.89395
v 0.338826 1.03903 1.88679
v 0.341217 1.04131 1.8851
v 0.337589 1.03751 1.88792
v 0.33556 1.0341 1.89016
v 0.343242 1.02399 1.8943
v 0.338811 1.03899 1.88697
v 0.334947 1.03234 1.89136
v 0.361062 1.03803 1.88351
v 0.338804 1.03895 1.88715
v 0.341217 1.04131 1.88541
v 0.372589 1.03404 1.88349
v 0.337632 1.03738 1.8883
v 0.420403 1.01242 1.88523
v 0.338805 1.03891 1.88733
v 0.337156 1.02866 1.89326
v 0.384621 1.0298 1.88358
v 0.340019 1.04025 1.88645
v 0.336693 1.03562 1.88964
v 0.341217 1.04131 1.88573
v 0.396801 1.02531 1.88372
v 0.408816 1.02055 1.88377
v 0.338835 1.03884 1.88768
v 0.33599 1.03387 1.89092
v 0.383015 1.01684 1.89123
v 0.346772 1.02388 1.89445
v 0.340017 1.04021 1.88678
v 0.34344 1.02538 1.89433
v 0.341217 1.04131 1.88604
v 0.335499 1.03215 1.89212
v 0.372524 1.0351 1.88358
v 0.337831 1.03719 1.88901
v 0.340032 1.04018 1.88711
v 0.335887 1.03278 1.89194
v 0.384561 1.03085 1.88375
v 0.341217 1.04131 1.88635
v 0.337038 1.03546 1.89037
v 0.338968 1.03873 1.88835
v 0.34071 1.02845 1.89369
v 0.346835 1.02498 1.89448
v 0.420498 1.01642 1.88415
v 0.360985 1.04019 1.88354
v 0.336451 1.03372 1.89166
v 0.396766 1.02633 1.88399
v 0.341217 1.04131 1.88666
v 0.343643 1.02683 1.89424
v 0.408812 1.02154 1.88417
v 0.338533 1.03178 1.89257
v 0.340099 1.04014 1.88775
v 0.384503 1.03192 1.88386
v 0.382973 1.01793 1.89178
v 0.337408 1.03535 1.89108
v 0.341217 1.04131 1.88729
v 0.372398 1.03731 1.88362
v 0.343848 1.02833 1.89402
v 0.396732 1.02739 1.8842
v 0.346934 1.02672 1.89438
v 0.338369 1.03702 1.89039
v 0.340187 1.04012 1.88838
v 0.34153 1.03162 1.89292
v 0.384447 1.03303 1.88392
v 0.408809 1.02258 1.88451
v 0.339931 1.03512 1.89138
v 0.339329 1.03864 1.88966
v 0.346995 1.02779 1.89423
v 0.341217 1.04131 1.88792
v 0.420442 1.01425 1.88675
v 0.382932 1.01906 1.89226
v 0.3967 1.02848 1.88436
v 0.340281 1.04011 1.88901
v 0.340463 1.04037 1.8889
v 0.384391 1.03418 1.88392
v 0.342368 1.03502 1.89161
v 0.344272 1.03152 1.89319
v 0.372272 1.03955 1.88354
v 0.347093 1.02952 1.89386
v 0.341217 1.04131 1.88854
v 0.408808 1.02364 1.88479
v 0.420548 1.01848 1.88506
v 0.342706 1.04123 1.88854
v 0.39667 1.0296 1.88445
v 0.3472 1.0314 1.8933
v 0.382893 1.02023 1.89265
v 0.347297 1.0331 1.89265
v 0.408809 1.02474 1.88501
v 0.396641 1.03077 1.88447
v 0.347744 1.04094 1.88854
v 0.420575 1.01957 1.88543
v 0.382856 1.02144 1.89294
v 0.396615 1.03197 1.88443
v 0.408812 1.02589 1.88516
v 0.401762 1.01864 1.89081
v 0.420486 1.0162 1.88806
v 0.384176 1.03887 1.88354
v 0.420604 1.02069 1.88573
v 0.39659 1.03321 1.88432
v 0.408816 1.02707 1.88523
v 0.382821 1.0227 1.89314
v 0.420635 1.02184 1.88596
v 0.401758 1.01977 1.89123
v 0.42051 1.01722 1.88864
v 0.364368 1.0306 1.89307
v 0.408823 1.02829 1.88524
v 0.382788 1.02401 1.89323
v 0.364352 1.03396 1.89171
v 0.408832 1.02955 1.88517
v 0.420668 1.02304 1.88611
v 0.401757 1.02094 1.89156
v 0.382758 1.02538 1.89321
v 0.420536 1.01828 1.88915
v 0.39649 1.03817 1.88354
v 0.408843 1.03085 1.88502
v 0.420703 1.02428 1.88619
v 0.38273 1.02679 1.89308
v 0.408856 1.0322 1.88479
v 0.401757 1.02216 1.89181
v 0.42074 1.02557 1.88619
v 0.420564 1.01937 1.8896
v 0.382705 1.02827 1.89283
v 0.382682 1.0298 1.89246
v 0.401759 1.02342 1.89197
v 0.42078 1.02689 1.8861
v 0.382663 1.03139 1.89195
v 0.420594 1.0205 1.88997
v 0.382647 1.03304 1.8913
v 0.420822 1.02826 1.88592
v 0.401764 1.02473 1.89203
v 0.382542 1.03896 1.88854
v 0.420867 1.02969 1.88565
v 0.401771 1.0261 1.89199
v 0.420625 1.02168 1.89028
v 0.420914 1.03115 1.88529
v 0.401781 1.02751 1.89184
v 0.420659 1.02289 1.89051
v 0.421012 1.03416 1.88434
v 0.401794 1.02897 1.89158
v 0.421088 1.03677 1.88354
v 0.401809 1.03049 1.89121
v 0.420695 1.02414 1.89066
v 0.401828 1.03207 1.89073
v 0.420733 1.02544 1.89072
v 0.401872 1.03786 1.88854
v 0.420774 1.02679 1.89069
v 0.420817 1.02818 1.89058
v 0.420863 1.02962 1.89037
v 0.420911 1.03111 1.89006
v 0.421012 1.03415 1.88921
v 0.421088 1.03677 1.88854
g ASSEMBLEDPROTOTYPE3
f 3811 3778 3813
f 3813 3778 3767
f 3767 3742 3813
f 3813 3742 3703
f 3813 3703 3674
f 3432 3530 3660
f 3660 3530 3547
f 3660 3547 3552
f 3432 3660 3387
f 3387 3660 3670
f 3387 3670 3705
f 3751 3798 3813
f 3813 3798 3826
f 3813 3826 3832
f 3788 3811 3789
f 3789 3811 3790
f 3788 3787 3811
f 3811 3787 3785
f 3811 3785 3784
f 3784 3783 3811
f 3811 3783 3782
f 3811 3782 3778
f 3674 3587 3813
f 3813 3587 3387
f 3813 3387 3751
f 3751 3387 3705
f 3806 3805 3795
f 3800 3799 3797
f 3794 3792 3811
f 3811 3792 3791
f 3811 3791 3790
f 3587 3510 3387
f 3387 3510 3481
f 3387 3481 3433
f 3552 3556 3660
f 3660 3556 3559
f 3660 3559 3565
f 3565 3566 3660
f 3660 3566 3570
f 3660 3570 3575
f 3653 3655 3575
f 3575 3655 3657
f 3575 3657 3660
f 3879 3868 3869
f 3869 3868 3839
f 3806 3795 3808
f 3805 3804 3795
f 3795 3804 3803
f 3795 3803 3802
f 3802 3801 3795
f 3795 3801 3800
f 3795 3800 3796
f 3796 3800 3797
f 3579 3586 3641
f 3586 3589 3641
f 3641 3589 3594
f 3641 3594 3601
f 3832 3840 3813
f 3813 3840 3869
f 3813 3869 3825
f 3825 3869 3839
f 3794 3811 3795
f 3795 3811 3810
f 3795 3810 3808
f 3601 3604 3641
f 3641 3604 3613
f 3641 3613 3637
f 3637 3613 3615
f 3637 3615 3628
f 3579 3641 3575
f 3575 3641 3643
f 3575 3643 3653
f 3890 3888 3869
f 3869 3888 3886
f 3869 3886 3885
f 3885 3883 3869
f 3869 3883 3881
f 3869 3881 3879
f 3374 3371 3382
f 3899 3897 3889
f 3889 3897 3895
f 3889 3895 3894
f 3869 3880 3890
f 3890 3880 3882
f 3890 3882 3884
f 3893 3896 3891
f 3891 3896 3898
f 3891 3898 3889
f 3889 3898 3900
f 3889 3900 3899
f 3884 3887 3890
f 3890 3887 3889
f 3890 3889 3892
f 3892 3889 3894
f 3433 3396 3387
f 3387 3396 3384
f 3387 3384 3382
f 3382 3384 3381
f 3382 3381 3374
f 3371 3370 3382
f 3382 3370 3369
f 3382 3369 3366
f 3366 3363 3382
f 3382 3363 3362
f 3382 3362 3359
f 3359 3357 3382
f 3382 3357 3356
f 3382 3356 3380
f 3380 3356 3354
f 3380 3354 3355
f 3355 3358 3380
f 3380 3358 3360
f 3380 3360 3361
f 3368 3372 3367
f 3367 3372 3373
f 3367 3373 3361
f 3361 3373 3378
f 3361 3378 3380
f 1917 1904 1880
f 1945 1938 1914
f 1959 1956 1926
f 1686 1731 1771
f 1802 1768 1735
f 1681 1665 1623
f 1565 1557 1522
f 1493 1498 1486
f 1495 1514 1489
f 1318 1305 1350
f 1514 1574 1567
f 1458 1465 1514
f 1257 1276 1291
f 1276 1257 1251
f 1184 1206 1197
f 1197 1206 1228
f 1197 1228 1233
f 1233 1228 1251
f 1233 1251 1243
f 1243 1251 1257
f 1294 1283 1291
f 1291 1283 1273
f 1291 1273 1257
f 1291 1313 1294
f 1294 1313 1329
f 1294 1329 1316
f 1316 1329 1357
f 1316 1357 1341
f 1341 1357 1346
f 1346 1357 1384
f 1346 1384 1369
f 1465 1458 1416
f 1458 1415 1416
f 1416 1415 1412
f 1416 1412 1384
f 1384 1412 1379
f 1384 1379 1369
f 1567 1574 1569
f 1569 1574 1632
f 1569 1632 1629
f 1629 1632 1678
f 1629 1678 1671
f 1716 1703 1678
f 1678 1703 1677
f 1678 1677 1671
f 1755 1742 1744
f 1744 1742 1733
f 1744 1733 1716
f 1716 1733 1712
f 1716 1712 1703
f 1744 1772 1755
f 1755 1772 1800
f 1755 1800 1776
f 1776 1800 1820
f 1776 1820 1812
f 1812 1820 1855
f 1812 1855 1837
f 1837 1855 1880
f 1837 1880 1853
f 1853 1880 1904
f 1853 1904 1895
f 1266 1305 1281
f 1281 1305 1318
f 1281 1318 1306
f 1495 1489 1486
f 1486 1498 1495
f 1495 1498 1509
f 1495 1509 1514
f 1515 1514 1509
f 1354 1334 1363
f 1363 1334 1351
f 1363 1351 1386
f 1386 1351 1374
f 1386 1374 1419
f 1419 1374 1411
f 1419 1411 1475
f 1475 1411 1471
f 1475 1471 1540
f 1515 1509 1517
f 1517 1509 1498
f 1517 1498 1519
f 1519 1498 1493
f 1519 1493 1522
f 1371 1354 1380
f 1380 1354 1363
f 1380 1363 1399
f 1399 1363 1386
f 1399 1386 1424
f 1424 1386 1419
f 1424 1419 1480
f 1480 1419 1475
f 1480 1475 1533
f 1533 1475 1540
f 1533 1540 1619
f 1522 1557 1519
f 1519 1557 1547
f 1519 1547 1517
f 1517 1547 1535
f 1517 1535 1515
f 1515 1535 1525
f 1515 1525 1514
f 1623 1612 1565
f 1565 1612 1557
f 1557 1612 1594
f 1557 1594 1547
f 1547 1594 1573
f 1547 1573 1535
f 1535 1573 1555
f 1535 1555 1525
f 1525 1555 1532
f 1525 1532 1514
f 1623 1665 1612
f 1612 1665 1644
f 1612 1644 1594
f 1594 1644 1625
f 1594 1625 1573
f 1573 1625 1602
f 1573 1602 1555
f 1555 1602 1571
f 1555 1571 1532
f 1532 1571 1543
f 1532 1543 1514
f 1552 1514 1543
f 1514 1473 1483
f 1483 1473 1449
f 1483 1449 1468
f 1468 1449 1444
f 1468 1444 1470
f 1470 1444 1459
f 1470 1459 1490
f 1490 1459 1488
f 1490 1488 1524
f 1524 1488 1527
f 1524 1527 1575
f 1575 1527 1582
f 1575 1582 1635
f 1635 1582 1645
f 1635 1645 1694
f 1694 1645 1719
f 1694 1719 1759
f 1759 1719 1787
f 1759 1787 1826
f 1552 1543 1593
f 1593 1543 1571
f 1593 1571 1626
f 1626 1571 1602
f 1626 1602 1651
f 1651 1602 1625
f 1651 1625 1679
f 1679 1625 1644
f 1679 1644 1700
f 1700 1644 1665
f 1700 1665 1720
f 1720 1665 1681
f 1720 1681 1735
f 1735 1768 1720
f 1720 1768 1748
f 1720 1748 1700
f 1700 1748 1728
f 1700 1728 1679
f 1679 1728 1705
f 1679 1705 1651
f 1651 1705 1680
f 1651 1680 1626
f 1626 1680 1646
f 1626 1646 1593
f 1593 1646 1609
f 1593 1609 1552
f 1552 1609 1560
f 1552 1560 1514
f 1861 1831 1802
f 1802 1831 1768
f 1768 1831 1801
f 1768 1801 1748
f 1748 1801 1781
f 1748 1781 1728
f 1728 1781 1753
f 1728 1753 1705
f 1705 1753 1729
f 1705 1729 1680
f 1680 1729 1701
f 1680 1701 1646
f 1646 1701 1669
f 1646 1669 1609
f 1609 1669 1622
f 1609 1622 1560
f 1560 1622 1566
f 1560 1566 1514
f 1915 1922 1891
f 1891 1922 1899
f 1891 1899 1866
f 1866 1899 1870
f 1866 1870 1839
f 1839 1870 1849
f 1839 1849 1814
f 1814 1849 1824
f 1814 1824 1784
f 1784 1824 1792
f 1784 1792 1743
f 1743 1792 1752
f 1743 1752 1704
f 1704 1752 1711
f 1704 1711 1650
f 1650 1711 1656
f 1650 1656 1587
f 1587 1656 1592
f 1587 1592 1514
f 1922 1928 1899
f 1899 1928 1909
f 1899 1909 1870
f 1870 1909 1878
f 1870 1878 1849
f 1849 1878 1859
f 1849 1859 1824
f 1824 1859 1830
f 1824 1830 1792
f 1792 1830 1799
f 1792 1799 1752
f 1752 1799 1757
f 1752 1757 1711
f 1711 1757 1718
f 1711 1718 1656
f 1656 1718 1662
f 1656 1662 1592
f 1592 1662 1596
f 1592 1596 1514
f 1928 1932 1909
f 1909 1932 1912
f 1909 1912 1878
f 1878 1912 1885
f 1878 1885 1859
f 1859 1885 1865
f 1859 1865 1830
f 1830 1865 1833
f 1830 1833 1799
f 1799 1833 1804
f 1799 1804 1757
f 1757 1804 1761
f 1757 1761 1718
f 1718 1761 1723
f 1718 1723 1662
f 1662 1723 1666
f 1662 1666 1596
f 1596 1666 1598
f 1596 1598 1514
f 1932 1931 1912
f 1912 1931 1911
f 1912 1911 1885
f 1885 1911 1884
f 1885 1884 1865
f 1865 1884 1864
f 1865 1864 1833
f 1833 1864 1832
f 1833 1832 1804
f 1804 1832 1803
f 1804 1803 1761
f 1761 1803 1760
f 1761 1760 1723
f 1723 1760 1722
f 1723 1722 1666
f 1666 1722 1663
f 1666 1663 1598
f 1598 1663 1597
f 1598 1597 1514
f 1220 1237 1266
f 1266 1237 1275
f 1266 1275 1305
f 1305 1275 1312
f 1305 1312 1350
f 1350 1312 1343
f 1350 1343 1393
f 1319 1306 1338
f 1338 1306 1318
f 1338 1318 1358
f 1358 1318 1350
f 1358 1350 1404
f 1404 1350 1393
f 1404 1393 1428
f 1334 1319 1351
f 1351 1319 1338
f 1351 1338 1374
f 1374 1338 1358
f 1374 1358 1411
f 1411 1358 1404
f 1411 1404 1471
f 1471 1404 1428
f 1428 1472 1471
f 1471 1472 1523
f 1471 1523 1540
f 1540 1523 1613
f 1540 1613 1619
f 1619 1613 1637
f 1619 1637 1676
f 1402 1371 1401
f 1401 1371 1380
f 1401 1380 1410
f 1410 1380 1399
f 1410 1399 1432
f 1432 1399 1424
f 1432 1424 1481
f 1481 1424 1480
f 1481 1480 1530
f 1530 1480 1533
f 1530 1533 1605
f 1605 1533 1619
f 1605 1619 1686
f 1686 1619 1676
f 1686 1676 1731
f 1429 1402 1418
f 1418 1402 1401
f 1418 1401 1422
f 1422 1401 1410
f 1422 1410 1447
f 1447 1410 1432
f 1447 1432 1485
f 1485 1432 1481
f 1485 1481 1528
f 1528 1481 1530
f 1528 1530 1591
f 1591 1530 1605
f 1591 1605 1668
f 1668 1605 1686
f 1668 1686 1737
f 1737 1686 1771
f 1737 1771 1807
f 1473 1429 1449
f 1449 1429 1418
f 1449 1418 1444
f 1444 1418 1422
f 1444 1422 1459
f 1459 1422 1447
f 1459 1447 1488
f 1488 1447 1485
f 1488 1485 1527
f 1527 1485 1528
f 1527 1528 1582
f 1582 1528 1591
f 1582 1591 1645
f 1645 1591 1668
f 1645 1668 1719
f 1719 1668 1737
f 1719 1737 1787
f 1787 1737 1807
f 1807 1816 1787
f 1787 1816 1852
f 1787 1852 1826
f 1826 1852 1867
f 1826 1867 1882
f 1514 1483 1489
f 1489 1483 1468
f 1489 1468 1486
f 1486 1468 1470
f 1486 1470 1493
f 1493 1470 1490
f 1493 1490 1522
f 1522 1490 1524
f 1522 1524 1565
f 1565 1524 1575
f 1565 1575 1623
f 1623 1575 1635
f 1623 1635 1681
f 1681 1635 1694
f 1681 1694 1735
f 1735 1694 1759
f 1735 1759 1802
f 1802 1759 1826
f 1802 1826 1861
f 1861 1826 1882
f 1861 1882 1901
f 1206 1220 1228
f 1228 1220 1266
f 1228 1266 1251
f 1251 1266 1281
f 1251 1281 1276
f 1276 1281 1306
f 1276 1306 1291
f 1291 1306 1319
f 1291 1319 1313
f 1313 1319 1334
f 1313 1334 1329
f 1329 1334 1354
f 1329 1354 1357
f 1357 1354 1371
f 1357 1371 1384
f 1384 1371 1402
f 1384 1402 1416
f 1416 1402 1429
f 1416 1429 1465
f 1465 1429 1473
f 1465 1473 1514
f 1919 1927 1887
f 1887 1927 1898
f 1887 1898 1862
f 1862 1898 1879
f 1862 1879 1825
f 1825 1879 1846
f 1825 1846 1806
f 1806 1846 1822
f 1806 1822 1778
f 1778 1822 1798
f 1778 1798 1749
f 1749 1798 1766
f 1749 1766 1724
f 1724 1766 1734
f 1724 1734 1683
f 1683 1734 1695
f 1683 1695 1634
f 1634 1695 1643
f 1634 1643 1577
f 1577 1643 1581
f 1577 1581 1514
f 1927 1939 1898
f 1898 1939 1915
f 1898 1915 1879
f 1879 1915 1891
f 1879 1891 1846
f 1846 1891 1866
f 1846 1866 1822
f 1822 1866 1839
f 1822 1839 1798
f 1798 1839 1814
f 1798 1814 1766
f 1766 1814 1784
f 1766 1784 1734
f 1734 1784 1743
f 1734 1743 1695
f 1695 1743 1704
f 1695 1704 1643
f 1643 1704 1650
f 1643 1650 1581
f 1581 1650 1587
f 1581 1587 1514
f 1939 1943 1915
f 1915 1943 1955
f 1915 1955 1922
f 1922 1955 1961
f 1922 1961 1928
f 1928 1961 1966
f 1928 1966 1932
f 1932 1966 1968
f 1932 1968 1931
f 1931 1968 1967
f 1931 1967 1965
f 1965 1959 1931
f 1931 1959 1926
f 1931 1926 1911
f 1911 1926 1907
f 1911 1907 1884
f 1884 1907 1876
f 1884 1876 1864
f 1864 1876 1858
f 1864 1858 1832
f 1832 1858 1828
f 1832 1828 1803
f 1803 1828 1796
f 1803 1796 1760
f 1760 1796 1756
f 1760 1756 1722
f 1722 1756 1717
f 1722 1717 1663
f 1663 1717 1661
f 1663 1661 1597
f 1597 1661 1595
f 1597 1595 1514
f 1956 1954 1926
f 1926 1954 1921
f 1926 1921 1907
f 1907 1921 1897
f 1907 1897 1876
f 1876 1897 1869
f 1876 1869 1858
f 1858 1869 1848
f 1858 1848 1828
f 1828 1848 1821
f 1828 1821 1796
f 1796 1821 1791
f 1796 1791 1756
f 1756 1791 1751
f 1756 1751 1717
f 1717 1751 1710
f 1717 1710 1661
f 1661 1710 1655
f 1661 1655 1595
f 1595 1655 1590
f 1595 1590 1514
f 1954 1945 1921
f 1921 1945 1914
f 1921 1914 1897
f 1897 1914 1889
f 1897 1889 1869
f 1869 1889 1860
f 1869 1860 1848
f 1848 1860 1838
f 1848 1838 1821
f 1821 1838 1811
f 1821 1811 1791
f 1791 1811 1780
f 1791 1780 1751
f 1751 1780 1741
f 1751 1741 1710
f 1710 1741 1702
f 1710 1702 1655
f 1655 1702 1648
f 1655 1648 1590
f 1590 1648 1585
f 1590 1585 1514
f 1938 1930 1914
f 1914 1930 1894
f 1914 1894 1889
f 1889 1894 1873
f 1889 1873 1860
f 1860 1873 1845
f 1860 1845 1838
f 1838 1845 1819
f 1838 1819 1811
f 1811 1819 1793
f 1811 1793 1780
f 1780 1793 1763
f 1780 1763 1741
f 1741 1763 1730
f 1741 1730 1702
f 1702 1730 1692
f 1702 1692 1648
f 1648 1692 1641
f 1648 1641 1585
f 1585 1641 1579
f 1585 1579 1514
f 1930 1917 1894
f 1894 1917 1880
f 1894 1880 1873
f 1873 1880 1855
f 1873 1855 1845
f 1845 1855 1820
f 1845 1820 1819
f 1819 1820 1800
f 1819 1800 1793
f 1793 1800 1772
f 1793 1772 1763
f 1763 1772 1744
f 1763 1744 1730
f 1730 1744 1716
f 1730 1716 1692
f 1692 1716 1678
f 1692 1678 1641
f 1641 1678 1632
f 1641 1632 1579
f 1579 1632 1574
f 1579 1574 1514
f 1901 1919 1861
f 1861 1919 1887
f 1861 1887 1831
f 1831 1887 1862
f 1831 1862 1801
f 1801 1862 1825
f 1801 1825 1781
f 1781 1825 1806
f 1781 1806 1753
f 1753 1806 1778
f 1753 1778 1729
f 1729 1778 1749
f 1729 1749 1701
f 1701 1749 1724
f 1701 1724 1669
f 1669 1724 1683
f 1669 1683 1622
f 1622 1683 1634
f 1622 1634 1566
f 1566 1634 1577
f 1566 1577 1514
f 2333 2325 2297
f 2297 2325 2292
f 2298 2271 2308
f 2308 2271 2269
f 2308 2269 2316
f 2244 2240 2250
f 2244 2250 2269
f 2257 2264 2250
f 2250 2264 2292
f 2250 2292 2269
f 2269 2292 2325
f 2269 2325 2316
f 3938 3936 3937
f 3937 3936 3935
f 3736 3739 3749
f 3929 3915 3819
f 3819 3915 3816
f 3819 3816 3781
f 3781 3816 3776
f 3781 3776 3741
f 3741 3776 3754
f 3741 3754 3738
f 3738 3754 3745
f 3738 3745 3710
f 3687 3723 3725
f 3736 3749 3752
f 3679 3721 3681
f 3681 3721 3723
f 3681 3723 3685
f 3685 3723 3687
f 3739 3736 3735
f 3735 3736 3708
f 3735 3708 3732
f 3939 3942 3937
f 3937 3942 3940
f 3937 3940 3938
f 3745 3737 3710
f 3710 3737 3733
f 3710 3733 3699
f 3699 3733 3730
f 3699 3730 3695
f 3695 3730 3728
f 3695 3728 3692
f 3692 3728 3726
f 3692 3726 3689
f 3689 3726 3724
f 3732 3708 3729
f 3729 3708 3701
f 3729 3701 3727
f 3727 3701 3694
f 3727 3694 3725
f 3725 3694 3690
f 3725 3690 3687
f 3722 3682 3724
f 3724 3682 3686
f 3724 3686 3689
f 3679 3677 3721
f 3721 3677 3678
f 3721 3678 3722
f 3722 3678 3680
f 3722 3680 3682
f 3953 3951 3939
f 3939 3941 3943
f 3925 3926 3935
f 3935 3926 3933
f 3935 3933 3937
f 3937 3933 3932
f 3937 3932 3929
f 3929 3932 3931
f 3929 3931 3915
f 3943 3945 3939
f 3939 3945 3949
f 3939 3949 3952
f 3952 3954 3939
f 3939 3954 3957
f 3939 3957 3959
f 3951 3947 3939
f 3939 3947 3944
f 3939 3944 3942
f 3959 3958 3939
f 3939 3958 3956
f 3939 3956 3953
f 3925 3916 3926
f 3926 3916 3913
f 3926 3913 3901
f 3901 3913 3904
f 3901 3904 3814
f 3814 3904 3807
f 3814 3807 3780
f 3780 3807 3752
f 3780 3752 3760
f 3760 3752 3749
f 2834 2829 2833
f 2834 2833 2842
f 2833 2841 2842
f 2842 2841 2844
f 2842 2844 2846
f 2699 2671 2653
f 2653 2671 2647
f 2846 2847 2842
f 2842 2847 2851
f 2842 2851 2852
f 2859 2860 2842
f 2842 2860 2863
f 2842 2863 2832
f 2832 2863 2857
f 2832 2857 2815
f 2815 2857 2837
f 2815 2837 2798
f 2798 2837 2811
f 2798 2811 2780
f 2780 2811 2791
f 2780 2791 2754
f 2754 2791 2773
f 2754 2773 2736
f 2736 2773 2746
f 2736 2746 2729
f 2729 2746 2733
f 2729 2733 2724
f 2724 2733 2726
f 2724 2726 2718
f 2718 2726 2723
f 2718 2723 2713
f 2713 2723 2716
f 2713 2716 2703
f 2703 2716 2705
f 2703 2705 2696
f 2696 2705 2698
f 2696 2698 2692
f 2692 2698 2688
f 2692 2688 2687
f 2687 2688 2683
f 2687 2683 2685
f 2685 2683 2678
f 2685 2678 2681
f 2681 2678 2668
f 2681 2668 2680
f 2680 2668 2662
f 2680 2662 2677
f 2677 2662 2660
f 2677 2660 2674
f 2674 2660 2658
f 2674 2658 2670
f 2670 2658 2656
f 2670 2656 2667
f 2852 2855 2842
f 2842 2855 2856
f 2842 2856 2859
f 2795 2789 2805
f 2653 2665 2699
f 2699 2665 2715
f 2699 2715 2795
f 2795 2715 2781
f 2795 2781 2789
f 2671 2664 2647
f 2647 2664 2663
f 2647 2663 2648
f 2648 2663 2667
f 2648 2667 2652
f 2652 2667 2656
f 2805 2813 2795
f 2795 2813 2822
f 2795 2822 2834
f 2834 2822 2826
f 2834 2826 2829
f 2911 2788 2758
f 2825 2731 2720
f 3507 3652 3684
f 3440 3446 3343
f 3343 3446 3345
f 3383 3435 3440
f 3583 3598 3482
f 3662 3661 3698
f 3698 3661 3696
f 3803 3804 3720
f 3488 3493 3425
f 3442 3513 3531
f 3715 3718 3693
f 3691 3688 3713
f 2909 2893 2995
f 3430 3587 3674
f 2944 2955 3229
f 3125 3249 3246
f 3246 3249 3319
f 3321 3408 3412
f 3408 3321 3407
f 2313 2296 2429
f 2624 2684 2669
f 2684 2624 2690
f 2769 2838 2831
f 2830 2835 2770
f 2768 2765 2827
f 2714 2725 2661
f 1842 1745 1985
f 1948 1630 1496
f 2489 2513 2374
f 2457 2472 2293
f 3651 3697 3673
f 3859 3857 3897
f 3486 3485 3390
f 2525 2529 2605
f 2329 2316 2321
f 2333 2431 2330
f 2330 2431 2329
f 2330 2329 2326
f 2326 2329 2321
f 2422 2427 2431
f 2332 2297 2292
f 2332 2292 2291
f 2291 2292 2264
f 2291 2264 2257
f 2297 2332 2333
f 2333 2332 2388
f 2333 2388 2431
f 2431 2388 2408
f 2431 2408 2422
f 2238 2232 2272
f 2317 2291 2305
f 2305 2291 2257
f 2305 2257 2272
f 2272 2257 2250
f 2272 2250 2238
f 2337 2345 2346
f 2346 2349 2337
f 2337 2349 2350
f 2337 2350 2352
f 2404 2383 2313
f 2446 2451 2416
f 2383 2375 2313
f 2313 2375 2365
f 2313 2365 2354
f 2354 2351 2313
f 2313 2351 2348
f 2313 2348 2337
f 2337 2348 2347
f 2337 2347 2345
f 2520 2516 2537
f 2516 2506 2537
f 2537 2506 2502
f 2537 2502 2487
f 2585 2557 2577
f 2577 2557 2556
f 2577 2556 2553
f 2553 2549 2577
f 2577 2549 2548
f 2577 2548 2547
f 2547 2545 2577
f 2577 2545 2544
f 2577 2544 2543
f 2543 2542 2577
f 2577 2542 2540
f 2577 2540 2538
f 2538 2535 2577
f 2577 2535 2531
f 2577 2531 2526
f 2592 2576 2574
f 2574 2573 2592
f 2592 2573 2571
f 2592 2571 2570
f 2570 2566 2592
f 2592 2566 2565
f 2592 2565 2564
f 2564 2563 2592
f 2592 2563 2562
f 2592 2562 2585
f 2585 2562 2560
f 2585 2560 2557
f 2598 2555 2561
f 2561 2568 2598
f 2598 2568 2572
f 2598 2572 2592
f 2592 2572 2575
f 2592 2575 2576
f 2600 2500 2504
f 2597 2488 2500
f 2488 2597 2481
f 2427 2441 2431
f 2431 2441 2454
f 2431 2454 2456
f 2317 2305 2339
f 2339 2305 2318
f 2339 2318 2343
f 2343 2318 2334
f 2343 2334 2369
f 2334 2342 2369
f 2369 2342 2357
f 2369 2357 2389
f 2357 2370 2389
f 2389 2370 2376
f 2389 2376 2397
f 2376 2382 2397
f 2397 2382 2387
f 2397 2387 2399
f 2399 2387 2394
f 2399 2394 2402
f 2402 2394 2398
f 2402 2398 2401
f 3463 3461 3449
f 3453 3448 3457
f 3457 3448 3449
f 3457 3449 3459
f 3459 3449 3461
f 3470 3469 3447
f 3447 3469 3467
f 3447 3467 3449
f 3449 3467 3466
f 3449 3466 3463
f 3315 3402 3404
f 3404 3402 3473
f 3404 3473 3472
f 3394 3479 3478
f 3502 3350 3534
f 3534 3350 3508
f 3534 3508 3638
f 3774 3508 3441
f 3638 3508 3658
f 3658 3508 3774
f 3658 3774 3755
f 3755 3774 3868
f 3755 3868 3829
f 3868 3879 3829
f 3829 3879 3881
f 3829 3881 3830
f 3830 3881 3883
f 3830 3883 3831
f 3883 3885 3831
f 3831 3885 3886
f 3831 3886 3833
f 3833 3886 3888
f 3833 3888 3834
f 3834 3888 3890
f 3834 3890 3836
f 3836 3890 3892
f 3894 3847 3892
f 3892 3847 3845
f 3892 3845 3836
f 3897 3857 3895
f 3895 3857 3855
f 3895 3855 3894
f 3894 3855 3854
f 3894 3854 3853
f 3853 3850 3894
f 3894 3850 3849
f 3894 3849 3847
f 3874 3872 3900
f 3900 3872 3871
f 3871 3866 3900
f 3900 3866 3865
f 3900 3865 3899
f 3899 3865 3864
f 3899 3864 3897
f 3897 3864 3861
f 3897 3861 3859
f 3896 3893 3873
f 3873 3876 3896
f 3896 3876 3878
f 3896 3878 3877
f 3900 3898 3874
f 3874 3898 3896
f 3874 3896 3875
f 3875 3896 3877
f 3887 3862 3889
f 3889 3862 3863
f 3889 3863 3891
f 3891 3863 3867
f 3891 3867 3893
f 3893 3867 3870
f 3893 3870 3873
f 3852 3856 3884
f 3884 3856 3858
f 3884 3858 3887
f 3887 3858 3860
f 3887 3860 3862
f 3852 3884 3851
f 3851 3884 3882
f 3851 3882 3848
f 3848 3882 3846
f 3846 3882 3880
f 3846 3880 3869
f 3828 3835 3840
f 3835 3837 3840
f 3840 3837 3838
f 3840 3838 3841
f 3841 3842 3840
f 3840 3842 3843
f 3840 3843 3869
f 3869 3843 3844
f 3869 3844 3846
f 3786 3809 3812
f 3809 3815 3812
f 3812 3815 3817
f 3812 3817 3820
f 3820 3817 3822
f 3820 3822 3827
f 3512 3548 3554
f 3554 3548 3616
f 3475 3494 3512
f 3474 3483 3395
f 3395 3483 3489
f 3395 3489 3494
f 3494 3489 3501
f 3494 3501 3512
f 3468 3474 3445
f 3445 3474 3411
f 3445 3411 3413
f 3413 3411 3327
f 3445 3458 3460
f 3460 3462 3445
f 3445 3462 3464
f 3445 3464 3468
f 3445 3452 3454
f 3454 3455 3445
f 3445 3455 3456
f 3445 3456 3458
f 2110 2081 2225
f 2472 2489 2328
f 2374 2513 2473
f 2473 2513 2558
f 2473 2558 2589
f 1985 1745 1948
f 1948 1745 1709
f 1948 1709 1630
f 2472 2328 2293
f 2293 2328 2204
f 2293 2204 2180
f 2180 2204 2075
f 2180 2075 2041
f 2489 2374 2328
f 2328 2374 2226
f 2328 2226 2204
f 2204 2226 2113
f 2204 2113 2075
f 2045 2113 2158
f 2158 2113 2226
f 2158 2226 2256
f 2256 2226 2374
f 2256 2374 2413
f 2413 2374 2473
f 2413 2473 2492
f 2492 2473 2589
f 2492 2589 2612
f 2045 2020 2113
f 2113 2020 1991
f 2113 1991 2075
f 2075 1991 1964
f 2075 1964 2041
f 2041 1964 1924
f 2041 1924 1905
f 2457 2293 2270
f 2270 2293 2180
f 2270 2180 2147
f 2147 2180 2041
f 2147 2041 1985
f 1985 2041 1905
f 1985 1905 1842
f 2478 2462 2587
f 2551 2443 2508
f 2508 2443 2415
f 2508 2415 2484
f 2484 2415 2371
f 2484 2371 2465
f 2465 2371 2323
f 2465 2323 2445
f 2445 2323 2282
f 2094 2192 2120
f 2120 2192 2218
f 2120 2218 2149
f 2149 2218 2243
f 2149 2243 2157
f 2443 2304 2415
f 2415 2304 2277
f 2415 2277 2371
f 2371 2277 2243
f 2371 2243 2323
f 2323 2243 2218
f 2323 2218 2282
f 2282 2218 2192
f 2338 2462 2380
f 2380 2462 2478
f 2380 2478 2409
f 2338 2235 2227
f 2675 2587 2551
f 2551 2587 2462
f 2551 2462 2443
f 2443 2462 2338
f 2443 2338 2304
f 2304 2338 2227
f 2285 2279 2409
f 2409 2279 2276
f 2409 2276 2380
f 2380 2276 2259
f 2380 2259 2338
f 2338 2259 2247
f 2338 2247 2235
f 2227 2220 2304
f 2304 2220 2206
f 2304 2206 2277
f 2277 2206 2193
f 2277 2193 2243
f 2243 2193 2162
f 2243 2162 2157
f 2675 2551 2651
f 2651 2551 2508
f 2651 2508 2627
f 2627 2508 2484
f 2627 2484 2612
f 2612 2484 2465
f 2612 2465 2492
f 2492 2465 2445
f 2492 2445 2413
f 2413 2445 2282
f 2413 2282 2256
f 2256 2282 2192
f 2256 2192 2158
f 2158 2192 2094
f 2158 2094 2045
f 2784 2725 2776
f 2776 2725 2714
f 2776 2714 2750
f 2772 2839 2840
f 2784 2796 2725
f 2725 2796 2732
f 2725 2732 2661
f 2661 2732 2679
f 2661 2679 2625
f 2637 2632 2695
f 2695 2632 2689
f 2695 2689 2742
f 2707 2709 2645
f 2645 2709 2644
f 2645 2644 2603
f 2603 2644 2642
f 2529 2541 2605
f 2605 2541 2602
f 2605 2602 2641
f 2641 2602 2637
f 2641 2637 2701
f 2701 2637 2695
f 2701 2695 2749
f 2749 2695 2742
f 2749 2742 2809
f 2709 2712 2644
f 2644 2712 2711
f 2644 2711 2642
f 2642 2711 2710
f 2642 2710 2706
f 2706 2710 2769
f 2706 2769 2766
f 2766 2769 2831
f 2766 2831 2828
f 2481 2597 2594
f 2594 2597 2636
f 2594 2636 2634
f 2634 2636 2697
f 2634 2697 2690
f 2690 2624 2634
f 2634 2624 2590
f 2634 2590 2594
f 2594 2590 2475
f 2594 2475 2481
f 2500 2600 2597
f 2597 2600 2638
f 2597 2638 2636
f 2636 2638 2702
f 2636 2702 2697
f 2697 2702 2760
f 2697 2760 2690
f 2690 2760 2753
f 2690 2753 2684
f 2684 2753 2745
f 2684 2745 2669
f 2669 2745 2804
f 2669 2804 2657
f 2657 2804 2792
f 2657 2792 2596
f 2504 2603 2600
f 2600 2603 2642
f 2600 2642 2638
f 2638 2642 2706
f 2638 2706 2702
f 2702 2706 2766
f 2702 2766 2760
f 2760 2766 2828
f 2760 2828 2753
f 2753 2828 2823
f 2753 2823 2745
f 2745 2823 2817
f 2745 2817 2804
f 2619 2631 2512
f 2512 2631 2537
f 2512 2537 2446
f 2446 2537 2487
f 2446 2487 2451
f 2700 2722 2609
f 2609 2722 2619
f 2609 2619 2493
f 2493 2619 2512
f 2493 2512 2429
f 2429 2512 2446
f 2429 2446 2313
f 2313 2446 2416
f 2313 2416 2404
f 2497 2329 2524
f 2524 2329 2431
f 2524 2431 2552
f 2552 2431 2456
f 2552 2456 2581
f 2581 2456 2469
f 2596 2497 2657
f 2657 2497 2524
f 2657 2524 2669
f 2669 2524 2552
f 2669 2552 2624
f 2624 2552 2581
f 2624 2581 2590
f 2590 2581 2469
f 2590 2469 2475
f 3306 3394 3397
f 3397 3394 3478
f 3397 3478 3476
f 3502 3490 3350
f 3350 3490 3386
f 3350 3386 3226
f 3472 3470 3407
f 3407 3470 3447
f 3407 3447 3408
f 3408 3447 3449
f 3408 3449 3412
f 3412 3449 3448
f 3480 3479 3392
f 3392 3479 3394
f 3392 3394 3235
f 3235 3394 3306
f 3235 3306 3315
f 3315 3306 3397
f 3315 3397 3402
f 3402 3397 3476
f 3402 3476 3473
f 3164 3208 3031
f 2750 2819 2776
f 2776 2819 2843
f 2776 2843 2784
f 2784 2843 2858
f 2784 2858 2796
f 3490 3486 3386
f 3386 3486 3390
f 3386 3390 3226
f 3226 3390 3232
f 3226 3232 3084
f 3084 3232 3093
f 3485 3480 3390
f 3390 3480 3392
f 3390 3392 3232
f 3232 3392 3235
f 3232 3235 3093
f 3093 3235 2957
f 2964 3109 3114
f 3114 3109 3240
f 3114 3240 3244
f 3244 3240 3324
f 3474 3405 3411
f 3411 3405 3328
f 3411 3328 3327
f 3327 3328 3250
f 3327 3250 3248
f 3248 3250 3121
f 3248 3121 3118
f 3118 3121 2968
f 2906 2968 2971
f 2971 2968 3121
f 2971 3121 3124
f 3124 3121 3250
f 3124 3250 3252
f 3252 3250 3328
f 3472 3407 3404
f 3404 3407 3321
f 3404 3321 3315
f 3315 3321 3236
f 3315 3236 3235
f 3235 3236 3106
f 3235 3106 2957
f 3031 3057 2939
f 2939 3057 2946
f 2939 2946 2891
f 2891 2946 2894
f 2891 2894 2820
f 2820 2894 2824
f 2820 2824 2761
f 2761 2824 2765
f 2949 2953 2897
f 3031 3208 3057
f 3057 3208 3063
f 3057 3063 2946
f 2946 3063 2949
f 2946 2949 2894
f 2894 2949 2897
f 2894 2897 2824
f 3389 3441 3258
f 3258 3441 3508
f 3258 3508 3164
f 3164 3508 3350
f 3164 3350 3208
f 3208 3350 3226
f 3208 3226 3063
f 3063 3226 3084
f 3063 3084 2949
f 2949 3084 3093
f 2949 3093 2953
f 2953 3093 2957
f 2953 2957 2897
f 2770 2768 2830
f 2830 2768 2827
f 2830 2827 2903
f 2903 2827 2902
f 2903 2902 2964
f 2964 2902 2959
f 2964 2959 3109
f 2972 2840 2908
f 2908 2840 2839
f 2908 2839 2836
f 2836 2839 2772
f 2836 2772 2771
f 2835 2830 2906
f 2906 2830 2903
f 2906 2903 2968
f 2968 2903 2964
f 2968 2964 3118
f 3118 2964 3114
f 3118 3114 3248
f 3248 3114 3244
f 3248 3244 3327
f 3327 3244 3324
f 3327 3324 3413
f 2765 2824 2827
f 2827 2824 2897
f 2827 2897 2902
f 2902 2897 2957
f 2902 2957 2959
f 2959 2957 3106
f 2959 3106 3109
f 3109 3106 3236
f 3109 3236 3240
f 3240 3236 3321
f 3240 3321 3324
f 3324 3321 3412
f 3324 3412 3413
f 3413 3412 3448
f 3413 3448 3445
f 3445 3448 3453
f 3445 3453 3452
f 2819 2896 2843
f 2843 2896 2922
f 2843 2922 2858
f 2858 2922 2872
f 2858 2872 2796
f 2796 2872 2809
f 2796 2809 2732
f 2732 2809 2742
f 2732 2742 2679
f 2679 2742 2689
f 2679 2689 2625
f 2625 2689 2632
f 3474 3395 3405
f 3405 3395 3325
f 3405 3325 3328
f 3328 3325 3251
f 3328 3251 3252
f 3252 3251 3126
f 3252 3126 3124
f 3124 3126 2972
f 3124 2972 2971
f 2971 2972 2908
f 2971 2908 2906
f 2906 2908 2836
f 2906 2836 2835
f 2835 2836 2771
f 2835 2771 2770
f 3772 3777 3775
f 3775 3777 3786
f 3775 3786 3761
f 3761 3786 3812
f 3761 3812 3717
f 3512 3554 3475
f 3475 3554 3538
f 3475 3538 3347
f 3377 3229 3385
f 3385 3229 3233
f 3385 3233 3391
f 3391 3233 3237
f 3772 3775 3697
f 3697 3775 3761
f 3697 3761 3673
f 3673 3761 3717
f 3673 3717 3519
f 3616 3651 3554
f 3554 3651 3673
f 3554 3673 3538
f 3538 3673 3519
f 3538 3519 3347
f 3347 3519 3194
f 3347 3194 3209
f 3209 3194 2935
f 2973 3125 3120
f 3120 3125 3246
f 3120 3246 3237
f 3237 3246 3319
f 3237 3319 3391
f 3229 2955 3233
f 3233 2955 2960
f 3233 2960 3237
f 3237 2960 2966
f 3237 2966 3120
f 3120 2966 2970
f 3120 2970 2973
f 2788 2911 3165
f 2758 2935 2911
f 2911 2935 3194
f 2911 3194 3165
f 3165 3194 3519
f 3165 3519 3798
f 3798 3519 3717
f 3798 3717 3826
f 3826 3717 3812
f 3826 3812 3832
f 3832 3812 3820
f 3832 3820 3840
f 3840 3820 3827
f 3840 3827 3828
f 2838 2973 2831
f 2831 2973 2970
f 2831 2970 2828
f 2828 2970 2966
f 2828 2966 2823
f 2823 2966 2960
f 2823 2960 2817
f 2817 2960 2955
f 2817 2955 2804
f 2804 2955 2944
f 2804 2944 2792
f 2788 2596 2758
f 2758 2596 2792
f 2758 2792 2935
f 2935 2792 2944
f 2935 2944 3209
f 3209 2944 3229
f 3209 3229 3347
f 3347 3229 3377
f 3347 3377 3475
f 3475 3377 3385
f 3475 3385 3494
f 3494 3385 3391
f 3494 3391 3395
f 3395 3391 3319
f 3395 3319 3325
f 3325 3319 3249
f 3325 3249 3251
f 3251 3249 3125
f 3251 3125 3126
f 3126 3125 2973
f 3126 2973 2972
f 2972 2973 2838
f 2972 2838 2840
f 2840 2838 2769
f 2840 2769 2772
f 2772 2769 2710
f 2772 2710 2771
f 2771 2710 2711
f 2771 2711 2770
f 2770 2711 2712
f 2770 2712 2768
f 2768 2712 2709
f 2768 2709 2765
f 2765 2709 2707
f 2765 2707 2761
f 3224 3334 3379
f 3379 3334 3518
f 3379 3518 3546
f 3334 3430 3518
f 3518 3430 3674
f 3518 3674 3546
f 3546 3674 3703
f 3546 3703 3675
f 3437 3471 3400
f 2943 3150 3163
f 3163 3150 3259
f 3163 3259 3187
f 3187 3259 3289
f 3393 3289 3379
f 3379 3289 3259
f 3379 3259 3224
f 3224 3259 3150
f 3224 3150 3130
f 3130 3150 2943
f 3130 2943 2821
f 2995 2893 2980
f 2980 2893 2880
f 2980 2880 2951
f 2951 2880 2861
f 2951 2861 2845
f 3665 3571 3528
f 3393 3379 3497
f 3497 3379 3546
f 3497 3546 3611
f 3611 3546 3675
f 3611 3675 3709
f 3767 3778 3758
f 3758 3778 3764
f 3778 3782 3764
f 3764 3782 3783
f 3764 3783 3766
f 3766 3783 3784
f 3766 3784 3769
f 3769 3784 3785
f 3769 3785 3770
f 3789 3773 3788
f 3788 3773 3770
f 3788 3770 3787
f 3787 3770 3785
f 3703 3742 3675
f 3675 3742 3767
f 3675 3767 3709
f 3709 3767 3758
f 3709 3758 3731
f 3731 3758 3764
f 3713 3688 3711
f 3711 3688 3683
f 3711 3683 3707
f 3773 3753 3770
f 3770 3753 3750
f 3770 3750 3769
f 3769 3750 3747
f 3769 3747 3766
f 3766 3747 3746
f 3766 3746 3764
f 3764 3746 3743
f 3764 3743 3731
f 3731 3743 3700
f 3731 3700 3709
f 3709 3700 3665
f 3709 3665 3611
f 3611 3665 3528
f 3611 3528 3497
f 3691 3671 3688
f 3688 3671 3668
f 3688 3668 3683
f 3676 3666 3664
f 3664 3666 3642
f 3664 3642 3633
f 3633 3607 3664
f 3664 3607 3659
f 3664 3659 3676
f 3676 3659 3672
f 3540 3535 3574
f 3574 3535 3558
f 3471 3513 3400
f 3400 3513 3442
f 3400 3442 3353
f 3531 3484 3442
f 3442 3484 3388
f 3442 3388 3353
f 3353 3388 3292
f 3792 3794 3759
f 3794 3795 3759
f 3759 3795 3762
f 3759 3762 3704
f 3704 3762 3706
f 3693 3718 3696
f 3696 3718 3756
f 3696 3756 3698
f 3796 3797 3763
f 3763 3797 3765
f 3763 3765 3712
f 3712 3765 3714
f 3800 3801 3771
f 3771 3801 3802
f 3771 3802 3719
f 3799 3800 3768
f 3768 3800 3771
f 3768 3771 3716
f 3716 3771 3719
f 3672 3707 3676
f 3676 3707 3683
f 3676 3683 3666
f 3666 3683 3668
f 3666 3668 3642
f 3642 3668 3671
f 3642 3671 3654
f 3654 3671 3656
f 3791 3792 3757
f 3757 3792 3759
f 3757 3759 3702
f 3702 3759 3704
f 3702 3704 3663
f 3663 3704 3706
f 3663 3706 3667
f 3795 3796 3762
f 3762 3796 3763
f 3762 3763 3706
f 3706 3763 3712
f 3706 3712 3667
f 3667 3712 3714
f 3667 3714 3669
f 3713 3715 3691
f 3691 3715 3693
f 3691 3693 3671
f 3671 3693 3696
f 3671 3696 3656
f 3656 3696 3661
f 3656 3661 3561
f 3561 3661 3662
f 3561 3662 3572
f 3797 3799 3765
f 3765 3799 3768
f 3765 3768 3714
f 3714 3768 3716
f 3714 3716 3669
f 3669 3716 3719
f 3669 3719 3610
f 3805 3806 3734
f 3734 3806 3740
f 3734 3740 3636
f 3806 3808 3740
f 3740 3808 3810
f 3740 3810 3744
f 3744 3810 3811
f 3744 3811 3748
f 3748 3811 3813
f 3748 3813 3825
f 3541 3544 3499
f 3499 3544 3549
f 3499 3549 3504
f 3504 3549 3509
f 3540 3574 3541
f 3541 3574 3585
f 3541 3585 3544
f 3544 3585 3597
f 3544 3597 3549
f 3549 3597 3555
f 3549 3555 3509
f 3335 3332 3383
f 3790 3791 3756
f 3756 3791 3757
f 3756 3757 3698
f 3698 3757 3702
f 3698 3702 3662
f 3662 3702 3663
f 3662 3663 3572
f 3572 3663 3667
f 3572 3667 3583
f 3583 3667 3669
f 3583 3669 3598
f 3598 3669 3610
f 3598 3610 3482
f 3482 3610 3495
f 3482 3495 3376
f 3652 3507 3640
f 3640 3507 3503
f 3640 3503 3636
f 3636 3740 3640
f 3640 3740 3744
f 3640 3744 3652
f 3652 3744 3748
f 3652 3748 3684
f 3684 3748 3825
f 3684 3825 3839
f 3484 3417 3388
f 3388 3417 3348
f 3388 3348 3292
f 3292 3348 3304
f 3292 3304 3212
f 3304 3279 3212
f 3212 3279 3230
f 3212 3230 3192
f 3192 3230 3202
f 3192 3202 3162
f 3329 3340 3241
f 3241 3340 3260
f 3241 3260 3171
f 3171 3260 3197
f 3171 3197 3117
f 3117 3197 3178
f 3117 3178 3147
f 3147 3178 3151
f 3147 3151 3054
f 3054 3151 3070
f 3054 3070 2991
f 3422 3437 3329
f 3329 3437 3400
f 3329 3400 3340
f 3340 3400 3353
f 3340 3353 3260
f 3260 3353 3292
f 3260 3292 3197
f 3197 3292 3212
f 3197 3212 3178
f 3178 3212 3192
f 3178 3192 3151
f 3151 3192 3162
f 3151 3162 3070
f 3253 3238 3291
f 3291 3238 3286
f 3291 3286 3330
f 3330 3286 3322
f 3330 3322 3375
f 3375 3322 3364
f 3375 3364 3429
f 3429 3364 3425
f 3429 3425 3496
f 3496 3425 3493
f 3496 3493 3517
f 3517 3493 3488
f 3517 3488 3511
f 3383 3440 3335
f 3335 3440 3343
f 3335 3343 3256
f 3256 3343 3345
f 3256 3345 3186
f 3186 3345 3193
f 3186 3193 3006
f 3531 3511 3484
f 3484 3511 3488
f 3484 3488 3417
f 3417 3488 3425
f 3417 3425 3348
f 3348 3425 3364
f 3348 3364 3304
f 3304 3364 3322
f 3304 3322 3279
f 3279 3322 3286
f 3279 3286 3230
f 3230 3286 3238
f 3230 3238 3202
f 3202 3238 3253
f 3202 3253 3162
f 3162 3253 3173
f 3162 3173 3070
f 3070 3173 2997
f 3070 2997 2991
f 3802 3803 3719
f 3719 3803 3720
f 3719 3720 3610
f 3610 3720 3625
f 3610 3625 3495
f 3495 3625 3500
f 3495 3500 3376
f 3376 3500 3389
f 3376 3389 3211
f 3211 3389 3258
f 3211 3258 3122
f 3122 3258 3164
f 3122 3164 2999
f 2999 3164 3031
f 2999 3031 2932
f 2932 3031 2939
f 2932 2939 2886
f 2886 2939 2891
f 2886 2891 2812
f 2812 2891 2820
f 2812 2820 2757
f 2757 2820 2761
f 2757 2761 2704
f 2704 2761 2707
f 2704 2707 2643
f 2643 2707 2645
f 2643 2645 2606
f 2606 2645 2603
f 2606 2603 2517
f 2517 2603 2504
f 3804 3805 3720
f 3720 3805 3734
f 3720 3734 3625
f 3625 3734 3636
f 3625 3636 3500
f 3500 3636 3503
f 3500 3503 3389
f 3389 3503 3507
f 3389 3507 3441
f 3441 3507 3684
f 3441 3684 3774
f 3774 3684 3839
f 3774 3839 3868
f 3078 3204 3112
f 3112 3204 3142
f 3112 3142 3018
f 3018 3142 3050
f 3018 3050 2963
f 2595 2848 2802
f 2802 2607 2595
f 2595 2607 2417
f 2595 2417 2315
f 2315 2417 2225
f 2315 2225 2027
f 2027 2225 2081
f 2110 2225 2245
f 2245 2225 2417
f 2245 2417 2438
f 2438 2417 2607
f 2438 2607 2618
f 2618 2607 2802
f 2618 2802 2821
f 2821 2802 2848
f 2821 2848 3130
f 3130 2848 3064
f 3130 3064 3224
f 3224 3064 3205
f 3224 3205 3334
f 3334 3205 3300
f 3334 3300 3430
f 2630 2845 2655
f 2655 2845 2861
f 2655 2861 2673
f 2673 2861 2880
f 2673 2880 2694
f 2694 2880 2893
f 2694 2893 2720
f 2720 2893 2909
f 2720 2909 2825
f 2825 2909 2917
f 2825 2917 2854
f 3001 3041 2945
f 2945 3041 2962
f 2945 2962 2889
f 2889 2962 2905
f 2889 2905 2818
f 2731 2825 2756
f 2756 2825 2854
f 2756 2854 2782
f 2951 3078 2980
f 2980 3078 3112
f 2980 3112 2995
f 2995 3112 3018
f 2995 3018 2909
f 2909 3018 2963
f 2909 2963 2917
f 2917 2963 2934
f 2917 2934 2854
f 2854 2934 2870
f 2854 2870 2782
f 2782 2870 2797
f 2526 2520 2577
f 2577 2520 2537
f 2577 2537 2649
f 2649 2537 2631
f 2649 2631 2691
f 2691 2631 2619
f 2691 2619 2730
f 2730 2619 2722
f 2730 2722 2787
f 2787 2722 2700
f 2787 2700 2849
f 2849 2700 2818
f 2849 2818 2997
f 2997 2818 2905
f 2997 2905 2991
f 2991 2905 2962
f 2991 2962 3054
f 3054 2962 3041
f 3054 3041 3147
f 3147 3041 3001
f 3147 3001 3117
f 3117 3001 3080
f 3117 3080 3171
f 3171 3080 3154
f 3171 3154 3241
f 3241 3154 3221
f 3241 3221 3329
f 3329 3221 3302
f 3329 3302 3422
f 3429 3435 3375
f 3375 3435 3383
f 3375 3383 3330
f 3330 3383 3332
f 3330 3332 3291
f 3291 3332 3335
f 3291 3335 3253
f 3253 3335 3256
f 3253 3256 3173
f 3173 3256 3186
f 3173 3186 2997
f 2997 3186 3006
f 2997 3006 2849
f 2849 3006 2864
f 2849 2864 2787
f 2457 2630 2472
f 2472 2630 2655
f 2472 2655 2489
f 2489 2655 2673
f 2489 2673 2513
f 2513 2673 2694
f 2513 2694 2558
f 2558 2694 2720
f 2558 2720 2589
f 2589 2720 2731
f 2589 2731 2612
f 2612 2731 2756
f 2612 2756 2627
f 2627 2756 2782
f 2627 2782 2651
f 2651 2782 2797
f 2651 2797 2675
f 3789 3790 3773
f 3773 3790 3756
f 3773 3756 3753
f 3753 3756 3718
f 3753 3718 3750
f 3750 3718 3715
f 3750 3715 3747
f 3747 3715 3713
f 3747 3713 3746
f 3746 3713 3711
f 3746 3711 3743
f 3743 3711 3707
f 3743 3707 3700
f 3700 3707 3672
f 3700 3672 3665
f 3665 3672 3659
f 3665 3659 3571
f 3571 3659 3607
f 3571 3607 3558
f 3558 3607 3633
f 3558 3633 3574
f 3574 3633 3642
f 3574 3642 3585
f 3585 3642 3654
f 3585 3654 3597
f 3597 3654 3656
f 3597 3656 3555
f 3555 3656 3561
f 3555 3561 3509
f 3509 3561 3572
f 3509 3572 3516
f 3516 3572 3583
f 3516 3583 3465
f 3465 3583 3482
f 3465 3482 3351
f 3351 3482 3376
f 3351 3376 3203
f 3203 3376 3211
f 3203 3211 3049
f 3049 3211 3122
f 3049 3122 2896
f 2896 3122 2999
f 2896 2999 2922
f 2922 2999 2932
f 2922 2932 2872
f 2872 2932 2886
f 2872 2886 2809
f 2809 2886 2812
f 2809 2812 2749
f 2749 2812 2757
f 2749 2757 2701
f 2701 2757 2704
f 2701 2704 2641
f 2641 2704 2643
f 2641 2643 2605
f 2605 2643 2606
f 2605 2606 2525
f 2525 2606 2517
f 2296 2285 2429
f 2429 2285 2409
f 2429 2409 2493
f 2493 2409 2478
f 2493 2478 2609
f 2609 2478 2587
f 2609 2587 2700
f 2700 2587 2675
f 2700 2675 2818
f 2818 2675 2797
f 2818 2797 2889
f 2889 2797 2870
f 2889 2870 2945
f 2945 2870 2934
f 2945 2934 3001
f 3001 2934 2963
f 3001 2963 3080
f 3080 2963 3050
f 3080 3050 3154
f 3154 3050 3142
f 3154 3142 3221
f 3221 3142 3204
f 3221 3204 3302
f 2541 2555 2602
f 2602 2555 2598
f 2602 2598 2637
f 2637 2598 2592
f 2637 2592 2632
f 2632 2592 2585
f 2632 2585 2625
f 2625 2585 2577
f 2625 2577 2661
f 2661 2577 2649
f 2661 2649 2714
f 2714 2649 2691
f 2714 2691 2750
f 2750 2691 2730
f 2750 2730 2819
f 2819 2730 2787
f 2819 2787 2896
f 2896 2787 2864
f 2896 2864 3049
f 3049 2864 3006
f 3049 3006 3203
f 3203 3006 3193
f 3203 3193 3351
f 3351 3193 3345
f 3351 3345 3465
f 3465 3345 3446
f 3465 3446 3516
f 3516 3446 3440
f 3516 3440 3509
f 3509 3440 3435
f 3509 3435 3504
f 3504 3435 3429
f 3504 3429 3499
f 3499 3429 3496
f 3499 3496 3541
f 3541 3496 3517
f 3541 3517 3540
f 3540 3517 3511
f 3540 3511 3535
f 3535 3511 3531
f 3535 3531 3558
f 3558 3531 3513
f 3558 3513 3571
f 3571 3513 3471
f 3571 3471 3528
f 3528 3471 3437
f 3528 3437 3497
f 3497 3437 3422
f 3497 3422 3393
f 3393 3422 3302
f 3393 3302 3289
f 3289 3302 3204
f 3289 3204 3187
f 3187 3204 3078
f 3187 3078 3163
f 3163 3078 2951
f 3163 2951 2943
f 2943 2951 2845
f 2943 2845 2821
f 2821 2845 2630
f 2821 2630 2618
f 2618 2630 2457
f 2618 2457 2438
f 2438 2457 2270
f 2438 2270 2245
f 2245 2270 2147
f 2245 2147 2110
f 2110 2147 1985
f 2110 1985 2081
f 2081 1985 1948
f 2081 1948 2027
f 2027 1948 1496
f 1425 1496 1630
f 2305 2272 2230
f 2342 2334 2280
f 2306 2258 2262
f 1614 1523 1472
f 1913 1972 1988
f 1764 1857 1908
f 1147 1136 1161
f 1133 1145 1182
f 2396 2401 2398
f 2263 2266 2395
f 2386 2390 2265
f 2265 2390 2392
f 2265 2392 2266
f 2266 2392 2393
f 2266 2393 2395
f 2261 2381 2265
f 2265 2381 2385
f 2265 2385 2386
f 2368 2372 2252
f 2252 2372 2373
f 2252 2373 2261
f 2261 2373 2379
f 2261 2379 2381
f 2233 2352 2241
f 2241 2352 2355
f 2355 2358 2241
f 2241 2358 2359
f 2241 2359 2360
f 2360 2361 2241
f 2241 2361 2362
f 2241 2362 2252
f 2252 2362 2367
f 2252 2367 2368
f 1184 1147 1206
f 1206 1147 1161
f 1206 1161 1220
f 1220 1161 1193
f 1370 1343 1301
f 1301 1343 1312
f 1301 1312 1245
f 1245 1312 1275
f 1245 1275 1193
f 1193 1275 1237
f 1193 1237 1220
f 1696 1783 1614
f 1614 1783 1697
f 1614 1697 1523
f 1764 1908 1827
f 1827 1908 1941
f 1827 1941 1877
f 1676 1637 1697
f 1697 1637 1613
f 1697 1613 1523
f 1816 1807 1877
f 1913 1988 1936
f 1936 1988 2002
f 1936 2002 1867
f 1941 1972 1877
f 1877 1972 1913
f 1877 1913 1816
f 1816 1913 1936
f 1816 1936 1852
f 1852 1936 1867
f 1783 1857 1697
f 1697 1857 1764
f 1697 1764 1676
f 1676 1764 1827
f 1676 1827 1731
f 1731 1827 1877
f 1731 1877 1771
f 1771 1877 1807
f 1696 1614 1586
f 1586 1614 1472
f 1586 1472 1477
f 1477 1472 1428
f 1477 1428 1370
f 1370 1428 1393
f 1370 1393 1343
f 1136 1133 1161
f 1161 1133 1182
f 1161 1182 1193
f 1193 1182 1238
f 1193 1238 1245
f 1245 1238 1310
f 1245 1310 1301
f 1301 1310 1400
f 1301 1400 1370
f 1370 1400 1521
f 1370 1521 1477
f 1477 1521 1659
f 1477 1659 1586
f 1586 1659 1770
f 1586 1770 1696
f 1696 1770 1868
f 1696 1868 1783
f 1783 1868 1925
f 1783 1925 1857
f 1857 1925 1973
f 1857 1973 1908
f 1908 1973 1997
f 1908 1997 1941
f 1941 1997 2018
f 1941 2018 1972
f 1972 2018 2039
f 1972 2039 1988
f 1988 2039 2061
f 1988 2061 2002
f 2002 2061 2082
f 2002 2082 2009
f 2009 2082 2098
f 2009 2098 2021
f 2021 2098 2117
f 2021 2117 2028
f 2028 2117 2138
f 2028 2138 2040
f 2040 2138 2150
f 2040 2150 2047
f 2047 2150 2161
f 2047 2161 2051
f 2051 2161 2172
f 2051 2172 2058
f 2058 2172 2178
f 2058 2178 2063
f 2052 2059 2106
f 2106 2059 2116
f 2106 2116 2170
f 2170 2116 2176
f 2170 2176 2207
f 2179 2062 2183
f 2183 2062 2064
f 2183 2064 2185
f 2185 2064 2063
f 2185 2063 2184
f 2184 2063 2178
f 2191 2132 2145
f 2145 2132 2077
f 2145 2077 2090
f 2090 2077 2033
f 2090 2033 2043
f 2043 2033 1938
f 2132 2068 2077
f 2077 2068 2023
f 2077 2023 2033
f 2033 2023 1930
f 2033 1930 1938
f 2279 2209 2197
f 2279 2285 2209
f 2209 2285 2296
f 2209 2296 2222
f 2222 2296 2313
f 2222 2313 2233
f 2233 2313 2337
f 2233 2337 2352
f 2299 2376 2370
f 2395 2396 2263
f 2263 2396 2398
f 2263 2398 2262
f 2262 2398 2394
f 2262 2394 2306
f 2306 2394 2387
f 2306 2387 2382
f 1945 1954 2049
f 2049 1954 2052
f 2049 2052 2099
f 2099 2052 2106
f 2099 2106 2160
f 2160 2106 2170
f 2160 2170 2201
f 2201 2170 2207
f 2201 2207 2236
f 2236 2207 2249
f 2236 2249 2280
f 2280 2249 2290
f 2280 2290 2342
f 2342 2290 2357
f 2059 2062 2116
f 2116 2062 2179
f 2116 2179 2176
f 2176 2179 2216
f 2176 2216 2207
f 2207 2216 2253
f 2207 2253 2249
f 2249 2253 2299
f 2249 2299 2290
f 2290 2299 2370
f 2290 2370 2357
f 2318 2305 2267
f 2267 2305 2230
f 2267 2230 2224
f 2224 2230 2198
f 2224 2198 2191
f 2191 2198 2163
f 2191 2163 2132
f 2132 2163 2107
f 2132 2107 2068
f 2334 2318 2280
f 2280 2318 2267
f 2280 2267 2236
f 2236 2267 2224
f 2236 2224 2201
f 2201 2224 2191
f 2201 2191 2160
f 2160 2191 2145
f 2160 2145 2099
f 2099 2145 2090
f 2099 2090 2049
f 2049 2090 2043
f 2049 2043 1945
f 1945 2043 1938
f 1425 1630 1226
f 1192 1226 1307
f 1307 1226 1630
f 1307 1630 1395
f 1630 1709 1395
f 1395 1709 1745
f 1395 1745 1516
f 1516 1745 1842
f 1516 1842 1657
f 2149 2067 2036
f 2186 2159 2235
f 2130 2220 2159
f 2159 2220 2227
f 2159 2227 2235
f 2149 2157 2067
f 2067 2157 2162
f 2067 2162 2093
f 2093 2162 2193
f 2093 2193 2130
f 2130 2193 2206
f 2130 2206 2220
f 1842 1905 1657
f 1657 1905 1924
f 1657 1924 1773
f 1773 1924 1964
f 1773 1964 1871
f 1871 1964 1991
f 1871 1991 1935
f 1935 1991 2020
f 1935 2020 1981
f 1981 2020 2045
f 1981 2045 2007
f 2007 2045 2094
f 2007 2094 2036
f 2036 2094 2120
f 2036 2120 2149
f 2235 2247 2186
f 2186 2247 2259
f 2186 2259 2197
f 2197 2259 2276
f 2197 2276 2279
f 1917 2014 1904
f 1904 2014 1979
f 1904 1979 1895
f 1954 1956 2052
f 2052 1956 1959
f 2052 1959 2059
f 2059 1959 1965
f 2059 1965 2062
f 2062 1965 1967
f 2062 1967 2064
f 2064 1967 1968
f 2064 1968 2063
f 2063 1968 1966
f 2063 1966 2058
f 2058 1966 1961
f 2058 1961 2051
f 2051 1961 1955
f 2051 1955 2047
f 2047 1955 1943
f 2047 1943 2040
f 2040 1943 1939
f 2040 1939 2028
f 2028 1939 1927
f 2028 1927 2021
f 2021 1927 1919
f 2021 1919 2009
f 2009 1919 1901
f 2009 1901 2002
f 2002 1901 1882
f 2002 1882 1867
f 2127 2070 2092
f 2092 2070 2017
f 2092 2017 2014
f 2014 2017 2004
f 2014 2004 1979
f 2272 2232 2230
f 2230 2232 2215
f 2230 2215 2198
f 2198 2215 2165
f 2198 2165 2163
f 2163 2165 2127
f 2163 2127 2107
f 2107 2127 2092
f 2107 2092 2068
f 2068 2092 2014
f 2068 2014 2023
f 2023 2014 1917
f 2023 1917 1930
f 1145 1192 1182
f 1182 1192 1307
f 1182 1307 1238
f 1238 1307 1395
f 1238 1395 1310
f 1310 1395 1516
f 1310 1516 1400
f 1400 1516 1657
f 1400 1657 1521
f 1521 1657 1773
f 1521 1773 1659
f 1659 1773 1871
f 1659 1871 1770
f 1770 1871 1935
f 1770 1935 1868
f 1868 1935 1981
f 1868 1981 1925
f 1925 1981 2007
f 1925 2007 1973
f 1973 2007 2036
f 1973 2036 1997
f 1997 2036 2067
f 1997 2067 2018
f 2018 2067 2093
f 2018 2093 2039
f 2039 2093 2130
f 2039 2130 2061
f 2061 2130 2159
f 2061 2159 2082
f 2082 2159 2186
f 2082 2186 2098
f 2098 2186 2197
f 2098 2197 2117
f 2117 2197 2209
f 2117 2209 2138
f 2138 2209 2222
f 2138 2222 2150
f 2150 2222 2233
f 2150 2233 2161
f 2161 2233 2241
f 2161 2241 2172
f 2172 2241 2252
f 2172 2252 2178
f 2178 2252 2261
f 2178 2261 2184
f 2184 2261 2265
f 2184 2265 2185
f 2185 2265 2266
f 2185 2266 2183
f 2183 2266 2263
f 2183 2263 2179
f 2179 2263 2262
f 2179 2262 2216
f 2216 2262 2258
f 2216 2258 2253
f 2253 2258 2306
f 2253 2306 2299
f 2299 2306 2382
f 2299 2382 2376
f 2321 2330 2326
f 2333 2330 2325
f 2325 2330 2321
f 2325 2321 2316
f 2291 2527 2582
f 2291 2582 2332
f 2332 2582 2611
f 2332 2611 2388
f 2622 2863 2860
f 2530 2487 2534
f 2534 2487 2502
f 2561 2621 2568
f 2568 2621 2622
f 2568 2622 2572
f 2572 2622 2860
f 2572 2860 2575
f 2575 2860 2859
f 2856 2574 2859
f 2859 2574 2576
f 2859 2576 2575
f 2855 2571 2856
f 2856 2571 2573
f 2856 2573 2574
f 2852 2566 2855
f 2855 2566 2570
f 2855 2570 2571
f 2851 2564 2852
f 2852 2564 2565
f 2852 2565 2566
f 2847 2562 2851
f 2851 2562 2563
f 2851 2563 2564
f 2556 2557 2847
f 2847 2557 2560
f 2847 2560 2562
f 2847 2846 2556
f 2556 2846 2844
f 2556 2844 2553
f 2841 2833 2545
f 2545 2547 2841
f 2841 2547 2548
f 2841 2548 2844
f 2844 2548 2549
f 2844 2549 2553
f 2829 2826 2540
f 2540 2542 2829
f 2829 2542 2543
f 2829 2543 2833
f 2833 2543 2544
f 2833 2544 2545
f 2822 2813 2526
f 2526 2531 2822
f 2822 2531 2535
f 2822 2535 2826
f 2826 2535 2538
f 2826 2538 2540
f 2805 2789 2502
f 2502 2789 2781
f 2502 2781 2534
f 2502 2506 2805
f 2805 2506 2516
f 2805 2516 2813
f 2813 2516 2520
f 2813 2520 2526
f 2504 2500 2617
f 2614 2475 2611
f 2611 2475 2469
f 2611 2469 2456
f 2456 2454 2611
f 2611 2454 2441
f 2611 2441 2427
f 2427 2422 2611
f 2611 2422 2408
f 2611 2408 2388
f 2617 2500 2616
f 2616 2500 2488
f 2616 2488 2614
f 2614 2488 2481
f 2614 2481 2475
f 2621 2561 2555
f 2621 2555 2617
f 2617 2555 2541
f 2617 2541 2529
f 2529 2525 2617
f 2617 2525 2517
f 2617 2517 2504
f 2487 2530 2451
f 2451 2530 2466
f 2451 2466 2416
f 2416 2466 2404
f 2404 2466 2434
f 2404 2434 2383
f 2383 2434 2423
f 2383 2423 2375
f 2375 2423 2365
f 2365 2423 2419
f 2365 2419 2354
f 2354 2419 2414
f 2354 2414 2351
f 2351 2414 2412
f 2351 2412 2348
f 2418 2345 2412
f 2412 2345 2347
f 2412 2347 2348
f 2420 2349 2418
f 2418 2349 2346
f 2418 2346 2345
f 2435 2361 2360
f 2435 2360 2433
f 2433 2360 2359
f 2433 2359 2430
f 2430 2359 2358
f 2430 2358 2428
f 2428 2358 2355
f 2428 2355 2424
f 2424 2355 2352
f 2424 2352 2420
f 2420 2352 2350
f 2420 2350 2349
f 2361 2435 2362
f 2362 2435 2436
f 2362 2436 2367
f 2367 2436 2439
f 2367 2439 2368
f 2368 2439 2442
f 2368 2442 2372
f 2442 2447 2372
f 2372 2447 2449
f 2372 2449 2373
f 2373 2449 2450
f 2373 2450 2379
f 2379 2450 2381
f 2381 2450 2453
f 2381 2453 2458
f 2461 2386 2458
f 2458 2386 2385
f 2458 2385 2381
f 2468 2392 2461
f 2461 2392 2390
f 2461 2390 2386
f 2474 2395 2468
f 2468 2395 2393
f 2468 2393 2392
f 2399 2402 2480
f 2480 2402 2401
f 2480 2401 2474
f 2474 2401 2396
f 2474 2396 2395
f 2480 2486 2399
f 2399 2486 2491
f 2399 2491 2397
f 2397 2491 2389
f 2527 2291 2317
f 2317 2339 2527
f 2527 2339 2343
f 2527 2343 2369
f 2491 2499 2389
f 2389 2499 2501
f 2389 2501 2369
f 2369 2501 2518
f 2369 2518 2527
f 2608 2611 2582
f 2527 2559 2582
f 2582 2559 2588
f 2582 2588 2608
f 2534 2781 2530
f 2530 2781 2715
f 2530 2715 2466
f 2466 2715 2665
f 2466 2665 2434
f 2434 2665 2423
f 2423 2665 2653
f 2423 2653 2419
f 2419 2653 2647
f 2419 2647 2414
f 2414 2647 2648
f 2414 2648 2412
f 2412 2648 2652
f 2412 2652 2418
f 2418 2652 2656
f 2418 2656 2420
f 2420 2656 2658
f 2420 2658 2424
f 2424 2658 2660
f 2424 2660 2428
f 2428 2660 2430
f 2430 2660 2662
f 2430 2662 2433
f 2433 2662 2435
f 2435 2662 2668
f 2435 2668 2436
f 2436 2668 2439
f 2439 2668 2678
f 2439 2678 2442
f 2442 2678 2447
f 2447 2678 2683
f 2447 2683 2449
f 2449 2683 2450
f 2450 2683 2688
f 2450 2688 2453
f 2453 2688 2698
f 2453 2698 2458
f 2458 2698 2705
f 2458 2705 2461
f 2461 2705 2716
f 2461 2716 2468
f 2468 2716 2723
f 2468 2723 2474
f 2474 2723 2726
f 2474 2726 2480
f 2480 2726 2733
f 2480 2733 2486
f 2486 2733 2491
f 2491 2733 2746
f 2491 2746 2499
f 2499 2746 2501
f 2501 2746 2773
f 2501 2773 2518
f 2518 2773 2527
f 2527 2773 2791
f 2527 2791 2559
f 2559 2791 2811
f 2559 2811 2588
f 2588 2811 2837
f 2588 2837 2608
f 2617 2616 2857
f 2857 2616 2614
f 2857 2614 2837
f 2837 2614 2611
f 2837 2611 2608
f 2863 2622 2857
f 2857 2622 2621
f 2857 2621 2617
f 3878 3876 3957
f 3860 3858 3956
f 3454 3679 3455
f 3455 3679 3681
f 3455 3681 3456
f 3456 3681 3685
f 3687 3460 3685
f 3685 3460 3458
f 3685 3458 3456
f 3752 3501 3736
f 3736 3501 3489
f 3736 3489 3708
f 3708 3489 3483
f 3708 3483 3701
f 3701 3483 3474
f 3701 3474 3694
f 3694 3474 3468
f 3694 3468 3690
f 3690 3468 3464
f 3690 3464 3687
f 3687 3464 3462
f 3687 3462 3460
f 3651 3616 3807
f 3807 3616 3548
f 3807 3548 3752
f 3752 3548 3512
f 3752 3512 3501
f 3904 3777 3772
f 3904 3772 3807
f 3807 3772 3697
f 3807 3697 3651
f 3777 3904 3786
f 3786 3904 3913
f 3786 3913 3809
f 3809 3913 3916
f 3809 3916 3815
f 3942 3838 3940
f 3940 3838 3837
f 3940 3837 3938
f 3938 3837 3835
f 3938 3835 3936
f 3936 3835 3828
f 3936 3828 3935
f 3935 3828 3827
f 3935 3827 3925
f 3925 3827 3822
f 3925 3822 3916
f 3916 3822 3817
f 3916 3817 3815
f 3944 3842 3942
f 3942 3842 3841
f 3942 3841 3838
f 3846 3844 3944
f 3944 3844 3843
f 3944 3843 3842
f 3944 3947 3846
f 3846 3947 3951
f 3846 3951 3848
f 3956 3858 3953
f 3858 3856 3953
f 3953 3856 3852
f 3953 3852 3951
f 3951 3852 3851
f 3951 3851 3848
f 3958 3863 3956
f 3956 3863 3862
f 3956 3862 3860
f 3957 3876 3959
f 3876 3873 3959
f 3959 3873 3870
f 3959 3870 3958
f 3958 3870 3867
f 3958 3867 3863
f 3872 3954 3871
f 3871 3954 3952
f 3871 3952 3866
f 3872 3874 3954
f 3954 3874 3875
f 3954 3875 3957
f 3957 3875 3877
f 3957 3877 3878
f 3945 3861 3949
f 3949 3861 3864
f 3949 3864 3952
f 3952 3864 3865
f 3952 3865 3866
f 3854 3855 3943
f 3943 3855 3857
f 3943 3857 3945
f 3945 3857 3859
f 3945 3859 3861
f 3854 3943 3853
f 3853 3943 3941
f 3853 3941 3850
f 3850 3941 3939
f 3850 3939 3849
f 3849 3939 3847
f 3847 3939 3937
f 3847 3937 3845
f 3829 3830 3929
f 3929 3830 3831
f 3831 3833 3929
f 3929 3833 3834
f 3929 3834 3937
f 3937 3834 3836
f 3937 3836 3845
f 3829 3929 3755
f 3755 3929 3819
f 3755 3819 3658
f 3658 3819 3638
f 3638 3819 3781
f 3638 3781 3534
f 3534 3781 3741
f 3534 3741 3502
f 3502 3741 3738
f 3502 3738 3490
f 3490 3738 3710
f 3490 3710 3486
f 3699 3480 3710
f 3710 3480 3485
f 3710 3485 3486
f 3695 3692 3473
f 3473 3476 3695
f 3695 3476 3478
f 3695 3478 3699
f 3699 3478 3479
f 3699 3479 3480
f 3689 3686 3467
f 3467 3469 3689
f 3689 3469 3470
f 3689 3470 3692
f 3692 3470 3472
f 3692 3472 3473
f 3459 3461 3682
f 3682 3461 3463
f 3682 3463 3686
f 3686 3463 3466
f 3686 3466 3467
f 3454 3452 3679
f 3679 3452 3453
f 3679 3453 3677
f 3677 3453 3457
f 3677 3457 3678
f 3678 3457 3459
f 3678 3459 3680
f 3680 3459 3682
f 4004 4197 4161
f 4004 4161 3997
f 3997 4161 4077
f 3997 4077 3982
f 4077 4061 3982
f 3982 4061 4053
f 3982 4053 3971
f 4053 4041 3971
f 3971 4041 4037
f 3971 4037 3968
f 4037 4035 3968
f 3968 4035 4034
f 3968 4034 3967
f 3967 4034 3969
f 4034 4036 3969
f 3969 4036 4038
f 3969 4038 3970
f 3970 4038 4039
f 4039 4040 3970
f 3970 4040 4042
f 3970 4042 3972
f 3972 4042 4043
f 3972 4043 3973
f 4043 4044 3973
f 3973 4044 4045
f 3973 4045 3974
f 3974 4045 4046
f 4046 4047 3974
f 3974 4047 4048
f 3974 4048 3975
f 3975 4048 3976
f 3928 3930 2687
f 4048 4049 3976
f 3976 4049 4050
f 3976 4050 3977
f 3977 4050 4051
f 3977 4051 4052
f 2687 2685 3928
f 3928 2685 2681
f 3928 2681 3927
f 3927 2681 2680
f 3927 2680 3924
f 3924 2680 2677
f 3924 2677 3923
f 3923 2677 2674
f 3923 2674 3922
f 3922 2674 2670
f 3922 2670 3920
f 3920 2670 2667
f 3920 2667 3919
f 3919 2667 2663
f 3919 2663 3917
f 3917 2663 2664
f 3917 2664 3918
f 3918 2664 2671
f 3918 2671 3921
f 3921 2671 2699
f 3921 2699 3934
f 3934 2699 2795
f 3934 2795 3984
f 3984 2795 2834
f 3984 2834 3991
f 4200 2842 2832
f 2815 4189 2832
f 2832 4189 4196
f 2832 4196 4200
f 2798 4166 4174
f 2798 4174 2815
f 2815 4174 4176
f 2815 4176 4177
f 4177 4179 2815
f 2815 4179 4182
f 2815 4182 4189
f 4166 2798 4163
f 4163 2798 2780
f 4163 2780 4140
f 4140 2780 2754
f 4140 2754 4124
f 4067 4070 2713
f 2713 4070 4079
f 2713 4079 2718
f 2718 4079 4086
f 2718 4086 2724
f 2724 4086 4094
f 2724 4094 2729
f 2729 4094 4101
f 2729 4101 2736
f 2736 4101 4105
f 2736 4105 2754
f 2754 4105 4113
f 2754 4113 4124
f 4067 2713 4065
f 4065 2713 2703
f 4065 2703 4063
f 4063 2703 2696
f 4063 2696 4059
f 4059 2696 4058
f 4058 2696 2692
f 4058 2692 4055
f 3930 3977 2687
f 2687 3977 4052
f 2687 4052 2692
f 2692 4052 4054
f 2692 4054 4055
f 3991 2834 2842
f 3991 2842 4004
f 4004 2842 4200
f 4004 4200 4197
f 4989 4978 4983
f 4983 4978 4952
f 4983 4952 4969
f 4788 4812 4791
f 4791 4812 4831
f 4791 4831 4796
f 4796 4831 4844
f 4796 4844 4852
f 4883 4928 4916
f 4916 4928 4969
f 4916 4969 4935
f 4935 4969 4952
f 4796 4921 4805
f 4805 4921 4928
f 4805 4928 4836
f 4836 4928 4883
f 4852 4861 4796
f 4796 4861 4870
f 4796 4870 4921
f 4921 4870 4877
f 4921 4877 4886
f 4886 4894 4921
f 4921 4894 4907
f 4921 4907 4918
f 4988 4989 4983
f 4161 4197 4229
f 4943 4923 4917
f 4946 4925 4923
f 4977 4961 4974
f 4974 4961 4960
f 4974 4960 4971
f 4971 4960 4955
f 4971 4955 4968
f 4968 4955 4950
f 4968 4950 4962
f 4962 4950 4945
f 4962 4945 4957
f 4957 4945 4939
f 4957 4939 4949
f 4949 4939 4930
f 4949 4930 4941
f 4941 4930 4924
f 4941 4924 4933
f 4933 4924 4909
f 4933 4909 4892
f 4985 4986 4979
f 4923 4943 4946
f 4946 4943 4964
f 4946 4964 4966
f 4966 4964 4979
f 4966 4979 4981
f 4981 4979 4986
f 4981 4986 4987
f 4985 4977 4984
f 4984 4977 4974
f 4984 4974 4982
f 4982 4974 4971
f 4982 4971 4980
f 4980 4971 4968
f 4980 4968 4975
f 4975 4968 4962
f 4975 4962 4972
f 4972 4962 4957
f 4972 4957 4965
f 4965 4957 4949
f 4965 4949 4959
f 4959 4949 4941
f 4959 4941 4951
f 4951 4941 4933
f 4951 4933 4942
f 4942 4933 4892
f 4942 4892 4934
f 4934 4892 4866
f 4934 4866 4908
f 4908 4866 4787
f 4908 4787 4855
f 4987 4988 4981
f 4981 4988 4983
f 4981 4983 4966
f 4966 4983 4969
f 4966 4969 4946
f 4946 4969 4928
f 4946 4928 4925
f 4787 4714 4855
f 4855 4714 4653
f 4855 4653 4696
f 4696 4653 4598
f 4696 4598 4495
f 4495 4598 4429
f 4495 4429 4386
f 4386 4429 4335
f 4386 4335 4326
f 4326 4335 4278
f 4326 4278 4294
f 4294 4278 4246
f 4294 4246 4258
f 4258 4246 4209
f 4258 4209 4229
f 4229 4209 4172
f 4229 4172 4161
f 4161 4172 4077
f 4985 4979 4977
f 4977 4979 4964
f 4977 4964 4961
f 4961 4964 4943
f 4961 4943 4960
f 4960 4943 4917
f 4960 4917 4955
f 4955 4917 4906
f 4955 4906 4950
f 4950 4906 4898
f 4950 4898 4945
f 4945 4898 4881
f 4945 4881 4939
f 4939 4881 4867
f 4939 4867 4930
f 4930 4867 4835
f 4930 4835 4924
f 4924 4835 4809
f 4924 4809 4909
f 4909 4809 4772
f 4909 4772 4892
f 4892 4772 4744
f 4892 4744 4866
f 4866 4744 4713
f 4866 4713 4787
f 4787 4713 4649
f 4787 4649 4714
f 4714 4649 4604
f 4714 4604 4653
f 4653 4604 4575
f 4653 4575 4598
f 4598 4575 4498
f 4598 4498 4429
f 4429 4498 4427
f 4429 4427 4335
f 4335 4427 4266
f 4335 4266 4278
f 4278 4266 4231
f 4278 4231 4246
f 4246 4231 4186
f 4246 4186 4209
f 4209 4186 4132
f 4209 4132 4172
f 4172 4132 4116
f 4172 4116 4077
f 4194 4188 4134
f 4061 4077 4116
f 4781 4816 4779
f 4753 4722 4754
f 4637 4611 4559
f 4611 4637 4641
f 4706 4682 4689
f 4643 4615 4624
f 4601 4566 4576
f 4492 4462 4467
f 4426 4405 4458
f 4458 4405 4461
f 4458 4461 4489
f 4576 4566 4552
f 4552 4566 4543
f 4552 4543 4525
f 4591 4612 4605
f 4615 4601 4605
f 4605 4601 4576
f 4605 4576 4591
f 4591 4576 4552
f 4591 4552 4533
f 4533 4552 4525
f 4533 4525 4496
f 4467 4462 4410
f 4410 4462 4407
f 4410 4407 4358
f 4675 4643 4654
f 4718 4692 4706
f 4706 4692 4675
f 4706 4675 4682
f 4742 4718 4731
f 4731 4718 4706
f 4731 4706 4720
f 4720 4706 4689
f 4720 4689 4722
f 4742 4731 4770
f 4770 4731 4786
f 4770 4786 4821
f 4641 4612 4611
f 4611 4612 4591
f 4611 4591 4559
f 4559 4591 4533
f 4559 4533 4518
f 4518 4533 4496
f 4518 4496 4479
f 4722 4753 4720
f 4720 4753 4747
f 4720 4747 4731
f 4731 4747 4803
f 4731 4803 4786
f 4786 4803 4857
f 4786 4857 4821
f 4899 4893 4904
f 4918 4912 4921
f 4921 4912 4911
f 4921 4911 4904
f 4904 4911 4905
f 4904 4905 4899
f 4893 4884 4904
f 4904 4884 4875
f 4904 4875 4889
f 4889 4875 4871
f 4889 4871 4857
f 4857 4871 4827
f 4857 4827 4821
f 4643 4624 4654
f 4654 4624 4640
f 4654 4640 4666
f 4666 4640 4670
f 4666 4670 4694
f 4694 4670 4691
f 4694 4691 4721
f 4675 4654 4682
f 4682 4654 4666
f 4682 4666 4689
f 4689 4666 4694
f 4689 4694 4722
f 4722 4694 4721
f 4722 4721 4754
f 4779 4816 4813
f 4813 4816 4847
f 4813 4847 4842
f 4847 4869 4842
f 4842 4869 4887
f 4842 4887 4880
f 4898 4887 4881
f 4881 4887 4869
f 4881 4869 4867
f 4867 4869 4847
f 4867 4847 4835
f 4835 4847 4816
f 4835 4816 4809
f 4809 4816 4781
f 4809 4781 4772
f 4928 4914 4925
f 4925 4914 4915
f 4925 4915 4923
f 4923 4915 4896
f 4923 4896 4917
f 4917 4896 4906
f 4898 4906 4887
f 4887 4906 4896
f 4887 4896 4880
f 4880 4896 4915
f 4880 4915 4901
f 4901 4915 4914
f 4615 4605 4624
f 4624 4605 4612
f 4624 4612 4640
f 4640 4612 4641
f 4640 4641 4670
f 4670 4641 4637
f 4670 4637 4691
f 4691 4637 4713
f 4691 4713 4721
f 4721 4713 4744
f 4721 4744 4754
f 4037 4041 4073
f 4152 4109 4114
f 4114 4109 4084
f 4114 4084 4073
f 4073 4084 4069
f 4073 4069 4037
f 4202 4152 4158
f 4158 4152 4114
f 4158 4114 4120
f 4120 4114 4073
f 4120 4073 4080
f 4080 4073 4041
f 4188 4194 4235
f 4235 4194 4238
f 4235 4238 4264
f 4426 4404 4405
f 4405 4404 4370
f 4405 4370 4353
f 4353 4370 4348
f 4353 4348 4276
f 4276 4348 4312
f 4276 4312 4272
f 4272 4264 4276
f 4276 4264 4238
f 4276 4238 4202
f 4202 4238 4194
f 4202 4194 4152
f 4152 4194 4134
f 4152 4134 4109
f 4523 4489 4492
f 4492 4489 4461
f 4492 4461 4462
f 4462 4461 4405
f 4462 4405 4407
f 4407 4405 4353
f 4407 4353 4358
f 4358 4353 4276
f 4358 4276 4282
f 4282 4276 4202
f 4928 4921 4914
f 4914 4921 4904
f 4914 4904 4901
f 4901 4904 4889
f 4901 4889 4880
f 4880 4889 4857
f 4880 4857 4842
f 4842 4857 4803
f 4842 4803 4813
f 4813 4803 4747
f 4813 4747 4779
f 4779 4747 4753
f 4779 4753 4781
f 4781 4753 4754
f 4781 4754 4772
f 4772 4754 4744
f 4053 4061 4092
f 4092 4061 4116
f 4092 4116 4130
f 4130 4116 4132
f 4130 4132 4171
f 4171 4132 4186
f 4171 4186 4212
f 4212 4186 4231
f 4212 4231 4292
f 4292 4231 4266
f 4292 4266 4368
f 4368 4266 4427
f 4368 4427 4479
f 4479 4427 4498
f 4479 4498 4518
f 4518 4498 4575
f 4518 4575 4559
f 4559 4575 4604
f 4559 4604 4637
f 4637 4604 4649
f 4637 4649 4713
f 4543 4523 4525
f 4525 4523 4492
f 4525 4492 4496
f 4496 4492 4467
f 4496 4467 4479
f 4479 4467 4410
f 4479 4410 4368
f 4368 4410 4358
f 4368 4358 4292
f 4292 4358 4282
f 4292 4282 4212
f 4212 4282 4202
f 4212 4202 4171
f 4171 4202 4158
f 4171 4158 4130
f 4130 4158 4120
f 4130 4120 4092
f 4092 4120 4080
f 4092 4080 4053
f 4053 4080 4041
f 4217 4215 4291
f 4105 4101 4167
f 4233 4191 4188
f 4234 4192 4191
f 4237 4195 4193
f 4084 4109 4108
f 4310 4274 4273
f 4043 4042 4056
f 4184 4205 4206
f 4145 4131 4129
f 4110 4093 4091
f 4075 4055 4054
f 4742 4770 4752
f 4609 4615 4643
f 4839 4851 4848
f 4818 4834 4829
f 4798 4782 4785
f 4712 4709 4671
f 4537 4583 4582
f 4388 4390 4418
f 4398 4399 4354
f 4785 4782 4745
f 4745 4782 4743
f 4745 4743 4705
f 4660 4659 4577
f 4659 4660 4699
f 4774 4710 4719
f 4793 4812 4788
f 4783 4759 4774
f 4690 4680 4693
f 4548 4540 4516
f 4516 4497 4548
f 4548 4497 4487
f 4548 4487 4433
f 4433 4487 4455
f 4433 4455 4385
f 4558 4553 4574
f 4574 4553 4621
f 4574 4621 4597
f 4597 4621 4613
f 4690 4693 4711
f 4773 4762 4783
f 4783 4762 4751
f 4783 4751 4759
f 4759 4751 4737
f 4759 4737 4723
f 4680 4663 4693
f 4693 4663 4644
f 4693 4644 4621
f 4621 4644 4623
f 4621 4623 4613
f 4365 4436 4435
f 4435 4436 4557
f 4435 4557 4553
f 4553 4557 4629
f 4553 4629 4621
f 4621 4629 4704
f 4621 4704 4693
f 4296 4359 4360
f 4360 4359 4453
f 4360 4453 4451
f 4451 4453 4571
f 4451 4571 4569
f 4569 4571 4650
f 4573 4452 4499
f 4565 4647 4645
f 4645 4647 4725
f 4645 4725 4719
f 4719 4710 4645
f 4645 4710 4638
f 4645 4638 4565
f 4788 4773 4793
f 4793 4773 4783
f 4793 4783 4802
f 4802 4783 4774
f 4802 4774 4784
f 4784 4774 4719
f 4784 4719 4789
f 4789 4719 4725
f 4359 4452 4453
f 4453 4452 4573
f 4453 4573 4571
f 4571 4573 4655
f 4571 4655 4650
f 4650 4655 4728
f 4577 4659 4658
f 4658 4659 4699
f 4658 4699 4736
f 4837 4826 4794
f 4810 4801 4771
f 4771 4801 4768
f 4771 4768 4736
f 4736 4768 4730
f 4736 4730 4658
f 4819 4817 4828
f 4828 4817 4826
f 4828 4826 4840
f 4840 4826 4837
f 4840 4837 4861
f 4662 4705 4702
f 4702 4705 4743
f 4702 4743 4741
f 4741 4743 4782
f 4741 4782 4775
f 4775 4782 4798
f 4775 4798 4815
f 4812 4819 4831
f 4831 4819 4828
f 4831 4828 4844
f 4844 4828 4840
f 4844 4840 4852
f 4852 4840 4861
f 4810 4837 4801
f 4801 4837 4794
f 4801 4794 4768
f 4768 4794 4728
f 4768 4728 4730
f 4730 4728 4655
f 4730 4655 4658
f 4658 4655 4573
f 4658 4573 4577
f 4577 4573 4499
f 4577 4499 4500
f 4354 4399 4355
f 4393 4417 4419
f 4417 4393 4391
f 4391 4393 4377
f 4391 4377 4375
f 4443 4471 4445
f 4445 4471 4472
f 4445 4472 4447
f 4447 4472 4449
f 4388 4416 4389
f 4389 4416 4414
f 4389 4414 4415
f 4415 4414 4439
f 4415 4439 4440
f 4440 4439 4473
f 4440 4473 4470
f 4452 4450 4499
f 4499 4450 4449
f 4499 4449 4500
f 4500 4449 4472
f 4500 4472 4501
f 4501 4472 4471
f 4416 4444 4414
f 4414 4444 4442
f 4414 4442 4439
f 4439 4442 4474
f 4439 4474 4473
f 4473 4474 4504
f 4507 4510 4544
f 4544 4510 4524
f 4448 4418 4421
f 4421 4418 4392
f 4421 4392 4395
f 4395 4392 4339
f 4418 4390 4392
f 4392 4390 4376
f 4392 4376 4339
f 4400 4425 4424
f 4424 4456 4454
f 4454 4456 4466
f 4454 4466 4463
f 4480 4493 4478
f 4478 4493 4491
f 4478 4491 4477
f 4424 4425 4456
f 4456 4425 4457
f 4456 4457 4481
f 4481 4457 4489
f 4481 4489 4523
f 4515 4517 4526
f 4526 4517 4528
f 4526 4528 4551
f 4551 4528 4556
f 4551 4556 4572
f 4572 4556 4581
f 4572 4581 4599
f 4599 4581 4607
f 4599 4607 4625
f 4312 4348 4344
f 4344 4348 4370
f 4344 4370 4400
f 4400 4370 4404
f 4400 4404 4425
f 4425 4404 4426
f 4425 4426 4457
f 4457 4426 4458
f 4457 4458 4489
f 4524 4547 4544
f 4544 4547 4568
f 4544 4568 4595
f 4715 4712 4673
f 4673 4712 4671
f 4673 4671 4622
f 4622 4671 4620
f 4622 4620 4585
f 4585 4620 4583
f 4585 4583 4538
f 4538 4583 4537
f 4538 4537 4503
f 4582 4583 4618
f 4618 4583 4620
f 4618 4620 4664
f 4664 4620 4671
f 4664 4671 4707
f 4707 4671 4709
f 4707 4709 4748
f 4388 4418 4416
f 4416 4418 4448
f 4416 4448 4444
f 4444 4448 4476
f 4444 4476 4442
f 4442 4476 4475
f 4442 4475 4474
f 4474 4475 4505
f 4474 4505 4504
f 4504 4505 4541
f 4504 4541 4539
f 4539 4541 4588
f 4539 4588 4586
f 4586 4588 4627
f 4586 4627 4626
f 4626 4627 4677
f 4626 4677 4674
f 4632 4592 4595
f 4595 4592 4542
f 4595 4542 4544
f 4544 4542 4506
f 4544 4506 4507
f 4476 4507 4475
f 4475 4507 4506
f 4475 4506 4505
f 4505 4506 4542
f 4505 4542 4541
f 4541 4542 4592
f 4541 4592 4588
f 4588 4592 4632
f 4588 4632 4627
f 4627 4632 4681
f 4627 4681 4677
f 4568 4596 4595
f 4595 4596 4614
f 4595 4614 4632
f 4632 4614 4639
f 4632 4639 4681
f 4681 4639 4661
f 4681 4661 4685
f 4470 4503 4502
f 4502 4503 4537
f 4502 4537 4534
f 4534 4537 4582
f 4534 4582 4578
f 4578 4582 4618
f 4578 4618 4662
f 4662 4618 4664
f 4662 4664 4705
f 4705 4664 4707
f 4705 4707 4745
f 4745 4707 4748
f 4745 4748 4785
f 4833 4822 4824
f 4824 4822 4806
f 4824 4806 4814
f 4814 4806 4790
f 4814 4790 4795
f 4848 4833 4839
f 4839 4833 4824
f 4839 4824 4829
f 4829 4824 4814
f 4829 4814 4818
f 4818 4814 4795
f 4818 4795 4800
f 4851 4845 4856
f 4856 4845 4854
f 4790 4755 4795
f 4795 4755 4757
f 4795 4757 4800
f 4800 4757 4761
f 4800 4761 4767
f 4834 4818 4823
f 4823 4818 4800
f 4823 4800 4825
f 4825 4800 4767
f 4825 4767 4777
f 4700 4685 4678
f 4678 4685 4661
f 4678 4661 4651
f 4651 4661 4639
f 4651 4639 4625
f 4625 4639 4614
f 4625 4614 4599
f 4599 4614 4596
f 4599 4596 4572
f 4572 4596 4568
f 4572 4568 4551
f 4551 4568 4547
f 4551 4547 4526
f 4526 4547 4524
f 4526 4524 4515
f 4515 4524 4510
f 4470 4473 4503
f 4503 4473 4504
f 4503 4504 4538
f 4538 4504 4539
f 4538 4539 4585
f 4585 4539 4586
f 4585 4586 4622
f 4622 4586 4626
f 4622 4626 4673
f 4673 4626 4674
f 4673 4674 4715
f 4715 4674 4677
f 4715 4677 4724
f 4724 4677 4681
f 4724 4681 4729
f 4729 4681 4685
f 4729 4685 4752
f 4752 4685 4700
f 4752 4700 4742
f 4854 4841 4860
f 4860 4841 4846
f 4860 4846 4865
f 4865 4846 4849
f 4821 4827 4799
f 4799 4827 4871
f 4799 4871 4849
f 4849 4871 4875
f 4849 4875 4865
f 4851 4839 4845
f 4845 4839 4829
f 4845 4829 4854
f 4854 4829 4834
f 4854 4834 4841
f 4841 4834 4823
f 4841 4823 4846
f 4846 4823 4825
f 4846 4825 4849
f 4849 4825 4777
f 4849 4777 4799
f 4884 4893 4878
f 4878 4893 4899
f 4878 4899 4873
f 4873 4899 4879
f 4873 4879 4864
f 4907 4894 4890
f 4890 4894 4886
f 4890 4886 4874
f 4874 4886 4877
f 4874 4877 4868
f 4868 4877 4870
f 4868 4870 4859
f 4615 4609 4601
f 4601 4609 4589
f 4601 4589 4566
f 4566 4589 4560
f 4566 4560 4543
f 4543 4560 4535
f 4543 4535 4523
f 4523 4535 4521
f 4523 4521 4481
f 4481 4521 4480
f 4481 4480 4456
f 4456 4480 4478
f 4456 4478 4466
f 4466 4478 4477
f 4466 4477 4463
f 4093 4110 4118
f 4118 4110 4133
f 4118 4133 4135
f 4091 4052 4090
f 4090 4052 4051
f 4090 4051 4089
f 4089 4051 4050
f 4089 4050 4066
f 4066 4050 4049
f 4066 4049 4064
f 4064 4049 4048
f 4064 4048 4062
f 4062 4048 4047
f 4062 4047 4046
f 4131 4145 4149
f 4149 4145 4173
f 4149 4173 4175
f 4250 4211 4208
f 4208 4211 4185
f 4208 4185 4169
f 4169 4185 4170
f 4164 4184 4165
f 4165 4184 4206
f 4165 4206 4168
f 4168 4206 4207
f 4143 4141 4162
f 4162 4141 4160
f 4162 4160 4181
f 4181 4160 4159
f 4060 4046 4045
f 4046 4060 4062
f 4062 4060 4085
f 4062 4085 4064
f 4064 4085 4087
f 4064 4087 4066
f 4066 4087 4088
f 4066 4088 4089
f 4057 4044 4043
f 4043 4056 4057
f 4057 4056 4082
f 4057 4082 4083
f 4083 4082 4098
f 4083 4098 4100
f 4100 4098 4123
f 4100 4123 4102
f 4102 4123 4125
f 4102 4125 4104
f 4104 4125 4126
f 4104 4126 4127
f 4121 4136 4137
f 4076 4117 4119
f 4136 4121 4119
f 4119 4121 4095
f 4119 4095 4076
f 4165 4143 4164
f 4164 4143 4162
f 4164 4162 4184
f 4184 4162 4181
f 4184 4181 4205
f 4287 4250 4249
f 4249 4250 4208
f 4249 4208 4207
f 4207 4208 4169
f 4207 4169 4168
f 4287 4288 4250
f 4250 4288 4251
f 4250 4251 4211
f 4211 4251 4213
f 4211 4213 4185
f 4185 4213 4187
f 4185 4187 4170
f 4157 4178 4180
f 4180 4178 4203
f 4180 4203 4204
f 4204 4203 4221
f 4204 4221 4225
f 4225 4221 4244
f 4225 4244 4247
f 4322 4287 4286
f 4286 4287 4249
f 4286 4249 4248
f 4248 4249 4207
f 4248 4207 4247
f 4247 4207 4206
f 4247 4206 4225
f 4225 4206 4205
f 4225 4205 4204
f 4204 4205 4181
f 4204 4181 4180
f 4180 4181 4159
f 4180 4159 4157
f 4396 4351 4350
f 4350 4351 4321
f 4350 4321 4320
f 4320 4321 4285
f 4320 4285 4284
f 4379 4349 4347
f 4347 4349 4319
f 4347 4319 4318
f 4318 4319 4283
f 4318 4283 4281
f 4394 4396 4379
f 4379 4396 4350
f 4379 4350 4349
f 4349 4350 4320
f 4349 4320 4319
f 4319 4320 4284
f 4319 4284 4283
f 4283 4284 4262
f 4283 4262 4281
f 4157 4155 4178
f 4178 4155 4199
f 4178 4199 4203
f 4203 4199 4219
f 4203 4219 4221
f 4221 4219 4243
f 4221 4243 4244
f 4244 4243 4262
f 4244 4262 4247
f 4247 4262 4284
f 4247 4284 4248
f 4248 4284 4285
f 4248 4285 4286
f 4286 4285 4321
f 4286 4321 4322
f 4322 4321 4351
f 4242 4259 4261
f 4261 4259 4280
f 4240 4218 4198
f 4195 4237 4198
f 4198 4237 4239
f 4198 4239 4240
f 4378 4346 4345
f 4345 4346 4317
f 4345 4317 4315
f 4315 4317 4280
f 4315 4280 4277
f 4277 4280 4259
f 4277 4259 4240
f 4240 4259 4242
f 4240 4242 4218
f 4275 4274 4313
f 4313 4274 4310
f 4313 4310 4340
f 4375 4377 4340
f 4340 4377 4343
f 4340 4343 4313
f 4313 4343 4314
f 4313 4314 4275
f 4394 4379 4378
f 4378 4379 4347
f 4378 4347 4346
f 4346 4347 4318
f 4346 4318 4317
f 4317 4318 4281
f 4317 4281 4280
f 4280 4281 4262
f 4280 4262 4261
f 4261 4262 4243
f 4261 4243 4242
f 4242 4243 4219
f 4242 4219 4218
f 4218 4219 4199
f 4218 4199 4198
f 4198 4199 4155
f 4198 4155 4195
f 4068 4071 4038
f 4038 4071 4072
f 4038 4072 4039
f 4039 4072 4040
f 4117 4076 4115
f 4115 4076 4074
f 4115 4074 4112
f 4071 4112 4072
f 4072 4112 4074
f 4072 4074 4040
f 4040 4074 4076
f 4040 4076 4078
f 4078 4076 4095
f 4078 4095 4097
f 4097 4095 4121
f 4097 4121 4122
f 4122 4121 4137
f 4122 4137 4139
f 4038 4036 4068
f 4068 4036 4034
f 4068 4034 4069
f 4069 4034 4035
f 4069 4035 4037
f 4069 4084 4068
f 4068 4084 4108
f 4068 4108 4071
f 4071 4108 4111
f 4071 4111 4112
f 4112 4111 4150
f 4112 4150 4115
f 4115 4150 4153
f 4115 4153 4117
f 4117 4153 4154
f 4117 4154 4119
f 4109 4134 4108
f 4108 4134 4147
f 4108 4147 4111
f 4111 4147 4148
f 4111 4148 4150
f 4150 4148 4193
f 4150 4193 4153
f 4153 4193 4195
f 4153 4195 4154
f 4154 4195 4155
f 4154 4155 4119
f 4119 4155 4157
f 4119 4157 4136
f 4136 4157 4159
f 4136 4159 4137
f 4137 4159 4160
f 4137 4160 4139
f 4139 4160 4141
f 4191 4233 4234
f 4234 4233 4269
f 4234 4269 4271
f 4271 4269 4306
f 4271 4306 4308
f 4308 4306 4336
f 4308 4336 4338
f 4235 4264 4270
f 4188 4235 4233
f 4233 4235 4270
f 4233 4270 4269
f 4269 4270 4307
f 4269 4307 4306
f 4306 4307 4337
f 4306 4337 4336
f 4336 4337 4373
f 4336 4373 4338
f 4338 4373 4374
f 4192 4234 4236
f 4236 4234 4271
f 4236 4271 4273
f 4273 4271 4308
f 4273 4308 4310
f 4310 4308 4338
f 4310 4338 4340
f 4340 4338 4374
f 4340 4374 4375
f 4105 4167 4113
f 4255 4201 4167
f 4167 4201 4151
f 4167 4151 4113
f 4067 4065 4103
f 4103 4065 4099
f 4055 4075 4081
f 4081 4075 4096
f 4081 4096 4099
f 4065 4063 4099
f 4099 4063 4059
f 4099 4059 4081
f 4081 4059 4058
f 4081 4058 4055
f 4146 4086 4079
f 4067 4103 4070
f 4070 4103 4106
f 4070 4106 4079
f 4079 4106 4107
f 4079 4107 4146
f 4220 4144 4217
f 4217 4144 4142
f 4217 4142 4215
f 4215 4142 4138
f 4215 4138 4175
f 4175 4138 4135
f 4175 4135 4149
f 4149 4135 4133
f 4149 4133 4131
f 4131 4133 4110
f 4131 4110 4129
f 4129 4110 4091
f 4129 4091 4128
f 4128 4091 4090
f 4128 4090 4127
f 4127 4090 4089
f 4127 4089 4104
f 4104 4089 4088
f 4104 4088 4102
f 4102 4088 4087
f 4102 4087 4100
f 4100 4087 4085
f 4100 4085 4083
f 4083 4085 4060
f 4083 4060 4057
f 4057 4060 4045
f 4057 4045 4044
f 4167 4232 4255
f 4255 4232 4300
f 4255 4300 4305
f 4305 4300 4365
f 4305 4365 4385
f 4385 4365 4435
f 4385 4435 4433
f 4433 4435 4553
f 4433 4553 4548
f 4548 4553 4558
f 4548 4558 4540
f 4220 4217 4295
f 4295 4217 4291
f 4295 4291 4357
f 4357 4291 4356
f 4357 4356 4402
f 4402 4356 4355
f 4402 4355 4401
f 4401 4355 4399
f 4401 4399 4422
f 4422 4399 4398
f 4422 4398 4420
f 4638 4561 4565
f 4565 4561 4438
f 4565 4438 4446
f 4446 4438 4362
f 4446 4362 4361
f 4361 4362 4298
f 4361 4298 4297
f 4297 4298 4228
f 4297 4228 4226
f 4226 4228 4156
f 4226 4156 4146
f 4146 4156 4094
f 4146 4094 4086
f 4417 4443 4419
f 4419 4443 4445
f 4419 4445 4420
f 4420 4445 4447
f 4420 4447 4422
f 4422 4447 4449
f 4422 4449 4401
f 4401 4449 4450
f 4401 4450 4402
f 4402 4450 4452
f 4402 4452 4357
f 4357 4452 4359
f 4357 4359 4295
f 4295 4359 4296
f 4295 4296 4220
f 4812 4793 4819
f 4819 4793 4802
f 4819 4802 4817
f 4817 4802 4784
f 4817 4784 4826
f 4826 4784 4789
f 4826 4789 4794
f 4794 4789 4725
f 4794 4725 4728
f 4728 4725 4647
f 4728 4647 4650
f 4650 4647 4565
f 4650 4565 4569
f 4569 4565 4446
f 4569 4446 4451
f 4451 4446 4361
f 4451 4361 4360
f 4360 4361 4297
f 4360 4297 4296
f 4296 4297 4226
f 4296 4226 4220
f 4220 4226 4146
f 4220 4146 4144
f 4144 4146 4107
f 4144 4107 4142
f 4142 4107 4106
f 4142 4106 4138
f 4138 4106 4103
f 4138 4103 4135
f 4135 4103 4099
f 4135 4099 4118
f 4118 4099 4096
f 4118 4096 4093
f 4093 4096 4075
f 4093 4075 4091
f 4091 4075 4054
f 4091 4054 4052
f 4723 4711 4759
f 4759 4711 4693
f 4759 4693 4774
f 4774 4693 4704
f 4774 4704 4710
f 4710 4704 4629
f 4710 4629 4638
f 4638 4629 4557
f 4638 4557 4561
f 4561 4557 4436
f 4561 4436 4438
f 4438 4436 4365
f 4438 4365 4362
f 4362 4365 4300
f 4362 4300 4298
f 4298 4300 4232
f 4298 4232 4228
f 4228 4232 4167
f 4228 4167 4156
f 4156 4167 4101
f 4156 4101 4094
f 4899 4905 4879
f 4879 4905 4911
f 4879 4911 4900
f 4900 4911 4912
f 4868 4864 4874
f 4874 4864 4879
f 4874 4879 4890
f 4890 4879 4900
f 4890 4900 4907
f 4907 4900 4912
f 4907 4912 4918
f 4875 4884 4865
f 4865 4884 4878
f 4865 4878 4860
f 4860 4878 4873
f 4860 4873 4854
f 4854 4873 4864
f 4854 4864 4856
f 4856 4864 4868
f 4856 4868 4851
f 4851 4868 4859
f 4851 4859 4848
f 4848 4859 4843
f 4848 4843 4833
f 4833 4843 4815
f 4833 4815 4822
f 4822 4815 4798
f 4822 4798 4806
f 4806 4798 4785
f 4806 4785 4790
f 4790 4785 4748
f 4790 4748 4755
f 4755 4748 4709
f 4755 4709 4757
f 4757 4709 4712
f 4757 4712 4761
f 4761 4712 4715
f 4761 4715 4767
f 4767 4715 4724
f 4767 4724 4777
f 4777 4724 4729
f 4777 4729 4799
f 4799 4729 4752
f 4799 4752 4821
f 4821 4752 4770
f 4870 4861 4859
f 4859 4861 4837
f 4859 4837 4843
f 4843 4837 4810
f 4843 4810 4815
f 4815 4810 4771
f 4815 4771 4775
f 4775 4771 4736
f 4775 4736 4741
f 4741 4736 4699
f 4741 4699 4702
f 4702 4699 4660
f 4702 4660 4662
f 4662 4660 4577
f 4662 4577 4578
f 4578 4577 4500
f 4578 4500 4534
f 4534 4500 4501
f 4534 4501 4502
f 4502 4501 4471
f 4502 4471 4470
f 4470 4471 4443
f 4470 4443 4440
f 4440 4443 4417
f 4440 4417 4415
f 4415 4417 4391
f 4415 4391 4389
f 4389 4391 4375
f 4389 4375 4388
f 4388 4375 4374
f 4388 4374 4390
f 4390 4374 4373
f 4390 4373 4376
f 4376 4373 4337
f 4376 4337 4339
f 4339 4337 4307
f 4339 4307 4309
f 4309 4307 4270
f 4309 4270 4272
f 4272 4270 4264
f 4272 4312 4309
f 4309 4312 4344
f 4309 4344 4339
f 4339 4344 4400
f 4339 4400 4395
f 4395 4400 4424
f 4395 4424 4421
f 4421 4424 4454
f 4421 4454 4448
f 4448 4454 4463
f 4448 4463 4476
f 4476 4463 4477
f 4476 4477 4507
f 4507 4477 4491
f 4507 4491 4510
f 4510 4491 4493
f 4510 4493 4515
f 4515 4493 4480
f 4515 4480 4517
f 4517 4480 4521
f 4517 4521 4528
f 4528 4521 4535
f 4528 4535 4556
f 4556 4535 4560
f 4556 4560 4581
f 4581 4560 4589
f 4581 4589 4607
f 4607 4589 4609
f 4607 4609 4625
f 4625 4609 4643
f 4625 4643 4651
f 4651 4643 4675
f 4651 4675 4678
f 4678 4675 4692
f 4678 4692 4700
f 4700 4692 4718
f 4700 4718 4742
f 4396 4397 4351
f 4351 4397 4352
f 4351 4352 4322
f 4322 4352 4324
f 4322 4324 4287
f 4287 4324 4325
f 4287 4325 4288
f 4288 4325 4290
f 4288 4290 4251
f 4251 4290 4254
f 4251 4254 4213
f 4213 4254 4214
f 4213 4214 4187
f 4042 4040 4056
f 4056 4040 4078
f 4056 4078 4082
f 4082 4078 4097
f 4082 4097 4098
f 4098 4097 4122
f 4098 4122 4123
f 4123 4122 4139
f 4123 4139 4125
f 4125 4139 4141
f 4125 4141 4126
f 4126 4141 4143
f 4126 4143 4127
f 4127 4143 4165
f 4127 4165 4128
f 4128 4165 4168
f 4128 4168 4129
f 4129 4168 4169
f 4129 4169 4145
f 4145 4169 4170
f 4145 4170 4173
f 4173 4170 4187
f 4173 4187 4175
f 4175 4187 4214
f 4175 4214 4215
f 4215 4214 4254
f 4215 4254 4291
f 4291 4254 4290
f 4291 4290 4356
f 4356 4290 4325
f 4356 4325 4355
f 4355 4325 4324
f 4355 4324 4354
f 4354 4324 4352
f 4354 4352 4398
f 4398 4352 4397
f 4398 4397 4420
f 4420 4397 4396
f 4420 4396 4419
f 4419 4396 4394
f 4419 4394 4393
f 4393 4394 4378
f 4393 4378 4377
f 4377 4378 4345
f 4377 4345 4343
f 4343 4345 4315
f 4343 4315 4314
f 4314 4315 4277
f 4314 4277 4275
f 4275 4277 4240
f 4275 4240 4274
f 4274 4240 4239
f 4274 4239 4273
f 4273 4239 4237
f 4273 4237 4236
f 4236 4237 4193
f 4236 4193 4192
f 4192 4193 4148
f 4192 4148 4191
f 4191 4148 4147
f 4191 4147 4188
f 4188 4147 4134
f 4301 4305 4385
f 4773 4788 4791
f 4372 4383 4316
f 4256 4257 4230
f 4735 4737 4751
f 4676 4680 4690
f 4657 4652 4636
f 4381 4380 4412
f 4935 4952 4937
f 4929 4920 4863
f 4797 4882 4820
f 4684 4746 4635
f 4635 4746 4688
f 4635 4688 4593
f 4593 4688 4633
f 4593 4633 4512
f 4512 4633 4532
f 4512 4532 4460
f 4460 4532 4469
f 4460 4469 4383
f 4920 4882 4863
f 4863 4882 4797
f 4863 4797 4776
f 4937 4956 4931
f 4931 4956 4953
f 4931 4953 4927
f 4927 4953 4947
f 4927 4947 4922
f 4922 4947 4944
f 4922 4944 4910
f 4910 4944 4938
f 4910 4938 4897
f 4897 4938 4932
f 4897 4932 4885
f 4885 4932 4926
f 4885 4926 4862
f 4862 4926 4919
f 4862 4919 4838
f 4838 4919 4903
f 4820 4740 4797
f 4797 4740 4727
f 4797 4727 4776
f 4776 4727 4708
f 4519 4546 4587
f 4587 4546 4584
f 4587 4584 4679
f 4929 4863 4888
f 4888 4863 4776
f 4888 4776 4808
f 4808 4776 4708
f 4808 4708 4758
f 4758 4708 4695
f 4758 4695 4778
f 4679 4584 4667
f 4667 4584 4616
f 4667 4616 4656
f 4936 4903 4940
f 4940 4903 4919
f 4940 4919 4948
f 4948 4919 4926
f 4948 4926 4954
f 4954 4926 4932
f 4954 4932 4958
f 4958 4932 4938
f 4958 4938 4963
f 4963 4938 4944
f 4963 4944 4967
f 4967 4944 4947
f 4967 4947 4970
f 4970 4947 4953
f 4970 4953 4973
f 4973 4953 4956
f 4973 4956 4976
f 4937 4952 4956
f 4956 4952 4978
f 4956 4978 4976
f 4437 4413 4412
f 4412 4413 4382
f 4412 4382 4381
f 4483 4437 4434
f 4434 4437 4412
f 4434 4412 4409
f 4409 4412 4380
f 4409 4380 4371
f 4371 4380 4333
f 4482 4509 4508
f 4508 4509 4527
f 4485 4465 4455
f 4455 4465 4430
f 4455 4430 4385
f 4490 4468 4520
f 4520 4468 4494
f 4520 4494 4545
f 4545 4494 4522
f 4545 4522 4579
f 4579 4522 4549
f 4579 4549 4580
f 4740 4679 4727
f 4727 4679 4667
f 4727 4667 4708
f 4708 4667 4656
f 4708 4656 4695
f 4695 4656 4648
f 4695 4648 4687
f 4778 4695 4739
f 4739 4695 4687
f 4739 4687 4760
f 4760 4687 4726
f 4760 4726 4780
f 4519 4490 4546
f 4546 4490 4520
f 4546 4520 4584
f 4584 4520 4545
f 4584 4545 4616
f 4616 4545 4579
f 4616 4579 4656
f 4656 4579 4580
f 4656 4580 4648
f 4780 4726 4804
f 4804 4726 4763
f 4804 4763 4830
f 4811 4872 4763
f 4763 4872 4853
f 4763 4853 4830
f 4580 4610 4648
f 4648 4610 4646
f 4648 4646 4687
f 4687 4646 4683
f 4687 4683 4726
f 4726 4683 4716
f 4726 4716 4763
f 4763 4716 4756
f 4763 4756 4811
f 4563 4529 4554
f 4554 4567 4563
f 4563 4567 4590
f 4563 4590 4603
f 4590 4606 4603
f 4603 4606 4617
f 4603 4617 4634
f 4617 4636 4634
f 4634 4636 4652
f 4634 4652 4669
f 4468 4459 4494
f 4494 4459 4488
f 4494 4488 4522
f 4522 4488 4513
f 4522 4513 4549
f 4549 4513 4530
f 4549 4530 4580
f 4580 4530 4564
f 4580 4564 4610
f 4610 4564 4602
f 4610 4602 4646
f 4646 4602 4631
f 4646 4631 4683
f 4683 4631 4668
f 4683 4668 4716
f 4716 4668 4701
f 4716 4701 4756
f 4756 4701 4738
f 4756 4738 4769
f 4676 4690 4672
f 4711 4723 4717
f 4711 4703 4690
f 4690 4703 4686
f 4690 4686 4672
f 4732 4698 4717
f 4509 4529 4527
f 4527 4529 4563
f 4527 4563 4562
f 4562 4563 4603
f 4562 4603 4600
f 4600 4603 4634
f 4600 4634 4630
f 4630 4634 4669
f 4630 4669 4665
f 4665 4669 4698
f 4665 4698 4697
f 4697 4698 4732
f 4697 4732 4733
f 4733 4732 4766
f 4765 4766 4749
f 4749 4766 4732
f 4749 4732 4734
f 4734 4732 4717
f 4735 4751 4750
f 4750 4751 4762
f 4750 4762 4764
f 4723 4737 4717
f 4717 4737 4735
f 4717 4735 4734
f 4734 4735 4750
f 4734 4750 4749
f 4749 4750 4764
f 4749 4764 4765
f 4711 4717 4703
f 4703 4717 4698
f 4703 4698 4686
f 4686 4698 4669
f 4686 4669 4672
f 4672 4669 4652
f 4672 4652 4676
f 4676 4652 4657
f 4676 4657 4680
f 4455 4487 4485
f 4485 4487 4497
f 4485 4497 4514
f 4514 4497 4516
f 4514 4516 4536
f 4536 4516 4540
f 4536 4540 4555
f 4555 4540 4558
f 4555 4558 4570
f 4570 4558 4574
f 4570 4574 4594
f 4594 4574 4597
f 4594 4597 4608
f 4608 4597 4613
f 4608 4613 4619
f 4619 4613 4623
f 4619 4623 4642
f 4642 4623 4644
f 4642 4644 4663
f 4328 4341 4329
f 4329 4341 4364
f 4329 4364 4330
f 4330 4293 4329
f 4329 4293 4268
f 4329 4268 4328
f 4166 4210 4174
f 4174 4210 4216
f 4174 4216 4176
f 4163 4140 4190
f 4245 4190 4183
f 4183 4190 4140
f 4183 4140 4124
f 4166 4163 4210
f 4210 4163 4190
f 4210 4190 4253
f 4253 4190 4245
f 4253 4245 4279
f 4182 4179 4227
f 4227 4179 4224
f 4227 4224 4267
f 4267 4224 4265
f 4267 4265 4327
f 4327 4265 4323
f 4263 4260 4289
f 4179 4177 4224
f 4224 4177 4222
f 4224 4222 4265
f 4265 4222 4263
f 4265 4263 4323
f 4323 4263 4289
f 4323 4289 4311
f 4508 4483 4482
f 4482 4483 4434
f 4482 4434 4432
f 4432 4434 4409
f 4432 4409 4408
f 4408 4409 4371
f 4408 4371 4369
f 4369 4371 4333
f 4369 4333 4332
f 4332 4367 4369
f 4369 4367 4406
f 4369 4406 4408
f 4408 4406 4431
f 4408 4431 4432
f 4432 4431 4464
f 4432 4464 4482
f 4482 4464 4484
f 4482 4484 4509
f 4509 4484 4511
f 4509 4511 4529
f 4529 4511 4531
f 4529 4531 4554
f 4255 4305 4245
f 4245 4305 4301
f 4245 4301 4279
f 4279 4301 4303
f 4255 4245 4201
f 4201 4245 4183
f 4201 4183 4151
f 4151 4183 4124
f 4151 4124 4113
f 4256 4230 4252
f 4182 4227 4189
f 4189 4227 4241
f 4189 4241 4196
f 4196 4241 4223
f 4196 4223 4200
f 4441 4486 4423
f 4423 4486 4428
f 4423 4428 4363
f 4363 4428 4372
f 4363 4372 4304
f 4304 4372 4316
f 4304 4316 4257
f 4302 4299 4342
f 4342 4299 4334
f 4342 4334 4411
f 4383 4372 4460
f 4460 4372 4428
f 4460 4428 4512
f 4512 4428 4486
f 4512 4486 4593
f 4593 4486 4550
f 4593 4550 4635
f 4635 4550 4628
f 4635 4628 4684
f 4327 4328 4267
f 4267 4328 4268
f 4267 4268 4227
f 4227 4268 4293
f 4227 4293 4241
f 4241 4293 4252
f 4241 4252 4223
f 4223 4252 4230
f 4223 4230 4200
f 4328 4384 4341
f 4341 4384 4387
f 4341 4387 4364
f 4364 4387 4411
f 4364 4411 4330
f 4330 4411 4334
f 4330 4334 4293
f 4293 4334 4299
f 4293 4299 4252
f 4252 4299 4302
f 4252 4302 4256
f 4762 4773 4764
f 4764 4773 4791
f 4764 4791 4765
f 4765 4791 4796
f 4765 4796 4766
f 4766 4796 4769
f 4766 4769 4733
f 4733 4769 4738
f 4733 4738 4697
f 4697 4738 4701
f 4697 4701 4665
f 4665 4701 4668
f 4665 4668 4630
f 4630 4668 4631
f 4630 4631 4600
f 4600 4631 4602
f 4600 4602 4562
f 4562 4602 4564
f 4562 4564 4527
f 4527 4564 4530
f 4527 4530 4508
f 4508 4530 4513
f 4508 4513 4483
f 4483 4513 4488
f 4483 4488 4437
f 4437 4488 4459
f 4437 4459 4413
f 4413 4459 4468
f 4413 4468 4441
f 4441 4468 4490
f 4441 4490 4486
f 4486 4490 4519
f 4486 4519 4550
f 4550 4519 4587
f 4550 4587 4628
f 4628 4587 4679
f 4628 4679 4684
f 4684 4679 4740
f 4684 4740 4746
f 4746 4740 4820
f 4769 4792 4756
f 4756 4792 4850
f 4756 4850 4811
f 4811 4850 4895
f 4811 4895 4872
f 4872 4895 4913
f 4872 4913 4853
f 4853 4913 4902
f 4853 4902 4830
f 4830 4902 4891
f 4830 4891 4804
f 4804 4891 4876
f 4804 4876 4780
f 4780 4876 4858
f 4780 4858 4760
f 4760 4858 4832
f 4760 4832 4739
f 4739 4832 4807
f 4739 4807 4778
f 4796 4805 4769
f 4769 4805 4836
f 4769 4836 4792
f 4792 4836 4883
f 4792 4883 4850
f 4850 4883 4916
f 4850 4916 4895
f 4895 4916 4935
f 4895 4935 4913
f 4913 4935 4937
f 4913 4937 4902
f 4902 4937 4931
f 4902 4931 4891
f 4891 4931 4927
f 4891 4927 4876
f 4876 4927 4922
f 4876 4922 4858
f 4858 4922 4910
f 4858 4910 4832
f 4832 4910 4897
f 4832 4897 4807
f 4807 4897 4885
f 4807 4885 4778
f 4778 4885 4862
f 4778 4862 4758
f 4758 4862 4838
f 4758 4838 4808
f 4808 4838 4903
f 4808 4903 4888
f 4888 4903 4936
f 4888 4936 4929
f 4177 4176 4222
f 4222 4176 4216
f 4222 4216 4263
f 4263 4216 4210
f 4263 4210 4260
f 4260 4210 4253
f 4260 4253 4289
f 4289 4253 4279
f 4289 4279 4311
f 4311 4279 4303
f 4311 4303 4331
f 4331 4303 4301
f 4331 4301 4366
f 4366 4301 4385
f 4366 4385 4403
f 4403 4385 4430
f 4257 4256 4304
f 4304 4256 4302
f 4304 4302 4363
f 4363 4302 4342
f 4363 4342 4423
f 4423 4342 4411
f 4423 4411 4441
f 4441 4411 4387
f 4441 4387 4413
f 4413 4387 4384
f 4413 4384 4382
f 4382 4384 4328
f 4382 4328 4381
f 4381 4328 4327
f 4381 4327 4380
f 4380 4327 4323
f 4380 4323 4333
f 4333 4323 4311
f 4333 4311 4332
f 4332 4311 4331
f 4332 4331 4367
f 4367 4331 4366
f 4367 4366 4406
f 4406 4366 4403
f 4406 4403 4431
f 4431 4403 4430
f 4431 4430 4464
f 4464 4430 4465
f 4464 4465 4484
f 4484 4465 4485
f 4484 4485 4511
f 4511 4485 4514
f 4511 4514 4531
f 4531 4514 4536
f 4531 4536 4554
f 4554 4536 4555
f 4554 4555 4567
f 4567 4555 4570
f 4567 4570 4590
f 4590 4570 4594
f 4590 4594 4606
f 4606 4594 4608
f 4606 4608 4617
f 4617 4608 4619
f 4617 4619 4636
f 4636 4619 4642
f 4636 4642 4657
f 4657 4642 4663
f 4657 4663 4680
f 4978 4989 4976
f 4976 4989 4988
f 4976 4988 4973
f 4973 4988 4987
f 4973 4987 4970
f 4970 4987 4986
f 4970 4986 4967
f 4967 4986 4985
f 4967 4985 4963
f 4963 4985 4984
f 4963 4984 4958
f 4958 4984 4982
f 4958 4982 4954
f 4954 4982 4980
f 4954 4980 4948
f 4948 4980 4975
f 4948 4975 4940
f 4940 4975 4972
f 4940 4972 4936
f 4972 4965 4936
f 4936 4965 4959
f 4936 4959 4929
f 4929 4959 4951
f 4929 4951 4920
f 4920 4951 4942
f 4920 4942 4882
f 4882 4942 4934
f 4882 4934 4820
f 4820 4934 4908
f 4820 4908 4746
f 4746 4908 4855
f 4746 4855 4688
f 4688 4855 4696
f 4688 4696 4633
f 4633 4696 4532
f 4532 4696 4495
f 4532 4495 4469
f 4469 4495 4383
f 4383 4495 4386
f 4383 4386 4316
f 4197 4200 4229
f 4229 4200 4230
f 4229 4230 4258
f 4258 4230 4257
f 4258 4257 4294
f 4294 4257 4316
f 4294 4316 4326
f 4326 4316 4386
f 3927 3914 3928
f 3928 3914 3930
f 3914 3922 3912
f 3912 3922 3920
f 3912 3920 3911
f 3927 3924 3914
f 3914 3924 3923
f 3914 3923 3922
f 3911 3920 3910
f 3910 3920 3919
f 3910 3919 3909
f 3902 3917 3903
f 3903 3917 3918
f 3903 3918 3906
f 3902 3905 3917
f 3917 3905 3907
f 3917 3907 3919
f 3919 3907 3908
f 3919 3908 3909
f 3991 3990 3984
f 3984 3990 3989
f 3984 3986 3985
f 3989 3988 3984
f 3984 3988 3987
f 3984 3987 3986
f 3985 3983 3984
f 3984 3983 3981
f 3984 3981 3980
f 3918 3921 3906
f 3906 3921 3934
f 3906 3934 3978
f 3978 3934 3984
f 3978 3984 3979
f 3979 3984 3980
f 3976 3977 3966
f 3970 3972 3966
f 3966 3972 3973
f 4003 4004 3997
f 3966 3965 3970
f 3970 3965 3964
f 3970 3964 3969
f 3969 3964 3963
f 3969 3963 3962
f 3973 3974 3966
f 3966 3974 3975
f 3966 3975 3976
f 3967 3946 3968
f 3968 3946 3948
f 3968 3948 3971
f 3971 3948 3955
f 3971 3955 3982
f 3982 3955 3992
f 3982 3992 3997
f 3962 3961 3969
f 3969 3961 3960
f 3969 3960 3967
f 3967 3960 3950
f 3967 3950 3946
f 3992 3993 3997
f 3997 3993 3994
f 3997 3994 3995
f 3997 3999 4000
f 3995 3996 3997
f 3997 3996 3998
f 3997 3998 3999
f 4000 4001 3997
f 3997 4001 4002
f 3997 4002 4003
f 3930 3914 3977
f 3977 3914 3966
f 3990 3991 4003
f 4003 3991 4004
f 3990 4003 4002
f 3990 4002 3989
f 3989 4002 4001
f 3989 4001 3988
f 3988 4001 4000
f 3988 4000 3987
f 3987 4000 3999
f 3987 3999 3986
f 3986 3999 3998
f 3986 3998 3985
f 3985 3998 3996
f 3985 3996 3983
f 3983 3996 3995
f 3983 3995 3981
f 3981 3995 3994
f 3981 3994 3980
f 3980 3994 3993
f 3980 3993 3979
f 3979 3993 3992
f 3979 3992 3978
f 3906 3978 3955
f 3955 3978 3992
f 3906 3955 3948
f 3906 3948 3903
f 3903 3948 3946
f 3903 3946 3902
f 3902 3946 3950
f 3902 3950 3905
f 3905 3950 3960
f 3905 3960 3907
f 3907 3960 3961
f 3907 3961 3908
f 3908 3961 3962
f 3908 3962 3909
f 3909 3962 3963
f 3909 3963 3910
f 3910 3963 3964
f 3910 3964 3911
f 3911 3964 3965
f 3911 3965 3912
f 3912 3965 3966
f 3912 3966 3914
f 4033 3933 3926
f 4033 3926 4030
f 4030 3926 3901
f 4030 3901 4028
f 4028 3901 3814
f 4028 3814 4026
f 4026 3814 3780
f 4026 3780 4025
f 4025 3780 3760
f 4025 3760 4023
f 4023 3760 3749
f 4023 3749 4021
f 4021 3749 3739
f 4021 3739 4019
f 4019 3739 3735
f 4019 3735 4017
f 4017 3735 3732
f 4017 3732 4015
f 4015 3732 3729
f 4015 3729 4013
f 4013 3729 3727
f 4013 3727 4011
f 4011 3727 3725
f 4011 3725 4009
f 4009 3725 3723
f 4009 3723 4007
f 4007 3723 3721
f 4007 3721 4005
f 4005 3721 3722
f 4005 3722 4006
f 4006 3722 3724
f 4006 3724 4008
f 4008 3724 3726
f 4008 3726 4010
f 4010 3726 3728
f 4010 3728 4012
f 4012 3728 3730
f 4012 3730 4014
f 4014 3730 3733
f 4014 3733 4016
f 4016 3733 3737
f 4016 3737 4018
f 4018 3737 3745
f 4018 3745 4020
f 4020 3745 3754
f 4020 3754 4022
f 4022 3754 3776
f 4022 3776 4024
f 4024 3776 3816
f 4024 3816 4027
f 4027 3816 3915
f 4027 3915 4029
f 4029 3915 3931
f 4029 3931 4031
f 4031 3931 3932
f 4031 3932 4032
f 4031 4032 4033
f 4022 4024 4023
f 4031 4033 4029
f 4033 4030 4029
f 4029 4030 4028
f 4029 4028 4027
f 4027 4028 4026
f 4027 4026 4024
f 4024 4026 4025
f 4024 4025 4023
f 4005 4023 4021
f 4005 4006 4023
f 4023 4006 4008
f 4023 4008 4010
f 4021 4019 4005
f 4005 4019 4017
f 4005 4017 4015
f 4010 4012 4023
f 4023 4012 4014
f 4023 4014 4016
f 4016 4018 4023
f 4023 4018 4020
f 4023 4020 4022
f 4015 4013 4005
f 4005 4013 4011
f 4005 4011 4007
f 4007 4011 4009
f 4032 3932 4033
f 4033 3932 3933
f 1875 1841 1805
f 1769 1725 1706
f 1615 1583 1572
f 1542 1508 1501
f 1474 1417 1427
f 1284 1253 1280
f 1241 1219 1248
f 1176 1171 1190
f 1159 1146 1175
f 1129 1126 1153
f 1122 1119 1148
f 1117 1114 1143
f 1118 1121 1149
f 1130 1138 1166
f 1160 1169 1198
f 1514 1454 1458
f 1740 1776 1762
f 1762 1776 1812
f 1762 1812 1786
f 1786 1812 1837
f 1786 1837 1815
f 1815 1837 1853
f 1815 1853 1844
f 1844 1853 1895
f 1844 1895 1888
f 1721 1742 1740
f 1740 1742 1755
f 1740 1755 1776
f 1689 1712 1721
f 1721 1712 1733
f 1721 1733 1742
f 1618 1671 1652
f 1652 1671 1677
f 1652 1677 1689
f 1689 1677 1703
f 1689 1703 1712
f 1514 1567 1563
f 1563 1567 1569
f 1563 1569 1618
f 1618 1569 1629
f 1618 1629 1671
f 1458 1454 1415
f 1415 1454 1406
f 1415 1406 1412
f 1412 1406 1379
f 1379 1406 1365
f 1379 1365 1369
f 1369 1365 1346
f 1346 1365 1333
f 1346 1333 1341
f 1341 1333 1309
f 1341 1309 1316
f 1316 1309 1282
f 1316 1282 1294
f 1294 1282 1283
f 1283 1282 1263
f 1283 1263 1273
f 1273 1263 1249
f 1273 1249 1257
f 1257 1249 1243
f 1243 1249 1216
f 1243 1216 1233
f 1233 1216 1198
f 1233 1198 1197
f 1197 1198 1169
f 1197 1169 1184
f 1152 1160 1177
f 1177 1160 1198
f 1177 1198 1200
f 1200 1198 1216
f 1200 1216 1224
f 1224 1216 1249
f 1224 1249 1247
f 1247 1249 1263
f 1247 1263 1267
f 1267 1263 1282
f 1267 1282 1287
f 1287 1282 1309
f 1287 1309 1321
f 1321 1309 1333
f 1321 1333 1355
f 1355 1333 1365
f 1355 1365 1397
f 1397 1365 1406
f 1397 1406 1450
f 1450 1406 1454
f 1450 1454 1514
f 1138 1152 1166
f 1166 1152 1177
f 1166 1177 1181
f 1181 1177 1200
f 1181 1200 1211
f 1211 1200 1224
f 1211 1224 1227
f 1227 1224 1247
f 1227 1247 1252
f 1252 1247 1267
f 1252 1267 1277
f 1277 1267 1287
f 1277 1287 1311
f 1311 1287 1321
f 1311 1321 1344
f 1344 1321 1355
f 1344 1355 1388
f 1388 1355 1397
f 1388 1397 1445
f 1445 1397 1450
f 1445 1450 1514
f 1124 1130 1156
f 1156 1130 1166
f 1156 1166 1174
f 1174 1166 1181
f 1174 1181 1203
f 1203 1181 1211
f 1203 1211 1217
f 1217 1211 1227
f 1217 1227 1246
f 1246 1227 1252
f 1246 1252 1270
f 1270 1252 1277
f 1270 1277 1299
f 1299 1277 1311
f 1299 1311 1337
f 1337 1311 1344
f 1337 1344 1383
f 1383 1344 1388
f 1383 1388 1441
f 1441 1388 1445
f 1441 1445 1514
f 1121 1124 1149
f 1149 1124 1156
f 1149 1156 1170
f 1170 1156 1174
f 1170 1174 1194
f 1194 1174 1203
f 1194 1203 1212
f 1212 1203 1217
f 1212 1217 1234
f 1234 1217 1246
f 1234 1246 1261
f 1261 1246 1270
f 1261 1270 1293
f 1293 1270 1299
f 1293 1299 1331
f 1331 1299 1337
f 1331 1337 1378
f 1378 1337 1383
f 1378 1383 1437
f 1437 1383 1441
f 1437 1441 1514
f 1116 1118 1144
f 1144 1118 1149
f 1144 1149 1165
f 1165 1149 1170
f 1165 1170 1188
f 1188 1170 1194
f 1188 1194 1208
f 1208 1194 1212
f 1208 1212 1231
f 1231 1212 1234
f 1231 1234 1256
f 1256 1234 1261
f 1256 1261 1290
f 1290 1261 1293
f 1290 1293 1328
f 1328 1293 1331
f 1328 1331 1375
f 1375 1331 1378
f 1375 1378 1434
f 1434 1378 1437
f 1434 1437 1514
f 1114 1116 1143
f 1143 1116 1144
f 1143 1144 1164
f 1164 1144 1165
f 1164 1165 1187
f 1187 1165 1188
f 1187 1188 1207
f 1207 1188 1208
f 1207 1208 1229
f 1229 1208 1231
f 1229 1231 1255
f 1255 1231 1256
f 1255 1256 1288
f 1288 1256 1290
f 1288 1290 1326
f 1326 1290 1328
f 1326 1328 1373
f 1373 1328 1375
f 1373 1375 1433
f 1433 1375 1434
f 1433 1434 1514
f 1119 1117 1148
f 1148 1117 1143
f 1148 1143 1168
f 1168 1143 1164
f 1168 1164 1191
f 1191 1164 1187
f 1191 1187 1210
f 1210 1187 1207
f 1210 1207 1232
f 1232 1207 1229
f 1232 1229 1258
f 1258 1229 1255
f 1258 1255 1292
f 1292 1255 1288
f 1292 1288 1330
f 1330 1288 1326
f 1330 1326 1376
f 1376 1326 1373
f 1376 1373 1436
f 1436 1373 1433
f 1436 1433 1514
f 1126 1122 1153
f 1153 1122 1148
f 1153 1148 1172
f 1172 1148 1168
f 1172 1168 1201
f 1201 1168 1191
f 1201 1191 1215
f 1215 1191 1210
f 1215 1210 1240
f 1240 1210 1232
f 1240 1232 1269
f 1269 1232 1258
f 1269 1258 1297
f 1297 1258 1292
f 1297 1292 1335
f 1335 1292 1330
f 1335 1330 1381
f 1381 1330 1376
f 1381 1376 1440
f 1440 1376 1436
f 1440 1436 1514
f 1135 1129 1163
f 1163 1129 1153
f 1163 1153 1178
f 1178 1153 1172
f 1178 1172 1209
f 1209 1172 1201
f 1209 1201 1225
f 1225 1201 1215
f 1225 1215 1250
f 1250 1215 1240
f 1250 1240 1274
f 1274 1240 1269
f 1274 1269 1308
f 1308 1269 1297
f 1308 1297 1340
f 1340 1297 1335
f 1340 1335 1387
f 1387 1335 1381
f 1387 1381 1442
f 1442 1381 1440
f 1442 1440 1514
f 1146 1135 1175
f 1175 1135 1163
f 1175 1163 1195
f 1195 1163 1178
f 1195 1178 1222
f 1222 1178 1209
f 1222 1209 1244
f 1244 1209 1225
f 1244 1225 1260
f 1260 1225 1250
f 1260 1250 1285
f 1285 1250 1274
f 1285 1274 1317
f 1317 1274 1308
f 1317 1308 1352
f 1352 1308 1340
f 1352 1340 1396
f 1396 1340 1387
f 1396 1387 1448
f 1448 1387 1442
f 1448 1442 1514
f 1171 1159 1190
f 1190 1159 1175
f 1190 1175 1213
f 1213 1175 1195
f 1213 1195 1242
f 1242 1195 1222
f 1242 1222 1254
f 1254 1222 1244
f 1254 1244 1278
f 1278 1244 1260
f 1278 1260 1302
f 1302 1260 1285
f 1302 1285 1327
f 1327 1285 1317
f 1327 1317 1359
f 1359 1317 1352
f 1359 1352 1403
f 1403 1352 1396
f 1403 1396 1453
f 1453 1396 1448
f 1453 1448 1514
f 1196 1176 1214
f 1214 1176 1190
f 1214 1190 1236
f 1236 1190 1213
f 1236 1213 1262
f 1262 1213 1242
f 1262 1242 1279
f 1279 1242 1254
f 1279 1254 1296
f 1296 1254 1278
f 1296 1278 1322
f 1322 1278 1302
f 1322 1302 1345
f 1345 1302 1327
f 1345 1327 1372
f 1372 1327 1359
f 1372 1359 1413
f 1413 1359 1403
f 1413 1403 1463
f 1463 1403 1453
f 1463 1453 1514
f 1219 1196 1248
f 1248 1196 1214
f 1248 1214 1265
f 1265 1214 1236
f 1265 1236 1286
f 1286 1236 1262
f 1286 1262 1303
f 1303 1262 1279
f 1303 1279 1323
f 1323 1279 1296
f 1323 1296 1339
f 1339 1296 1322
f 1339 1322 1362
f 1362 1322 1345
f 1362 1345 1391
f 1391 1345 1372
f 1391 1372 1421
f 1421 1372 1413
f 1421 1413 1469
f 1469 1413 1463
f 1469 1463 1514
f 1253 1241 1280
f 1280 1241 1248
f 1280 1248 1295
f 1295 1248 1265
f 1295 1265 1320
f 1320 1265 1286
f 1320 1286 1332
f 1332 1286 1303
f 1332 1303 1347
f 1347 1303 1323
f 1347 1323 1364
f 1364 1323 1339
f 1364 1339 1385
f 1385 1339 1362
f 1385 1362 1408
f 1408 1362 1391
f 1408 1391 1438
f 1438 1391 1421
f 1438 1421 1479
f 1479 1421 1469
f 1479 1469 1514
f 1300 1284 1325
f 1325 1284 1280
f 1325 1280 1336
f 1336 1280 1295
f 1336 1295 1356
f 1356 1295 1320
f 1356 1320 1366
f 1366 1320 1332
f 1366 1332 1377
f 1377 1332 1347
f 1377 1347 1394
f 1394 1347 1364
f 1394 1364 1409
f 1409 1364 1385
f 1409 1385 1426
f 1426 1385 1408
f 1426 1408 1457
f 1457 1408 1438
f 1457 1438 1487
f 1487 1438 1479
f 1487 1479 1514
f 1368 1300 1367
f 1367 1300 1325
f 1367 1325 1382
f 1382 1325 1336
f 1382 1336 1398
f 1398 1336 1356
f 1398 1356 1405
f 1405 1356 1366
f 1405 1366 1414
f 1414 1366 1377
f 1414 1377 1423
f 1423 1377 1394
f 1423 1394 1439
f 1439 1394 1409
f 1439 1409 1455
f 1455 1409 1426
f 1455 1426 1478
f 1478 1426 1457
f 1478 1457 1492
f 1492 1457 1487
f 1492 1487 1514
f 1417 1368 1427
f 1427 1368 1367
f 1427 1367 1435
f 1435 1367 1382
f 1435 1382 1446
f 1446 1382 1398
f 1446 1398 1451
f 1451 1398 1405
f 1451 1405 1460
f 1460 1405 1414
f 1460 1414 1467
f 1467 1414 1423
f 1467 1423 1476
f 1476 1423 1439
f 1476 1439 1484
f 1484 1439 1455
f 1484 1455 1491
f 1491 1455 1478
f 1491 1478 1502
f 1502 1478 1492
f 1502 1492 1514
f 1508 1474 1501
f 1501 1474 1427
f 1501 1427 1499
f 1499 1427 1435
f 1499 1435 1500
f 1500 1435 1446
f 1500 1446 1503
f 1503 1446 1451
f 1503 1451 1504
f 1504 1451 1460
f 1504 1460 1505
f 1505 1460 1467
f 1505 1467 1507
f 1507 1467 1476
f 1507 1476 1510
f 1510 1476 1484
f 1510 1484 1512
f 1512 1484 1491
f 1512 1491 1513
f 1513 1491 1502
f 1513 1502 1514
f 1583 1542 1572
f 1572 1542 1501
f 1572 1501 1564
f 1564 1501 1499
f 1564 1499 1558
f 1558 1499 1500
f 1558 1500 1553
f 1553 1500 1503
f 1553 1503 1549
f 1549 1503 1504
f 1549 1504 1541
f 1541 1504 1505
f 1541 1505 1537
f 1537 1505 1507
f 1537 1507 1531
f 1531 1507 1510
f 1531 1510 1526
f 1526 1510 1512
f 1526 1512 1518
f 1518 1512 1513
f 1518 1513 1514
f 1647 1691 1675
f 1675 1615 1647
f 1647 1615 1572
f 1647 1572 1633
f 1633 1572 1564
f 1633 1564 1620
f 1620 1564 1558
f 1620 1558 1608
f 1608 1558 1553
f 1608 1553 1599
f 1599 1553 1549
f 1599 1549 1584
f 1584 1549 1541
f 1584 1541 1570
f 1570 1541 1537
f 1570 1537 1559
f 1559 1537 1531
f 1559 1531 1545
f 1545 1531 1526
f 1545 1526 1529
f 1529 1526 1518
f 1529 1518 1514
f 1725 1691 1706
f 1706 1691 1647
f 1706 1647 1690
f 1690 1647 1633
f 1690 1633 1673
f 1673 1633 1620
f 1673 1620 1653
f 1653 1620 1608
f 1653 1608 1640
f 1640 1608 1599
f 1640 1599 1628
f 1628 1599 1584
f 1628 1584 1611
f 1611 1584 1570
f 1611 1570 1588
f 1588 1570 1559
f 1588 1559 1562
f 1562 1559 1545
f 1562 1545 1539
f 1539 1545 1529
f 1539 1529 1514
f 1813 1769 1754
f 1754 1769 1706
f 1754 1706 1738
f 1738 1706 1690
f 1738 1690 1713
f 1713 1690 1673
f 1713 1673 1699
f 1699 1673 1653
f 1699 1653 1684
f 1684 1653 1640
f 1684 1640 1660
f 1660 1640 1628
f 1660 1628 1638
f 1638 1628 1611
f 1638 1611 1616
f 1616 1611 1588
f 1616 1588 1580
f 1580 1588 1562
f 1580 1562 1548
f 1548 1562 1539
f 1548 1539 1514
f 1841 1813 1805
f 1805 1813 1754
f 1805 1754 1779
f 1779 1754 1738
f 1779 1738 1746
f 1746 1738 1713
f 1746 1713 1732
f 1732 1713 1699
f 1732 1699 1714
f 1714 1699 1684
f 1714 1684 1693
f 1693 1684 1660
f 1693 1660 1670
f 1670 1660 1638
f 1670 1638 1636
f 1636 1638 1616
f 1636 1616 1600
f 1600 1616 1580
f 1600 1580 1556
f 1556 1580 1548
f 1556 1548 1514
f 1888 1875 1844
f 1844 1875 1805
f 1844 1805 1815
f 1815 1805 1779
f 1815 1779 1786
f 1786 1779 1746
f 1786 1746 1762
f 1762 1746 1732
f 1762 1732 1740
f 1740 1732 1714
f 1740 1714 1721
f 1721 1714 1693
f 1721 1693 1689
f 1689 1693 1670
f 1689 1670 1652
f 1652 1670 1636
f 1652 1636 1618
f 1618 1636 1600
f 1618 1600 1563
f 1563 1600 1556
f 1563 1556 1514
f 3522 3543 3521
f 3092 3089 3030
f 3521 3543 3537
f 3645 3550 3608
f 3608 3550 3537
f 3608 3537 3595
f 3595 3537 3543
f 3522 3521 3506
f 3506 3521 3419
f 3506 3419 3451
f 3144 3161 3135
f 3030 3089 3044
f 3044 3089 3091
f 3044 3091 3046
f 3046 3091 3100
f 3046 3100 3099
f 3099 3100 3129
f 3099 3129 3183
f 3179 3160 3161
f 3161 3160 3149
f 3161 3149 3135
f 3032 3103 3102
f 3092 3030 3096
f 3096 3030 3023
f 3096 3023 3098
f 3098 3023 3024
f 3098 3024 3102
f 3102 3024 3027
f 3102 3027 3032
f 3451 3419 3280
f 3280 3419 3257
f 3280 3257 3179
f 3179 3257 3196
f 3179 3196 3160
f 3110 3081 3113
f 3113 3081 3088
f 3113 3088 3115
f 3115 3088 3108
f 3115 3108 3119
f 3119 3108 3128
f 3119 3128 3127
f 3127 3128 3144
f 3127 3144 3131
f 3131 3144 3135
f 3051 3058 3107
f 3107 3058 3061
f 3107 3061 3110
f 3110 3061 3069
f 3110 3069 3081
f 3032 3035 3103
f 3103 3035 3040
f 3103 3040 3105
f 3105 3040 3045
f 3105 3045 3107
f 3107 3045 3048
f 3107 3048 3051
f 3129 3201 3183
f 3183 3201 3438
f 3183 3438 3491
f 3491 3438 3529
f 3491 3529 3550
f 3550 3529 3533
f 3550 3533 3537
f 3645 3647 3550
f 3550 3647 3649
f 3550 3649 3564
f 3564 3649 3650
f 3564 3650 3648
f 3648 3646 3564
f 3564 3646 3644
f 3564 3644 3639
f 3617 3606 3564
f 3564 3606 3599
f 3564 3599 3591
f 3591 3581 3564
f 3564 3581 3576
f 3564 3576 3569
f 3639 3634 3564
f 3564 3634 3622
f 3564 3622 3617
f 1536 1538 1550
f 1550 1538 1551
f 1550 1551 1561
f 1601 1589 1551
f 1551 1589 1576
f 1551 1576 1561
f 1390 1314 1348
f 1390 1348 1443
f 1674 1654 1551
f 1551 1654 1642
f 1642 1627 1551
f 1551 1627 1617
f 1551 1617 1601
f 1314 1271 1348
f 1348 1271 1101
f 1348 1101 1087
f 1087 1101 1042
f 1087 1042 1049
f 1049 1042 1035
f 1049 1035 1041
f 1041 1035 1032
f 1041 1032 1040
f 1040 1032 1033
f 1040 1033 1043
f 1043 1033 1034
f 1043 1034 1048
f 1048 1034 1036
f 1048 1036 1050
f 1050 1036 1037
f 1050 1037 1053
f 1053 1037 1038
f 1053 1038 1056
f 1056 1038 1039
f 1056 1039 1060
f 1060 1039 1046
f 1060 1046 1065
f 1065 1046 1054
f 1065 1054 1071
f 1071 1054 1063
f 1071 1063 1077
f 1077 1063 1073
f 1077 1073 1080
f 1080 1073 1082
f 1080 1082 1091
f 1091 1082 1093
f 1091 1093 1100
f 1100 1093 1103
f 1100 1103 1107
f 1107 1103 1111
f 1107 1111 1112
f 1112 1111 1127
f 1112 1127 1132
f 1132 1127 1155
f 1132 1155 1158
f 1158 1155 1180
f 1158 1180 1202
f 1202 1180 1235
f 1202 1235 1268
f 1268 1235 1324
f 1268 1324 1360
f 1360 1324 1420
f 1360 1420 1452
f 1452 1420 1544
f 1452 1544 1534
f 1534 1544 1649
f 1534 1649 1551
f 1551 1649 1682
f 1551 1682 1674
f 1536 1520 1538
f 1538 1520 1506
f 1538 1506 1348
f 1348 1506 1482
f 1348 1482 1443
f 1464 1497 1902
f 2639 2650 2755
f 2990 2986 2883
f 2808 2810 2876
f 2940 2974 2978
f 3356 3357 3308
f 3199 3174 3169
f 3138 3068 3067
f 3067 3068 3004
f 3169 3174 3136
f 3299 3326 3331
f 3346 3384 3396
f 2595 2783 2848
f 2848 2783 2775
f 3231 3239 3146
f 2952 2936 2764
f 2816 2912 2910
f 2910 2912 2947
f 2950 2948 2862
f 2229 2182 2203
f 2310 2283 2217
f 1353 1389 1835
f 1672 1750 2013
f 1998 2013 2189
f 1975 1960 2131
f 3624 3655 3653
f 3536 3526 3527
f 3527 3526 3520
f 2118 2119 2148
f 2146 2151 2182
f 2188 2246 2234
f 2213 2194 2154
f 2250 2240 2238
f 2238 2240 2200
f 2238 2200 2232
f 2228 2237 2248
f 2248 2237 2239
f 2239 2255 2248
f 2248 2255 2273
f 2248 2273 2298
f 2298 2273 2271
f 2271 2273 2242
f 2271 2242 2269
f 2269 2242 2244
f 2244 2242 2213
f 2244 2213 2240
f 2240 2213 2154
f 2240 2154 2200
f 2303 2309 2329
f 2329 2309 2312
f 2329 2312 2316
f 2046 2031 2030
f 2030 2031 2024
f 2103 2139 2088
f 2088 2139 2097
f 2088 2097 2080
f 2080 2097 2071
f 2080 2071 2074
f 2074 2071 2069
f 2074 2069 2066
f 2066 2069 2053
f 2066 2053 2046
f 2046 2053 2048
f 2046 2048 2031
f 2103 2115 2139
f 2139 2115 2133
f 2139 2133 2167
f 2167 2133 2154
f 2167 2154 2175
f 2175 2154 2194
f 2384 2219 2248
f 2248 2219 2221
f 2248 2221 2228
f 2274 2195 2281
f 2281 2195 2199
f 2281 2199 2287
f 2287 2199 2205
f 2287 2205 2319
f 2190 2195 2260
f 2260 2195 2274
f 2260 2274 2320
f 2174 2177 2234
f 2234 2177 2181
f 2234 2181 2188
f 2203 2171 2214
f 2214 2171 2174
f 2214 2174 2223
f 2223 2174 2234
f 2182 2151 2203
f 2203 2151 2153
f 2203 2153 2155
f 2155 2164 2203
f 2203 2164 2166
f 2203 2166 2171
f 2123 2125 2182
f 2125 2128 2182
f 2182 2128 2129
f 2182 2129 2134
f 2134 2136 2182
f 2182 2136 2137
f 2182 2137 2140
f 2140 2142 2182
f 2182 2142 2143
f 2182 2143 2146
f 2114 2076 2083
f 2083 2089 2114
f 2114 2089 2091
f 2114 2091 2095
f 2095 2096 2114
f 2114 2096 2100
f 2114 2100 2101
f 2101 2102 2114
f 2114 2102 2104
f 2114 2104 2105
f 2105 2108 2114
f 2114 2108 2111
f 2114 2111 2112
f 2118 2148 2112
f 2029 2085 1950
f 2029 2055 2085
f 2085 2055 2060
f 2085 2060 2072
f 1774 1788 1603
f 1603 1788 1797
f 1603 1797 1810
f 1810 1851 1603
f 1603 1851 1890
f 1603 1890 1950
f 1950 1890 1970
f 1950 1970 2029
f 1758 1836 1829
f 1829 1817 1758
f 1758 1817 1808
f 1758 1808 1795
f 1795 1789 1758
f 1758 1789 1785
f 1758 1785 1603
f 1603 1785 1775
f 1603 1775 1774
f 3042 3037 3019
f 3019 3037 3036
f 3036 3033 3019
f 3019 3033 3029
f 3019 3029 3025
f 3053 3047 3052
f 3060 3059 3052
f 3052 3059 3056
f 3052 3056 3053
f 3074 3066 3052
f 3052 3066 3062
f 3052 3062 3060
f 3014 3094 3052
f 3052 3094 3082
f 3052 3082 3074
f 3055 3133 3039
f 3039 3133 3116
f 3166 3185 3225
f 3225 3185 3262
f 3225 3262 3261
f 3261 3262 3288
f 3349 3477 3338
f 3338 3477 3434
f 3338 3434 3424
f 3514 3498 3584
f 3584 3498 3477
f 3477 3498 3439
f 3477 3439 3434
f 3434 3439 3427
f 3434 3427 3424
f 3629 3626 3670
f 3629 3670 3632
f 3626 3623 3670
f 3670 3623 3603
f 3670 3603 3539
f 3655 3624 3657
f 3657 3624 3627
f 3657 3627 3660
f 3660 3627 3630
f 3660 3630 3670
f 3670 3630 3631
f 3670 3631 3632
f 3619 3620 3653
f 3653 3620 3621
f 3653 3621 3624
f 3643 3614 3653
f 3653 3614 3618
f 3653 3618 3619
f 3628 3602 3637
f 3637 3602 3605
f 3637 3605 3641
f 3641 3605 3609
f 3641 3609 3643
f 3643 3609 3612
f 3643 3612 3614
f 3592 3593 3615
f 3615 3593 3596
f 3615 3596 3628
f 3628 3596 3600
f 3628 3600 3602
f 3604 3577 3578
f 3578 3580 3604
f 3604 3580 3582
f 3604 3582 3613
f 3613 3582 3588
f 3613 3588 3615
f 3615 3588 3590
f 3615 3590 3592
f 3563 3567 3594
f 3594 3567 3568
f 3594 3568 3573
f 3577 3604 3573
f 3573 3604 3601
f 3573 3601 3594
f 3586 3551 3553
f 3553 3557 3586
f 3586 3557 3560
f 3586 3560 3562
f 3563 3594 3562
f 3562 3594 3589
f 3562 3589 3586
f 3551 3586 3545
f 3545 3586 3579
f 3545 3579 3542
f 3542 3579 3525
f 3525 3579 3575
f 3525 3575 3515
f 3515 3575 3570
f 3515 3570 3505
f 3505 3570 3566
f 3505 3566 3487
f 3566 3565 3487
f 3487 3565 3559
f 3487 3559 3444
f 3444 3559 3556
f 3444 3556 3443
f 3547 3530 3303
f 3090 3159 3065
f 3065 3159 3170
f 3065 3170 3303
f 3303 3170 3282
f 3303 3282 3547
f 3547 3282 3443
f 3547 3443 3552
f 3552 3443 3556
f 2814 2850 2938
f 3028 3043 2938
f 2956 3008 3013
f 2961 3012 2958
f 2958 3012 3010
f 2958 3010 3007
f 3016 3015 2965
f 1850 2027 1496
f 1315 1777 1342
f 1342 1777 1850
f 1342 1850 1392
f 1392 1850 1496
f 1494 1960 1554
f 1554 1960 1975
f 1554 1975 1631
f 1940 1947 1456
f 1315 1259 1777
f 1777 1259 1631
f 1777 1631 1987
f 1987 1631 1975
f 1987 1975 2141
f 2141 1975 2131
f 2141 2131 2294
f 1259 1221 1631
f 1631 1221 1205
f 1631 1205 1554
f 1554 1205 1185
f 1554 1185 1494
f 1494 1185 1167
f 1494 1167 1150
f 2124 1947 2121
f 2121 1947 1940
f 2121 1940 2126
f 1134 1140 1462
f 1462 1140 1141
f 1141 1142 1462
f 1462 1142 1511
f 1462 1511 1969
f 1969 1511 1983
f 1969 1983 2156
f 2156 1983 2173
f 2156 2173 2341
f 2013 1998 1672
f 1672 1998 1578
f 1672 1578 1204
f 2391 2189 2202
f 2202 2189 2013
f 2202 2013 2032
f 2032 2013 1750
f 2032 1750 1835
f 1835 1750 1298
f 1835 1298 1353
f 1204 1218 1672
f 1672 1218 1239
f 1672 1239 1750
f 1750 1239 1272
f 1750 1272 1298
f 1162 1179 1578
f 1578 1179 1189
f 1578 1189 1204
f 2599 2498 2503
f 2503 2498 2444
f 2503 2444 2452
f 2452 2444 2356
f 2452 2356 2378
f 2400 2405 2463
f 2623 2539 2550
f 2550 2539 2470
f 2550 2470 2569
f 2440 2310 2331
f 2331 2310 2231
f 2331 2231 2251
f 2251 2231 2085
f 2251 2085 2114
f 2114 2085 2072
f 2114 2072 2076
f 2246 2302 2234
f 2234 2302 2284
f 2234 2284 2223
f 2223 2284 2278
f 2223 2278 2214
f 2214 2278 2268
f 2214 2268 2203
f 2203 2268 2254
f 2203 2254 2229
f 2119 2123 2148
f 2148 2123 2182
f 2148 2182 2211
f 2211 2182 2229
f 2211 2229 2275
f 2275 2229 2289
f 2275 2289 2363
f 2363 2289 2403
f 2363 2403 2455
f 2455 2403 2471
f 2455 2471 2567
f 2470 2477 2569
f 2569 2477 2485
f 2569 2485 2583
f 2583 2485 2496
f 2583 2496 2591
f 2591 2496 2604
f 2853 2803 2646
f 2646 2803 2626
f 2646 2626 2479
f 2523 2459 2464
f 2464 2459 2377
f 2377 2406 2464
f 2464 2406 2479
f 2464 2479 2523
f 2523 2479 2626
f 2310 2217 2231
f 2231 2217 2054
f 2231 2054 2085
f 2085 2054 1902
f 2085 1902 1950
f 1950 1902 1497
f 1950 1497 1603
f 2596 2384 2497
f 2497 2384 2248
f 2497 2248 2329
f 2329 2248 2298
f 2329 2298 2303
f 2862 2956 2950
f 2950 2956 3013
f 2950 3013 2948
f 2948 3013 3017
f 2948 3017 3028
f 2985 3002 2976
f 2976 3002 2969
f 2976 2969 2926
f 2985 2929 2933
f 2985 2976 2929
f 2929 2976 2926
f 2929 2926 2885
f 2283 2310 2426
f 2426 2310 2440
f 2426 2440 2509
f 2509 2440 2532
f 2509 2532 2628
f 2628 2532 2640
f 2628 2640 2735
f 2735 2727 2628
f 2628 2727 2620
f 2628 2620 2509
f 2509 2620 2495
f 2509 2495 2426
f 2426 2495 2407
f 2426 2407 2283
f 2874 2763 2672
f 2672 2763 2666
f 2672 2666 2593
f 3015 3012 2965
f 2965 3012 2961
f 2965 2961 2913
f 2913 2961 2958
f 2913 2958 2874
f 2874 2958 2865
f 2874 2865 2763
f 3007 3008 2958
f 2958 3008 2956
f 2958 2956 2865
f 2865 2956 2862
f 2865 2862 2763
f 2763 2862 2752
f 2763 2752 2666
f 2676 2777 2774
f 2774 2777 2882
f 2774 2882 2877
f 2877 2882 2916
f 2693 2790 2786
f 2786 2790 2895
f 2786 2895 2892
f 2892 2895 2933
f 2933 2929 2892
f 2892 2929 2885
f 2892 2885 2786
f 2786 2885 2779
f 2786 2779 2693
f 2752 2659 2666
f 2666 2659 2586
f 2666 2586 2593
f 2593 2586 2482
f 2593 2482 2490
f 2490 2482 2421
f 2490 2421 2432
f 2432 2421 2322
f 2432 2322 2336
f 3028 2938 2948
f 2948 2938 2850
f 2948 2850 2862
f 2862 2850 2741
f 2862 2741 2752
f 2752 2741 2654
f 2752 2654 2659
f 2659 2654 2580
f 2659 2580 2586
f 2586 2580 2476
f 2586 2476 2482
f 2482 2476 2410
f 2482 2410 2421
f 2421 2410 2307
f 2421 2307 2322
f 2779 2682 2693
f 2693 2682 2615
f 2693 2615 2623
f 2623 2615 2528
f 2623 2528 2539
f 2539 2528 2463
f 2539 2463 2470
f 2470 2463 2405
f 2676 2599 2610
f 2610 2599 2503
f 2610 2503 2519
f 2519 2503 2452
f 2519 2452 2460
f 2460 2452 2378
f 2460 2378 2400
f 2400 2463 2460
f 2460 2463 2528
f 2460 2528 2519
f 2519 2528 2615
f 2519 2615 2610
f 2610 2615 2682
f 2610 2682 2676
f 2676 2682 2779
f 2676 2779 2777
f 2777 2779 2885
f 2777 2885 2882
f 2882 2885 2926
f 2882 2926 2916
f 2916 2926 2969
f 2916 2969 2967
f 3022 3021 3002
f 3002 3021 3020
f 3002 3020 2969
f 2969 3020 3016
f 2969 3016 2967
f 2967 3016 2965
f 2967 2965 2916
f 2916 2965 2913
f 2916 2913 2877
f 2877 2913 2874
f 2877 2874 2774
f 2774 2874 2672
f 2774 2672 2676
f 2676 2672 2593
f 2676 2593 2599
f 2599 2593 2490
f 2599 2490 2498
f 2498 2490 2432
f 2498 2432 2444
f 2444 2432 2336
f 2444 2336 2356
f 2794 2708 2799
f 2799 2708 2717
f 2799 2717 2806
f 2806 2717 2721
f 2806 2721 2728
f 2112 2148 2114
f 2114 2148 2211
f 2114 2211 2251
f 2251 2211 2275
f 2251 2275 2331
f 2331 2275 2363
f 2331 2363 2440
f 2440 2363 2455
f 2440 2455 2532
f 2532 2455 2567
f 2532 2567 2640
f 2937 2901 2904
f 3042 3019 3038
f 3038 3019 2992
f 3038 2992 2998
f 2998 2992 2937
f 2998 2937 2947
f 2947 2937 2904
f 2947 2904 2910
f 3539 3536 3670
f 3670 3536 3527
f 3670 3527 3584
f 3584 3527 3520
f 3584 3520 3514
f 2927 3055 2954
f 2954 3055 3039
f 2954 3039 3014
f 3014 3039 3116
f 3014 3116 3094
f 2936 2952 3097
f 3097 2952 3134
f 3097 3134 3185
f 3185 3134 3294
f 3185 3294 3262
f 3349 3317 3477
f 3477 3317 3523
f 3477 3523 3584
f 3584 3523 3705
f 3584 3705 3670
f 2901 2794 2904
f 2904 2794 2799
f 2904 2799 2910
f 2910 2799 2806
f 2910 2806 2816
f 2816 2806 2728
f 3152 3133 3156
f 3156 3133 3055
f 3156 3055 3075
f 3075 3055 2927
f 3075 2927 2931
f 2931 2927 2734
f 2931 2734 2747
f 2728 2734 2816
f 2816 2734 2927
f 2816 2927 2912
f 2912 2927 2954
f 2912 2954 2947
f 2947 2954 3014
f 2947 3014 2998
f 2998 3014 3052
f 2998 3052 3038
f 3038 3052 3047
f 3038 3047 3042
f 2604 2764 2747
f 2747 2764 2936
f 2747 2936 2931
f 2931 2936 3097
f 2931 3097 3075
f 3075 3097 3185
f 3075 3185 3156
f 3156 3185 3166
f 3156 3166 3152
f 2320 2274 2335
f 2335 2274 2281
f 2335 2281 2353
f 2353 2281 2287
f 2353 2287 2377
f 2377 2287 2319
f 2377 2319 2406
f 2406 2319 2344
f 2406 2344 2479
f 2479 2344 2494
f 2479 2494 2646
f 2646 2494 2686
f 2646 2686 2853
f 2205 2208 2319
f 2319 2208 2219
f 2319 2219 2344
f 2344 2219 2384
f 2344 2384 2494
f 2494 2384 2596
f 2494 2596 2686
f 2686 2596 2788
f 2686 2788 2853
f 2853 2788 3165
f 2853 3165 2803
f 2188 2190 2246
f 2246 2190 2260
f 2246 2260 2302
f 2302 2260 2320
f 2302 2320 2411
f 2411 2320 2335
f 2411 2335 2425
f 2425 2335 2353
f 2425 2353 2437
f 2437 2353 2377
f 2437 2377 2448
f 2448 2377 2459
f 2448 2459 2505
f 2505 2459 2523
f 2505 2523 2613
f 2613 2523 2626
f 2613 2626 2785
f 2785 2626 2803
f 2785 2803 2987
f 2987 2803 3165
f 2987 3165 3317
f 3317 3165 3798
f 3317 3798 3523
f 3523 3798 3751
f 3523 3751 3705
f 2604 2747 2591
f 2591 2747 2734
f 2591 2734 2583
f 2583 2734 2728
f 2583 2728 2569
f 2569 2728 2721
f 2569 2721 2550
f 2550 2721 2717
f 2550 2717 2623
f 2623 2717 2708
f 2623 2708 2693
f 2693 2708 2794
f 2693 2794 2790
f 2790 2794 2901
f 2790 2901 2895
f 2895 2901 2937
f 2895 2937 2933
f 2933 2937 2992
f 2933 2992 2985
f 2985 2992 3019
f 2985 3019 3002
f 3002 3019 3025
f 3002 3025 3022
f 3064 3034 3205
f 3205 3034 3158
f 3205 3158 3300
f 3300 3158 3271
f 3300 3271 3430
f 3430 3271 3352
f 3430 3352 3587
f 3587 3352 3510
f 3239 3231 3283
f 3000 2996 3132
f 3132 2996 3123
f 3132 3123 3218
f 3218 3123 3210
f 3034 3011 3158
f 3158 3011 3146
f 3158 3146 3271
f 3271 3146 3239
f 3271 3239 3352
f 3352 3239 3283
f 3352 3283 3333
f 3333 3283 3255
f 2884 2878 2930
f 3086 3101 2988
f 2988 3101 2989
f 2988 2989 2924
f 2924 2989 2928
f 2924 2928 2875
f 3433 3365 3336
f 3336 3365 3293
f 3384 3346 3381
f 3381 3346 3344
f 3381 3344 3374
f 3371 3341 3370
f 3370 3341 3339
f 3370 3339 3369
f 3433 3336 3396
f 3396 3336 3331
f 3396 3331 3346
f 3346 3331 3326
f 3346 3326 3344
f 3295 3314 3296
f 3296 3314 3318
f 3296 3318 3297
f 3297 3318 3320
f 3299 3301 3277
f 3277 3301 3284
f 3277 3284 3247
f 3247 3284 3254
f 3247 3254 3222
f 3200 3177 3175
f 3268 3295 3270
f 3270 3295 3296
f 3270 3296 3273
f 3273 3296 3297
f 2996 2993 3123
f 3123 2993 3111
f 3123 3111 3210
f 3210 3111 3153
f 3210 3153 3206
f 3206 3153 3148
f 3072 3139 3141
f 3141 3139 3155
f 3141 3155 3157
f 3157 3155 3180
f 3157 3180 3182
f 3182 3180 3207
f 3182 3207 3234
f 3139 3175 3155
f 3155 3175 3177
f 3155 3177 3180
f 3180 3177 3200
f 3180 3200 3207
f 3207 3200 3227
f 3207 3227 3234
f 3234 3227 3293
f 3234 3293 3305
f 3305 3293 3365
f 3305 3365 3481
f 3481 3365 3433
f 3011 3000 3146
f 3146 3000 3132
f 3146 3132 3231
f 3231 3132 3218
f 3231 3218 3283
f 3283 3218 3210
f 3283 3210 3255
f 3255 3210 3206
f 3255 3206 3190
f 3190 3206 3148
f 3190 3148 3145
f 3145 3148 3076
f 3145 3076 3143
f 3369 3339 3366
f 3366 3339 3337
f 3366 3337 3363
f 3363 3337 3362
f 3362 3337 3312
f 3362 3312 3359
f 3307 3354 3356
f 3274 3276 3316
f 3316 3276 3367
f 3316 3367 3361
f 3281 3285 3378
f 3378 3285 3380
f 3380 3285 3287
f 3380 3287 3382
f 3368 3278 3372
f 3372 3278 3281
f 3372 3281 3373
f 3373 3281 3378
f 3243 3217 3242
f 3242 3217 3215
f 3242 3215 3266
f 3273 3243 3270
f 3270 3243 3242
f 3270 3242 3268
f 3268 3242 3266
f 3268 3266 3295
f 3295 3266 3312
f 3295 3312 3314
f 3314 3312 3337
f 3314 3337 3318
f 3318 3337 3339
f 3318 3339 3320
f 3320 3339 3341
f 3167 3215 3198
f 3198 3215 3217
f 3198 3217 3220
f 3220 3217 3243
f 3220 3243 3245
f 3245 3243 3273
f 3245 3273 3275
f 3275 3273 3297
f 3275 3297 3298
f 3298 3297 3320
f 3298 3320 3323
f 3323 3320 3341
f 3323 3341 3342
f 3342 3341 3371
f 3342 3371 3374
f 3219 3269 3267
f 3267 3269 3311
f 3267 3311 3309
f 3309 3311 3358
f 3309 3358 3355
f 3356 3308 3307
f 3307 3308 3263
f 3307 3263 3265
f 3265 3263 3214
f 3265 3214 3216
f 3216 3214 3172
f 3216 3172 3176
f 3184 3276 3223
f 3223 3276 3274
f 3223 3274 3272
f 3272 3274 3316
f 3272 3316 3313
f 3313 3316 3361
f 3313 3361 3360
f 3077 3176 3140
f 3140 3176 3172
f 3140 3172 3168
f 3168 3172 3214
f 3168 3214 3213
f 3213 3214 3263
f 3213 3263 3264
f 3264 3263 3308
f 3264 3308 3310
f 3310 3308 3357
f 3310 3357 3359
f 3174 3138 3136
f 3136 3138 3067
f 3136 3067 3071
f 3071 3067 3004
f 3071 3004 2979
f 3079 2986 3085
f 3085 2986 2990
f 3085 2990 3087
f 3087 2990 3095
f 3228 3432 3387
f 3382 3287 3387
f 3387 3287 3290
f 3387 3290 3228
f 2869 2867 2921
f 2921 2867 2919
f 2921 2919 2984
f 2984 2919 2981
f 2984 2981 3083
f 3083 2981 3009
f 3510 3352 3481
f 3481 3352 3333
f 3481 3333 3305
f 3305 3333 3255
f 3305 3255 3234
f 3234 3255 3190
f 3234 3190 3182
f 3182 3190 3145
f 3182 3145 3157
f 3157 3145 3143
f 3157 3143 3141
f 3141 3143 3076
f 3141 3076 3072
f 3072 3076 3005
f 3072 3005 3003
f 3003 3005 2975
f 3003 2975 2977
f 2977 2975 2941
f 2977 2941 2942
f 2918 2940 2915
f 2915 2940 2978
f 2915 2978 2914
f 2920 2918 2899
f 2899 2918 2898
f 2899 2898 2871
f 2871 2898 2868
f 2918 2915 2898
f 2898 2915 2914
f 2898 2914 2868
f 2868 2914 2866
f 2868 2866 2800
f 3299 3331 3301
f 3301 3331 3336
f 3301 3336 3284
f 3284 3336 3293
f 3284 3293 3254
f 3254 3293 3227
f 3254 3227 3222
f 3222 3227 3200
f 3222 3200 3199
f 3199 3200 3175
f 3199 3175 3174
f 3174 3175 3139
f 3174 3139 3138
f 3138 3139 3072
f 3138 3072 3068
f 3068 3072 3003
f 3068 3003 3004
f 3004 3003 2977
f 3004 2977 2979
f 2979 2977 2942
f 2979 2942 2923
f 3359 3312 3310
f 3310 3312 3266
f 3310 3266 3264
f 3264 3266 3215
f 3264 3215 3213
f 3213 3215 3167
f 3213 3167 3168
f 3168 3167 3137
f 3168 3137 3140
f 3140 3137 3073
f 3140 3073 3077
f 3077 3073 2982
f 3077 2982 2983
f 2983 2982 2925
f 2983 2925 2881
f 2881 2925 2879
f 2881 2879 2762
f 2883 2887 2990
f 2990 2887 2994
f 2990 2994 3095
f 3095 2994 3104
f 3374 3344 3342
f 3342 3344 3326
f 3342 3326 3323
f 3323 3326 3299
f 3323 3299 3298
f 3298 3299 3277
f 3298 3277 3275
f 3275 3277 3247
f 3275 3247 3245
f 3245 3247 3222
f 3245 3222 3220
f 3220 3222 3199
f 3220 3199 3198
f 3198 3199 3169
f 3198 3169 3167
f 3167 3169 3136
f 3167 3136 3137
f 3137 3136 3071
f 3137 3071 3073
f 3073 3071 2979
f 3073 2979 2982
f 2982 2979 2923
f 2982 2923 2925
f 2925 2923 2876
f 2925 2876 2879
f 2879 2876 2810
f 2879 2810 2762
f 3026 3228 3195
f 3195 3228 3290
f 3195 3290 3191
f 3191 3290 3287
f 3191 3287 3189
f 3189 3287 3285
f 3189 3285 3188
f 3188 3285 3281
f 3188 3281 3184
f 3184 3281 3278
f 3184 3278 3276
f 3276 3278 3368
f 3276 3368 3367
f 2883 2767 2887
f 2887 2767 2890
f 2887 2890 2994
f 2994 2890 3026
f 2994 3026 3104
f 3104 3026 3195
f 3104 3195 3095
f 3095 3195 3191
f 3095 3191 3087
f 3087 3191 3189
f 3087 3189 3085
f 3085 3189 3188
f 3085 3188 3079
f 3079 3188 3184
f 3079 3184 3181
f 3181 3184 3223
f 3181 3223 3219
f 3219 3223 3272
f 3219 3272 3269
f 3269 3272 3313
f 3269 3313 3311
f 3311 3313 3360
f 3311 3360 3358
f 2737 2738 2800
f 2034 2016 2187
f 2187 2016 2169
f 2187 2169 2324
f 2324 2169 2311
f 2324 2311 2522
f 2522 2311 2514
f 2522 2514 2743
f 2743 2514 2739
f 2743 2739 2875
f 2875 2739 2869
f 2875 2869 2924
f 2924 2869 2921
f 2924 2921 2988
f 2988 2921 2984
f 2988 2984 3086
f 3086 2984 3083
f 2751 2759 2536
f 2536 2759 2554
f 2536 2554 2340
f 2340 2554 2364
f 2340 2364 2196
f 2878 2884 2751
f 2751 2884 2888
f 2751 2888 2759
f 2759 2888 2775
f 2759 2775 2554
f 2554 2775 2579
f 2554 2579 2364
f 2016 2003 2169
f 2169 2003 2152
f 2169 2152 2311
f 2311 2152 2300
f 2311 2300 2514
f 2514 2300 2510
f 2514 2510 2739
f 2739 2510 2737
f 2739 2737 2869
f 2869 2737 2800
f 2869 2800 2867
f 2867 2800 2866
f 2867 2866 2919
f 2919 2866 2914
f 2919 2914 2981
f 2981 2914 2978
f 2981 2978 3009
f 3009 2978 2974
f 2928 2930 2875
f 2875 2930 2878
f 2875 2878 2743
f 2743 2878 2751
f 2743 2751 2522
f 2522 2751 2536
f 2522 2536 2324
f 2324 2536 2340
f 2324 2340 2187
f 2187 2340 2196
f 2187 2196 2034
f 2775 2783 2579
f 2579 2783 2595
f 2579 2595 2364
f 2364 2595 2315
f 2364 2315 2196
f 2196 2315 2027
f 2196 2027 2034
f 2034 2027 1850
f 2034 1850 2016
f 2016 1850 1777
f 2016 1777 2003
f 2003 1777 1987
f 2003 1987 2152
f 2152 1987 2141
f 2152 2141 2300
f 2300 2141 2294
f 2300 2294 2510
f 2510 2294 2507
f 2510 2507 2737
f 2737 2507 2629
f 2737 2629 2738
f 2738 2629 2740
f 2738 2740 2800
f 2800 2740 2801
f 2800 2801 2868
f 2868 2801 2807
f 2868 2807 2871
f 2871 2807 2873
f 2871 2873 2899
f 2899 2873 2900
f 2899 2900 2920
f 2748 2744 2635
f 2635 2744 2633
f 2635 2633 2515
f 2515 2633 2511
f 2515 2511 2288
f 2288 2511 2286
f 2755 2748 2639
f 2639 2748 2635
f 2639 2635 2521
f 2521 2635 2515
f 2521 2515 2295
f 2295 2515 2288
f 2295 2288 2210
f 2210 2288 2286
f 2210 2286 2212
f 2650 2639 2533
f 2533 2639 2521
f 2533 2521 2301
f 2301 2521 2295
f 2301 2295 2126
f 2126 2295 2210
f 2126 2210 2121
f 2121 2210 2212
f 2121 2212 2124
f 2546 2767 2762
f 2762 2767 2883
f 2762 2883 2881
f 2881 2883 2986
f 2881 2986 2983
f 2983 2986 3079
f 2983 3079 3077
f 3077 3079 3181
f 3077 3181 3176
f 3176 3181 3219
f 3176 3219 3216
f 3216 3219 3267
f 3216 3267 3265
f 3265 3267 3309
f 3265 3309 3307
f 3307 3309 3355
f 3307 3355 3354
f 1131 1134 1431
f 1431 1134 1462
f 1431 1462 1949
f 1949 1462 1969
f 1949 1969 2144
f 2144 1969 2156
f 2144 2156 2327
f 2327 2156 2341
f 2327 2341 2578
f 2173 2366 2341
f 2341 2366 2467
f 2341 2467 2578
f 2578 2467 2584
f 2578 2584 2778
f 2778 2584 2793
f 2778 2793 2907
f 2907 2793 2814
f 2907 2814 3065
f 3065 2814 2938
f 3065 2938 3090
f 3090 2938 3043
f 1150 1139 1456
f 1456 1139 1430
f 1456 1430 1940
f 1940 1430 1942
f 1940 1942 2126
f 2126 1942 2135
f 2126 2135 2301
f 2301 2135 2314
f 2301 2314 2533
f 2533 2314 2546
f 2533 2546 2650
f 2650 2546 2762
f 2650 2762 2755
f 2755 2762 2810
f 2755 2810 2748
f 2748 2810 2808
f 1150 1456 1494
f 1494 1456 1947
f 1494 1947 1960
f 1960 1947 2124
f 1960 2124 2131
f 2131 2124 2212
f 2131 2212 2294
f 2294 2212 2286
f 2294 2286 2507
f 2507 2286 2511
f 2507 2511 2629
f 2629 2511 2633
f 2629 2633 2740
f 2740 2633 2744
f 2740 2744 2801
f 2801 2744 2748
f 2801 2748 2807
f 2807 2748 2808
f 2807 2808 2873
f 2873 2808 2876
f 2873 2876 2900
f 2900 2876 2923
f 2900 2923 2920
f 2920 2923 2942
f 2920 2942 2918
f 2918 2942 2941
f 2918 2941 2940
f 2940 2941 2975
f 2940 2975 2974
f 2974 2975 3005
f 2974 3005 3009
f 3009 3005 3076
f 3009 3076 3083
f 3083 3076 3148
f 3083 3148 3086
f 3086 3148 3153
f 3086 3153 3101
f 3101 3153 3111
f 3101 3111 2989
f 2989 3111 2993
f 2989 2993 2928
f 2928 2993 2996
f 2928 2996 2930
f 2930 2996 3000
f 2930 3000 2884
f 2884 3000 3011
f 2884 3011 2888
f 2888 3011 3034
f 2888 3034 2775
f 2775 3034 3064
f 2775 3064 2848
f 1139 1131 1430
f 1430 1131 1431
f 1430 1431 1942
f 1942 1431 1949
f 1942 1949 2135
f 2135 1949 2144
f 2135 2144 2314
f 2314 2144 2327
f 2314 2327 2546
f 2546 2327 2578
f 2546 2578 2767
f 2767 2578 2778
f 2767 2778 2890
f 2890 2778 2907
f 2890 2907 3026
f 3026 2907 3065
f 3026 3065 3228
f 3228 3065 3303
f 3228 3303 3432
f 3432 3303 3530
f 2727 2719 2620
f 2620 2719 2601
f 2620 2601 2495
f 2495 2601 2483
f 2495 2483 2407
f 2407 2483 2391
f 2407 2391 2283
f 2283 2391 2202
f 2283 2202 2217
f 2217 2202 2032
f 2217 2032 2054
f 2054 2032 1835
f 2054 1835 1902
f 1902 1835 1389
f 1902 1389 1464
f 1142 1162 1511
f 1511 1162 1578
f 1511 1578 1983
f 1983 1578 1998
f 1983 1998 2173
f 2173 1998 2189
f 2173 2189 2366
f 2366 2189 2391
f 2366 2391 2467
f 2467 2391 2483
f 2467 2483 2584
f 2584 2483 2601
f 2584 2601 2793
f 2793 2601 2719
f 2793 2719 2814
f 2814 2719 2727
f 2814 2727 2850
f 2850 2727 2735
f 2850 2735 2741
f 2741 2735 2640
f 2741 2640 2654
f 2654 2640 2567
f 2654 2567 2580
f 2580 2567 2471
f 2580 2471 2476
f 2476 2471 2403
f 2476 2403 2410
f 2410 2403 2289
f 2410 2289 2307
f 2307 2289 2229
f 2307 2229 2322
f 2322 2229 2254
f 2322 2254 2336
f 2336 2254 2268
f 2336 2268 2356
f 2356 2268 2278
f 2356 2278 2378
f 2378 2278 2284
f 2378 2284 2400
f 2400 2284 2302
f 2400 2302 2405
f 2405 2302 2411
f 2405 2411 2470
f 2470 2411 2425
f 2470 2425 2477
f 2477 2425 2437
f 2477 2437 2485
f 2485 2437 2448
f 2485 2448 2496
f 2496 2448 2505
f 2496 2505 2604
f 2604 2505 2613
f 2604 2613 2764
f 2764 2613 2785
f 2764 2785 2952
f 2952 2785 2987
f 2952 2987 3134
f 3134 2987 3317
f 3134 3317 3294
f 3294 3317 3349
f 3294 3349 3262
f 3262 3349 3338
f 3262 3338 3288
f 2057 2070 2127
f 1192 1145 1123
f 1425 1226 1186
f 1958 1993 1982
f 1993 1958 2006
f 1813 1841 1980
f 1980 1841 1992
f 1568 1461 1417
f 1847 1910 1881
f 1086 1059 1062
f 1069 1057 1075
f 1147 1184 1169
f 1133 1136 1115
f 1892 1886 1546
f 1546 1886 1874
f 1546 1874 1863
f 1818 1952 1698
f 1698 1952 1937
f 1698 1937 1933
f 1933 1918 1698
f 1698 1918 1916
f 1698 1916 1546
f 1546 1916 1896
f 1546 1896 1892
f 1903 1995 1986
f 1986 1978 1903
f 1903 1978 1974
f 1903 1974 1818
f 1818 1974 1963
f 1818 1963 1952
f 1995 1903 2001
f 2001 1903 1934
f 2001 1934 2010
f 2010 1934 2015
f 2015 1934 1962
f 2015 1962 2024
f 1136 1147 1115
f 1115 1147 1169
f 1115 1169 1104
f 1169 1160 1104
f 1104 1160 1152
f 1104 1152 1095
f 1095 1152 1138
f 1095 1138 1081
f 1081 1138 1130
f 1081 1130 1074
f 1145 1133 1123
f 1123 1133 1115
f 1123 1115 1105
f 1105 1115 1104
f 1105 1104 1092
f 1092 1104 1095
f 1092 1095 1079
f 1079 1095 1081
f 1079 1081 1064
f 1064 1081 1074
f 1064 1074 1055
f 1055 1074 1067
f 1055 1067 1051
f 1051 1067 1062
f 1051 1062 1047
f 1047 1062 1059
f 1047 1059 1044
f 1061 1066 1052
f 1052 1066 1057
f 1045 1044 1058
f 1058 1044 1059
f 1058 1059 1088
f 1088 1059 1086
f 1088 1086 1117
f 1099 1066 1094
f 1094 1066 1061
f 1094 1061 1090
f 1117 1119 1088
f 1088 1119 1090
f 1088 1090 1058
f 1058 1090 1061
f 1058 1061 1045
f 1045 1061 1052
f 1057 1066 1075
f 1075 1066 1099
f 1075 1099 1106
f 1106 1099 1146
f 1106 1146 1159
f 1113 1171 1176
f 1069 1075 1085
f 1085 1075 1106
f 1085 1106 1113
f 1113 1106 1159
f 1113 1159 1171
f 1119 1122 1090
f 1090 1122 1126
f 1090 1126 1094
f 1094 1126 1129
f 1094 1129 1099
f 1099 1129 1135
f 1099 1135 1146
f 1130 1124 1074
f 1074 1124 1121
f 1074 1121 1067
f 1067 1121 1118
f 1067 1118 1062
f 1062 1118 1116
f 1062 1116 1086
f 1086 1116 1114
f 1086 1114 1117
f 1685 1727 1881
f 1881 1727 1847
f 1847 1727 1767
f 1847 1767 1843
f 1084 1096 1102
f 1102 1096 1108
f 1102 1108 1120
f 1120 1108 1125
f 1120 1125 1154
f 1154 1125 1151
f 1154 1151 1199
f 1199 1151 1183
f 1199 1183 1264
f 1264 1183 1230
f 1264 1230 1349
f 1349 1230 1289
f 1349 1289 1466
f 1466 1289 1361
f 1466 1361 1610
f 1610 1361 1461
f 1610 1461 1736
f 1736 1461 1568
f 1736 1568 1790
f 1790 1568 1685
f 1790 1685 1840
f 1840 1685 1881
f 1417 1461 1368
f 1368 1461 1361
f 1368 1361 1300
f 1300 1361 1289
f 1300 1289 1284
f 1284 1289 1230
f 1284 1230 1253
f 1253 1230 1183
f 1253 1183 1241
f 1910 1847 1906
f 1906 1847 1843
f 1906 1843 1893
f 1893 1843 1691
f 1893 1691 1725
f 1417 1474 1568
f 1568 1474 1508
f 1568 1508 1685
f 1685 1508 1542
f 1685 1542 1727
f 1727 1542 1583
f 1727 1583 1767
f 1767 1583 1615
f 1767 1615 1843
f 1843 1615 1675
f 1843 1675 1691
f 1979 2004 1992
f 1992 2004 2017
f 1769 1813 1957
f 1957 1813 1980
f 1957 1980 2008
f 2008 1980 1992
f 2008 1992 2057
f 2057 1992 2017
f 2057 2017 2070
f 1173 1223 1389
f 1863 1854 1546
f 1546 1854 1836
f 1546 1836 1407
f 1407 1836 1758
f 1407 1758 1304
f 1758 1603 1304
f 1304 1603 1497
f 1304 1497 1223
f 1223 1497 1464
f 1223 1464 1389
f 2038 2074 2025
f 2025 2074 2066
f 2025 2066 2046
f 2115 2103 2050
f 2050 2103 2088
f 2050 2088 2038
f 2038 2088 2080
f 2038 2080 2074
f 2122 2168 2109
f 2133 2109 2154
f 2154 2109 2168
f 2154 2168 2200
f 2078 2122 2073
f 2073 2122 2109
f 2073 2109 2084
f 2084 2109 2133
f 2084 2133 2115
f 1994 2022 1977
f 1977 2022 2005
f 1977 2005 1984
f 1984 2005 2012
f 1984 2012 1990
f 1990 2012 2019
f 1990 2019 2006
f 2006 1958 1990
f 1990 1958 1953
f 1990 1953 1984
f 1984 1953 1944
f 1984 1944 1977
f 1977 1944 1929
f 1977 1929 1994
f 2115 2050 2084
f 2084 2050 2044
f 2084 2044 2073
f 2073 2044 2035
f 2073 2035 2078
f 1994 2042 2022
f 2022 2042 2078
f 2022 2078 2005
f 2005 2078 2035
f 2005 2035 2012
f 2012 2035 2044
f 2012 2044 2019
f 2019 2044 2050
f 2019 2050 2006
f 2006 2050 2038
f 2006 2038 1993
f 1993 2038 2025
f 1993 2025 1982
f 1982 2025 2046
f 1982 2046 1962
f 1962 2046 2030
f 1962 2030 2024
f 1098 1205 1109
f 1109 1205 1221
f 1109 1221 1128
f 1496 1425 1392
f 1392 1425 1186
f 1392 1186 1342
f 1342 1186 1157
f 1342 1157 1315
f 1315 1157 1128
f 1315 1128 1259
f 1259 1128 1221
f 1083 1097 1179
f 1239 1110 1137
f 1239 1218 1110
f 1110 1218 1204
f 1110 1204 1097
f 1097 1204 1189
f 1097 1189 1179
f 1179 1162 1083
f 1083 1162 1142
f 1083 1142 1076
f 1142 1141 1076
f 1076 1141 1140
f 1076 1140 1070
f 1070 1140 1134
f 1070 1134 1068
f 1068 1134 1131
f 1068 1131 1072
f 1072 1131 1139
f 1072 1139 1078
f 1078 1139 1150
f 1078 1150 1089
f 1089 1150 1167
f 1089 1167 1098
f 1098 1167 1185
f 1098 1185 1205
f 1389 1353 1173
f 1173 1353 1298
f 1173 1298 1137
f 1137 1298 1272
f 1137 1272 1239
f 1841 1875 1992
f 1992 1875 1888
f 1992 1888 1979
f 1979 1888 1895
f 1241 1183 1219
f 1219 1183 1151
f 1219 1151 1196
f 1196 1151 1125
f 1196 1125 1176
f 1176 1125 1108
f 1176 1108 1113
f 1113 1108 1096
f 1113 1096 1085
f 1085 1096 1084
f 1085 1084 1069
f 2232 2200 2215
f 2215 2200 2168
f 2215 2168 2165
f 2165 2168 2122
f 2165 2122 2127
f 2127 2122 2078
f 2127 2078 2057
f 2057 2078 2042
f 2057 2042 2008
f 2008 2042 1994
f 2008 1994 1957
f 1957 1994 1929
f 1957 1929 1769
f 1226 1192 1186
f 1186 1192 1123
f 1186 1123 1157
f 1157 1123 1105
f 1157 1105 1128
f 1128 1105 1092
f 1128 1092 1109
f 1109 1092 1079
f 1109 1079 1098
f 1098 1079 1064
f 1098 1064 1089
f 1089 1064 1055
f 1089 1055 1078
f 1078 1055 1051
f 1078 1051 1072
f 1072 1051 1047
f 1072 1047 1068
f 1068 1047 1044
f 1068 1044 1070
f 1070 1044 1045
f 1070 1045 1076
f 1076 1045 1052
f 1076 1052 1083
f 1083 1052 1057
f 1083 1057 1097
f 1097 1057 1069
f 1097 1069 1110
f 1110 1069 1084
f 1110 1084 1137
f 1137 1084 1102
f 1137 1102 1173
f 1173 1102 1120
f 1173 1120 1223
f 1223 1120 1154
f 1223 1154 1304
f 1304 1154 1199
f 1304 1199 1407
f 1407 1199 1264
f 1407 1264 1546
f 1546 1264 1349
f 1546 1349 1698
f 1698 1349 1466
f 1698 1466 1818
f 1818 1466 1610
f 1818 1610 1903
f 1903 1610 1736
f 1903 1736 1934
f 1934 1736 1790
f 1934 1790 1962
f 1962 1790 1840
f 1962 1840 1982
f 1982 1840 1881
f 1982 1881 1958
f 1958 1881 1910
f 1958 1910 1953
f 1953 1910 1906
f 1953 1906 1944
f 1944 1906 1893
f 1944 1893 1929
f 1929 1893 1725
f 1929 1725 1769
f 2308 2316 2312
f 2298 2308 2303
f 2303 2308 2312
f 2303 2312 2309
f 2273 2065 2026
f 2273 2026 2242
f 2242 2026 1996
f 2242 1996 2213
f 2000 1271 1314
f 2055 2029 1999
f 1999 2000 2055
f 2055 2000 1314
f 2055 1314 2060
f 2060 1314 1390
f 2060 1390 2072
f 2072 1390 2076
f 2076 1390 1443
f 2076 1443 2083
f 2083 1443 2089
f 2089 1443 1482
f 2089 1482 2091
f 1506 2096 1482
f 1482 2096 2095
f 1482 2095 2091
f 1520 1536 2104
f 2104 2102 1520
f 1520 2102 2101
f 1520 2101 1506
f 1506 2101 2100
f 1506 2100 2096
f 2112 2111 1550
f 1550 2111 2108
f 1550 2108 1536
f 1536 2108 2105
f 1536 2105 2104
f 1550 1561 2112
f 2112 1561 1576
f 2112 1576 2118
f 2118 1576 2119
f 2119 1576 1589
f 2119 1589 2123
f 2123 1589 2125
f 2125 1589 1601
f 2125 1601 2128
f 2128 1601 2129
f 2129 1601 1617
f 2129 1617 2134
f 2134 1617 2136
f 2136 1617 1627
f 2136 1627 2137
f 2137 1627 2140
f 2140 1627 1642
f 2140 1642 2142
f 2142 1642 2143
f 2143 1642 1654
f 2143 1654 2146
f 2146 1654 2151
f 2151 1654 1674
f 2151 1674 2153
f 1674 1682 2153
f 2153 1682 2087
f 2153 2087 2155
f 2155 2087 2086
f 2155 2086 2164
f 2079 2181 2177
f 2177 2174 2079
f 2079 2174 2171
f 2079 2171 2086
f 2086 2171 2166
f 2086 2166 2164
f 2208 2205 2065
f 2065 2205 2199
f 2199 2195 2065
f 2065 2195 2190
f 2065 2190 2079
f 2079 2190 2188
f 2079 2188 2181
f 2065 2273 2255
f 2255 2239 2065
f 2065 2239 2237
f 2065 2237 2228
f 2228 2221 2065
f 2065 2221 2219
f 2065 2219 2208
f 2194 2213 1996
f 1995 2001 1883
f 1883 2001 1900
f 1995 1883 1986
f 1986 1883 1856
f 1986 1856 1978
f 1978 1856 1834
f 1978 1834 1974
f 1974 1834 1823
f 1974 1823 1963
f 1963 1823 1809
f 1963 1809 1952
f 1952 1809 1794
f 1952 1794 1937
f 1937 1794 1782
f 1937 1782 1933
f 1715 1896 1726
f 1726 1896 1916
f 1726 1916 1739
f 1739 1916 1918
f 1739 1918 1747
f 1747 1918 1933
f 1747 1933 1765
f 1765 1933 1782
f 1639 1829 1658
f 1658 1829 1836
f 1658 1836 1667
f 1667 1836 1854
f 1667 1854 1687
f 1687 1854 1863
f 1687 1863 1688
f 1688 1863 1874
f 1688 1874 1707
f 1707 1874 1886
f 1707 1886 1715
f 1715 1886 1892
f 1715 1892 1896
f 1621 1606 1789
f 1789 1795 1621
f 1621 1795 1808
f 1621 1808 1639
f 1639 1808 1817
f 1639 1817 1829
f 1664 1797 1624
f 1624 1797 1788
f 1624 1788 1607
f 1607 1788 1774
f 1607 1774 1604
f 1604 1774 1775
f 1604 1775 1606
f 1606 1775 1785
f 1606 1785 1789
f 1872 1999 2029
f 2029 1970 1872
f 1872 1970 1890
f 1872 1890 1708
f 1708 1890 1851
f 1708 1851 1664
f 1664 1851 1810
f 1664 1810 1797
f 2194 1996 2175
f 2097 2139 1989
f 1989 2139 1996
f 1996 2139 2167
f 1996 2167 2175
f 1989 1976 2097
f 2097 1976 1971
f 2097 1971 2071
f 2071 1971 1951
f 2071 1951 2069
f 2001 2010 1900
f 1900 2010 2015
f 1900 2015 1920
f 1920 2015 2024
f 1920 2024 1923
f 1923 2024 2031
f 1923 2031 1946
f 1946 2031 2048
f 1946 2048 1951
f 1951 2048 2053
f 1951 2053 2069
f 2011 1996 2026
f 2065 2056 2026
f 2026 2056 2037
f 2026 2037 2011
f 2087 1682 2086
f 2086 1682 1649
f 2086 1649 2079
f 2079 1649 2065
f 2065 1649 1544
f 2065 1544 2056
f 2056 1544 1420
f 2056 1420 2037
f 2037 1420 1324
f 2037 1324 2011
f 2011 1324 1996
f 1996 1324 1235
f 1996 1235 1989
f 1989 1235 1976
f 1976 1235 1180
f 1976 1180 1971
f 1971 1180 1951
f 1951 1180 1155
f 1951 1155 1946
f 1946 1155 1923
f 1923 1155 1127
f 1923 1127 1920
f 1920 1127 1111
f 1920 1111 1900
f 1900 1111 1103
f 1900 1103 1883
f 1883 1103 1093
f 1883 1093 1856
f 1856 1093 1082
f 1856 1082 1834
f 1834 1082 1823
f 1823 1082 1073
f 1823 1073 1809
f 1809 1073 1794
f 1794 1073 1063
f 1794 1063 1782
f 1782 1063 1765
f 1765 1063 1054
f 1765 1054 1747
f 1747 1054 1739
f 1739 1054 1046
f 1739 1046 1726
f 1726 1046 1715
f 1715 1046 1039
f 1715 1039 1707
f 1707 1039 1688
f 1688 1039 1038
f 1688 1038 1687
f 1687 1038 1667
f 1667 1038 1037
f 1667 1037 1658
f 1658 1037 1036
f 1658 1036 1639
f 1639 1036 1034
f 1639 1034 1621
f 1621 1034 1033
f 1621 1033 1606
f 1606 1033 1032
f 1606 1032 1604
f 1604 1032 1607
f 1607 1032 1035
f 1607 1035 1624
f 1624 1035 1664
f 1664 1035 1042
f 1664 1042 1708
f 1708 1042 1101
f 1708 1101 1872
f 1872 1101 1999
f 1999 1101 1271
f 1999 1271 2000
f 3040 3029 3033
f 3040 3033 3045
f 3029 3040 3025
f 3025 3040 3035
f 3025 3035 3022
f 3022 3035 3021
f 3021 3035 3032
f 3021 3032 3020
f 3020 3032 3016
f 3016 3032 3027
f 3016 3027 3015
f 3015 3027 3012
f 3012 3027 3024
f 3012 3024 3010
f 3010 3024 3007
f 3007 3024 3023
f 3007 3023 3008
f 3008 3023 3013
f 3013 3023 3030
f 3013 3030 3017
f 3017 3030 3044
f 3017 3044 3028
f 3028 3044 3046
f 3028 3046 3043
f 3043 3046 3099
f 3043 3099 3090
f 3090 3099 3159
f 3159 3099 3183
f 3159 3183 3170
f 3491 3443 3183
f 3183 3443 3282
f 3183 3282 3170
f 3505 3487 3491
f 3491 3487 3444
f 3491 3444 3443
f 3550 3525 3491
f 3491 3525 3515
f 3491 3515 3505
f 3569 3551 3564
f 3564 3551 3545
f 3564 3545 3550
f 3550 3545 3542
f 3550 3542 3525
f 3576 3557 3569
f 3569 3557 3553
f 3569 3553 3551
f 3581 3567 3576
f 3576 3567 3563
f 3563 3562 3576
f 3576 3562 3560
f 3576 3560 3557
f 3591 3599 3578
f 3578 3577 3591
f 3591 3577 3573
f 3591 3573 3581
f 3581 3573 3568
f 3581 3568 3567
f 3590 3588 3606
f 3606 3588 3582
f 3606 3582 3599
f 3599 3582 3580
f 3599 3580 3578
f 3617 3596 3593
f 3617 3593 3606
f 3606 3593 3592
f 3606 3592 3590
f 3596 3617 3600
f 3600 3617 3622
f 3600 3622 3602
f 3602 3622 3605
f 3605 3622 3634
f 3605 3634 3609
f 3609 3634 3612
f 3612 3634 3639
f 3612 3639 3614
f 3644 3619 3639
f 3639 3619 3618
f 3639 3618 3614
f 3648 3624 3646
f 3646 3624 3621
f 3646 3621 3644
f 3644 3621 3620
f 3644 3620 3619
f 3650 3630 3648
f 3648 3630 3627
f 3648 3627 3624
f 3543 3539 3595
f 3595 3539 3603
f 3595 3603 3608
f 3608 3603 3623
f 3608 3623 3645
f 3645 3623 3626
f 3645 3626 3647
f 3647 3626 3629
f 3647 3629 3649
f 3649 3629 3632
f 3649 3632 3650
f 3650 3632 3631
f 3650 3631 3630
f 3522 3526 3543
f 3543 3526 3536
f 3543 3536 3539
f 3427 3439 3451
f 3451 3439 3498
f 3451 3498 3506
f 3506 3498 3514
f 3506 3514 3522
f 3522 3514 3520
f 3522 3520 3526
f 3261 3288 3280
f 3280 3288 3338
f 3280 3338 3451
f 3451 3338 3424
f 3451 3424 3427
f 3261 3280 3225
f 3225 3280 3179
f 3225 3179 3166
f 3166 3179 3161
f 3166 3161 3152
f 3152 3161 3144
f 3152 3144 3133
f 3133 3144 3128
f 3133 3128 3116
f 3116 3128 3108
f 3116 3108 3094
f 3094 3108 3088
f 3094 3088 3082
f 3081 3069 3060
f 3060 3062 3081
f 3081 3062 3066
f 3081 3066 3088
f 3088 3066 3074
f 3088 3074 3082
f 3047 3053 3061
f 3061 3053 3056
f 3061 3056 3069
f 3069 3056 3059
f 3069 3059 3060
f 3033 3036 3045
f 3045 3036 3037
f 3045 3037 3048
f 3048 3037 3042
f 3048 3042 3051
f 3051 3042 3047
f 3051 3047 3058
f 3058 3047 3061
f 1065 1002 1060
f 1060 1002 1001
f 1060 1001 1056
f 1056 1001 1000
f 1056 1000 1053
f 1053 1000 999
f 1053 999 1050
f 1050 999 997
f 1050 997 1048
f 1048 997 996
f 1048 996 1043
f 1043 996 994
f 1043 994 1040
f 1040 994 995
f 1040 995 1041
f 1041 995 998
f 1041 998 1049
f 1049 998 1005
f 1049 1005 1087
f 1087 1005 1024
f 1087 1024 1348
f 1348 1024 1031
f 1348 1031 1538
f 988 989 89
f 1071 1004 1065
f 1065 1004 1003
f 1065 1003 1002
f 89 77 988
f 988 77 69
f 988 69 986
f 69 61 986
f 986 61 49
f 986 49 984
f 984 49 44
f 984 44 983
f 44 38 983
f 983 38 33
f 983 33 981
f 981 33 27
f 981 27 977
f 977 27 26
f 26 17 977
f 977 17 11
f 977 11 973
f 11 9 973
f 973 9 3
f 973 3 971
f 971 3 1
f 971 1 2
f 5 978 2
f 2 978 972
f 2 972 971
f 5 18 978
f 978 18 91
f 978 91 992
f 91 133 992
f 992 133 179
f 992 179 1011
f 179 417 1011
f 1011 417 559
f 1011 559 1018
f 989 1004 89
f 89 1004 1071
f 89 1071 94
f 94 1071 1077
f 94 1077 108
f 1080 125 1077
f 1077 125 123
f 1077 123 108
f 245 224 1132
f 1132 224 202
f 1132 202 1112
f 1112 202 183
f 1112 183 1107
f 1107 183 166
f 1107 166 1100
f 1100 166 157
f 1100 157 1091
f 1091 157 144
f 1091 144 1080
f 1080 144 139
f 1080 139 125
f 245 1132 252
f 252 1132 1158
f 252 1158 272
f 272 1158 1202
f 272 1202 294
f 294 1202 1268
f 294 1268 348
f 499 481 1452
f 1452 481 475
f 1452 475 1360
f 1360 475 469
f 469 454 1360
f 1360 454 427
f 1360 427 1268
f 1268 427 420
f 1268 420 348
f 499 1452 540
f 540 1452 1534
f 540 1534 555
f 555 1534 1551
f 555 1551 571
f 559 571 1018
f 1018 571 1551
f 1018 1551 1031
f 1031 1551 1538
f 859 864 852
f 848 849 864
f 852 853 859
f 859 853 854
f 859 854 856
f 959 958 950
f 950 958 953
f 950 953 940
f 940 953 936
f 849 850 864
f 864 850 851
f 864 851 852
f 869 884 876
f 876 884 886
f 876 886 936
f 936 886 923
f 936 923 940
f 844 845 860
f 860 845 846
f 860 846 847
f 847 848 860
f 860 848 864
f 860 864 866
f 866 864 869
f 866 869 871
f 871 869 876
f 956 954 939
f 180 182 333
f 887 873 804
f 804 873 698
f 861 907 804
f 804 907 897
f 804 897 887
f 698 873 672
f 672 873 843
f 672 843 655
f 655 843 828
f 655 828 626
f 626 828 808
f 626 808 610
f 610 808 785
f 610 785 581
f 581 785 771
f 581 771 553
f 553 771 752
f 553 752 532
f 532 752 734
f 532 734 514
f 514 734 718
f 514 718 498
f 498 718 700
f 498 700 456
f 456 700 671
f 456 671 452
f 452 671 640
f 452 640 430
f 939 954 932
f 932 954 951
f 932 951 926
f 926 951 948
f 926 948 917
f 917 948 945
f 917 945 909
f 909 945 942
f 909 942 902
f 902 942 937
f 902 937 892
f 892 937 931
f 892 931 882
f 882 931 927
f 882 927 872
f 872 927 921
f 872 921 857
f 857 921 915
f 857 915 838
f 838 915 908
f 838 908 903
f 907 939 897
f 897 939 932
f 897 932 887
f 887 932 926
f 887 926 873
f 873 926 917
f 873 917 843
f 843 917 909
f 843 909 828
f 828 909 902
f 828 902 808
f 808 902 892
f 808 892 785
f 785 892 882
f 785 882 771
f 771 882 872
f 771 872 752
f 752 872 857
f 752 857 734
f 734 857 838
f 734 838 718
f 718 838 903
f 718 903 700
f 700 903 895
f 700 895 671
f 671 895 880
f 671 880 640
f 640 880 863
f 640 863 615
f 615 863 810
f 556 559 417
f 556 417 333
f 333 417 179
f 333 179 180
f 958 956 953
f 953 956 939
f 953 939 936
f 936 939 907
f 936 907 876
f 876 907 861
f 876 861 756
f 756 861 804
f 756 804 729
f 729 804 698
f 566 340 586
f 586 340 350
f 586 350 608
f 608 350 368
f 608 368 657
f 657 368 412
f 657 412 728
f 728 412 487
f 728 487 810
f 810 487 590
f 810 590 615
f 430 640 418
f 418 640 615
f 418 615 378
f 378 615 590
f 378 590 337
f 337 590 487
f 337 487 231
f 231 487 412
f 231 412 212
f 212 412 368
f 212 368 197
f 197 368 350
f 197 350 182
f 182 350 340
f 182 340 333
f 333 340 566
f 333 566 556
f 226 235 171
f 133 91 92
f 836 844 860
f 366 381 385
f 261 257 278
f 257 261 232
f 232 261 226
f 232 226 218
f 346 366 373
f 322 346 355
f 355 346 373
f 355 373 364
f 458 484 451
f 451 484 459
f 451 459 435
f 435 459 440
f 435 440 414
f 414 440 422
f 414 422 404
f 478 506 508
f 508 506 527
f 508 527 564
f 429 422 447
f 447 422 440
f 447 440 468
f 468 440 459
f 468 459 495
f 495 459 484
f 495 484 520
f 458 478 484
f 484 478 508
f 484 508 520
f 520 508 564
f 520 564 577
f 577 564 632
f 527 557 564
f 564 557 612
f 564 612 632
f 632 612 622
f 632 622 692
f 322 328 305
f 305 328 335
f 305 335 314
f 314 335 362
f 314 362 336
f 322 355 328
f 328 355 364
f 328 364 335
f 335 364 387
f 335 387 362
f 298 322 303
f 303 322 305
f 303 305 265
f 265 305 314
f 265 314 273
f 273 314 336
f 273 336 263
f 577 565 520
f 520 565 536
f 520 536 495
f 495 536 517
f 495 517 468
f 468 517 494
f 468 494 447
f 447 494 470
f 447 470 429
f 429 470 448
f 622 677 692
f 692 677 694
f 692 694 748
f 748 694 710
f 748 710 737
f 737 772 748
f 748 772 794
f 748 794 860
f 860 794 822
f 860 822 836
f 452 430 439
f 439 430 416
f 439 416 434
f 434 416 394
f 434 394 408
f 408 394 385
f 408 385 403
f 403 385 381
f 403 381 404
f 474 448 496
f 496 448 470
f 496 470 513
f 513 470 494
f 513 494 535
f 535 494 517
f 535 517 558
f 558 517 536
f 558 536 592
f 592 536 565
f 592 610 558
f 558 610 581
f 558 581 535
f 535 581 553
f 535 553 513
f 513 553 532
f 513 532 496
f 496 532 514
f 496 514 474
f 474 514 498
f 474 498 456
f 626 616 655
f 655 616 637
f 655 637 672
f 672 637 665
f 672 665 698
f 698 665 716
f 698 716 729
f 729 716 756
f 404 422 403
f 403 422 429
f 403 429 408
f 408 429 448
f 408 448 434
f 434 448 474
f 434 474 439
f 439 474 456
f 439 456 452
f 133 92 179
f 12 6 7
f 12 7 21
f 116 75 59
f 59 75 45
f 59 45 22
f 22 45 21
f 22 21 14
f 14 21 7
f 59 104 116
f 116 104 140
f 116 140 159
f 159 140 149
f 159 149 188
f 5 6 18
f 18 6 12
f 18 12 30
f 30 12 21
f 30 21 41
f 41 21 45
f 41 45 63
f 63 45 75
f 63 75 95
f 95 75 116
f 95 116 171
f 171 116 159
f 171 159 226
f 226 159 188
f 226 188 218
f 761 866 871
f 616 598 637
f 637 598 648
f 637 648 665
f 665 648 702
f 665 702 716
f 716 702 761
f 716 761 756
f 756 761 871
f 756 871 876
f 860 866 748
f 748 866 761
f 748 761 692
f 692 761 702
f 692 702 632
f 632 702 648
f 632 648 577
f 577 648 598
f 577 598 565
f 565 598 616
f 565 616 592
f 592 616 626
f 592 626 610
f 366 385 373
f 373 385 394
f 373 394 364
f 364 394 416
f 364 416 387
f 387 416 430
f 387 430 362
f 362 430 418
f 362 418 336
f 336 418 378
f 336 378 263
f 263 378 337
f 263 337 206
f 206 337 231
f 206 231 151
f 151 231 212
f 151 212 127
f 127 212 197
f 127 197 105
f 105 197 182
f 105 182 92
f 92 182 180
f 92 180 179
f 91 18 92
f 92 18 30
f 92 30 105
f 105 30 41
f 105 41 127
f 127 41 63
f 127 63 151
f 151 63 95
f 151 95 206
f 206 95 171
f 206 171 263
f 263 171 235
f 263 235 273
f 273 235 226
f 273 226 265
f 265 226 261
f 265 261 303
f 303 261 278
f 303 278 298
f 252 272 274
f 34 22 14
f 13 16 36
f 164 169 195
f 85 99 90
f 71 64 55
f 81 87 98
f 78 84 96
f 67 69 77
f 56 67 68
f 612 557 561
f 694 677 679
f 413 415 436
f 779 799 798
f 259 268 299
f 253 259 292
f 647 651 699
f 760 667 669
f 833 856 854
f 747 770 766
f 786 813 812
f 502 531 482
f 482 531 425
f 482 425 444
f 444 425 391
f 502 510 531
f 531 510 538
f 531 538 560
f 813 833 834
f 674 688 678
f 678 688 709
f 678 709 766
f 766 709 733
f 766 733 747
f 601 620 606
f 606 620 633
f 606 633 678
f 678 633 650
f 678 650 674
f 807 766 812
f 812 766 770
f 812 770 786
f 544 457 463
f 463 457 396
f 463 396 353
f 669 667 588
f 588 667 576
f 588 576 504
f 343 411 406
f 406 411 524
f 406 524 512
f 512 524 606
f 512 606 596
f 596 606 678
f 596 678 676
f 676 678 766
f 676 766 763
f 763 766 807
f 763 807 805
f 760 759 662
f 705 699 656
f 656 699 651
f 656 651 554
f 757 705 659
f 659 705 656
f 659 656 562
f 562 656 554
f 562 554 479
f 697 696 646
f 802 800 750
f 813 834 812
f 812 834 832
f 812 832 807
f 807 832 830
f 807 830 805
f 805 830 829
f 805 829 803
f 803 829 802
f 803 802 754
f 542 599 597
f 597 599 644
f 597 644 642
f 299 339 312
f 312 339 331
f 229 230 249
f 249 230 234
f 249 234 251
f 225 229 246
f 246 229 249
f 246 249 269
f 269 249 251
f 269 251 270
f 331 339 358
f 358 339 389
f 358 389 384
f 376 375 349
f 349 375 344
f 349 344 325
f 325 344 320
f 325 320 307
f 307 320 302
f 307 302 285
f 285 302 283
f 285 283 262
f 384 376 358
f 358 376 349
f 358 349 331
f 331 349 325
f 331 325 312
f 312 325 307
f 410 389 450
f 375 371 344
f 344 371 341
f 344 341 320
f 320 341 318
f 320 318 302
f 302 318 295
f 302 295 283
f 283 295 276
f 283 276 262
f 262 276 254
f 262 254 241
f 332 330 309
f 426 424 388
f 433 428 393
f 393 428 390
f 393 390 360
f 360 390 359
f 402 433 398
f 398 433 393
f 398 393 363
f 363 393 360
f 363 360 334
f 240 225 243
f 243 225 246
f 243 246 266
f 266 246 269
f 266 269 288
f 288 269 270
f 288 270 291
f 258 240 260
f 260 240 243
f 260 243 264
f 264 243 266
f 264 266 286
f 286 266 288
f 286 288 311
f 311 288 291
f 311 291 313
f 255 217 258
f 258 217 220
f 258 220 240
f 240 220 222
f 240 222 225
f 313 332 311
f 311 332 309
f 311 309 286
f 286 309 284
f 286 284 264
f 264 284 281
f 264 281 260
f 260 281 279
f 260 279 258
f 258 279 277
f 258 277 255
f 277 278 255
f 255 278 257
f 255 257 217
f 217 257 232
f 217 232 218
f 306 317 316
f 316 317 324
f 316 324 323
f 428 426 390
f 390 426 388
f 390 388 359
f 359 388 374
f 359 374 356
f 356 374 372
f 386 405 400
f 313 334 332
f 332 334 360
f 332 360 330
f 330 360 359
f 330 359 342
f 342 359 356
f 342 356 352
f 352 356 372
f 352 372 367
f 322 298 321
f 321 298 300
f 321 300 323
f 323 300 301
f 323 301 316
f 316 301 304
f 316 304 306
f 351 367 365
f 351 365 347
f 347 365 366
f 347 366 346
f 346 322 347
f 347 322 321
f 347 321 351
f 351 321 323
f 351 323 338
f 338 323 324
f 338 324 329
f 329 324 317
f 386 400 383
f 383 400 399
f 383 399 382
f 382 399 397
f 382 397 380
f 380 397 404
f 380 404 381
f 367 351 352
f 352 351 338
f 352 338 342
f 342 338 329
f 342 329 330
f 330 329 317
f 330 317 309
f 309 317 306
f 309 306 284
f 284 306 304
f 284 304 281
f 281 304 301
f 281 301 279
f 279 301 300
f 279 300 277
f 277 300 298
f 277 298 278
f 424 405 388
f 388 405 386
f 388 386 374
f 374 386 383
f 374 383 372
f 372 383 382
f 372 382 367
f 367 382 380
f 367 380 365
f 365 380 381
f 365 381 366
f 446 489 483
f 446 483 443
f 443 483 476
f 443 476 438
f 522 476 526
f 526 476 483
f 526 483 529
f 529 483 489
f 450 542 537
f 537 542 597
f 537 597 594
f 594 597 642
f 594 642 638
f 419 423 442
f 442 423 461
f 442 461 460
f 460 461 485
f 438 476 472
f 472 476 522
f 472 522 467
f 467 522 519
f 467 519 461
f 461 519 515
f 461 515 485
f 749 779 778
f 749 778 744
f 744 778 777
f 744 777 743
f 599 646 644
f 644 646 696
f 644 696 642
f 642 696 695
f 642 695 638
f 638 695 693
f 638 693 634
f 634 693 690
f 634 690 631
f 631 690 685
f 631 685 628
f 628 685 680
f 743 777 742
f 742 777 775
f 742 775 741
f 741 775 773
f 741 773 739
f 415 419 436
f 436 419 442
f 436 442 453
f 453 442 460
f 453 460 480
f 480 460 485
f 414 413 435
f 435 413 436
f 435 436 451
f 451 436 453
f 451 453 458
f 458 453 480
f 458 480 478
f 561 507 563
f 563 507 509
f 563 509 569
f 561 557 507
f 507 557 527
f 507 527 506
f 489 533 529
f 529 533 589
f 529 589 526
f 526 589 584
f 526 584 522
f 522 584 579
f 522 579 519
f 519 579 569
f 519 569 515
f 515 569 509
f 515 509 485
f 485 509 507
f 485 507 480
f 480 507 506
f 480 506 478
f 754 802 753
f 753 802 750
f 753 750 697
f 697 750 723
f 697 723 696
f 696 723 721
f 696 721 695
f 695 721 719
f 695 719 693
f 693 719 717
f 693 717 690
f 690 717 715
f 690 715 685
f 685 715 712
f 685 712 680
f 680 712 711
f 680 711 679
f 679 711 710
f 679 710 694
f 677 622 679
f 679 622 624
f 679 624 680
f 680 624 627
f 680 627 628
f 739 773 736
f 736 773 772
f 736 772 737
f 846 845 821
f 779 798 778
f 778 798 796
f 778 796 777
f 777 796 795
f 777 795 775
f 775 795 793
f 775 793 773
f 773 793 794
f 773 794 772
f 622 612 624
f 624 612 561
f 624 561 627
f 627 561 563
f 627 563 628
f 628 563 569
f 628 569 631
f 631 569 579
f 631 579 634
f 634 579 584
f 634 584 638
f 638 584 589
f 638 589 594
f 594 589 533
f 594 533 537
f 537 533 489
f 537 489 450
f 450 489 446
f 450 446 410
f 410 446 443
f 410 443 407
f 407 443 438
f 407 438 402
f 402 438 433
f 433 438 472
f 433 472 428
f 428 472 467
f 428 467 426
f 426 467 461
f 426 461 424
f 424 461 423
f 424 423 405
f 405 423 419
f 405 419 400
f 400 419 415
f 400 415 399
f 399 415 413
f 399 413 397
f 397 413 414
f 397 414 404
f 94 108 100
f 100 108 123
f 100 123 120
f 121 126 109
f 109 126 113
f 109 113 103
f 69 67 61
f 61 67 56
f 61 56 49
f 68 67 78
f 78 67 77
f 78 77 84
f 84 77 89
f 84 89 93
f 96 84 103
f 103 84 93
f 103 93 109
f 109 93 102
f 109 102 121
f 98 87 107
f 142 128 134
f 134 128 112
f 138 134 107
f 107 134 112
f 107 112 98
f 98 112 88
f 98 88 81
f 81 88 74
f 115 122 145
f 96 86 78
f 78 86 73
f 78 73 68
f 68 73 58
f 68 58 56
f 56 58 52
f 56 52 49
f 49 52 40
f 31 38 40
f 40 38 44
f 40 44 49
f 86 80 73
f 73 80 66
f 73 66 58
f 58 66 54
f 58 54 52
f 52 54 43
f 52 43 40
f 40 43 32
f 40 32 31
f 31 32 25
f 31 25 23
f 17 26 23
f 23 26 27
f 23 27 31
f 31 27 33
f 31 33 38
f 29 28 35
f 35 28 37
f 35 37 42
f 42 37 47
f 55 64 51
f 51 64 57
f 51 57 50
f 50 57 60
f 50 60 53
f 210 203 190
f 190 203 177
f 190 177 167
f 167 177 153
f 167 153 155
f 155 153 141
f 138 169 134
f 134 169 164
f 134 164 142
f 142 164 158
f 292 290 253
f 253 290 250
f 253 250 219
f 219 250 214
f 219 214 193
f 193 214 186
f 193 186 172
f 248 244 213
f 213 244 211
f 213 211 184
f 184 211 178
f 184 178 165
f 259 253 223
f 223 253 219
f 223 219 195
f 195 219 193
f 195 193 164
f 164 193 172
f 164 172 158
f 290 287 250
f 250 287 248
f 250 248 214
f 214 248 213
f 214 213 186
f 186 213 184
f 186 184 172
f 172 184 165
f 172 165 158
f 158 165 147
f 158 147 142
f 142 147 130
f 142 130 128
f 128 130 114
f 128 114 112
f 112 114 97
f 112 97 88
f 88 97 82
f 88 82 74
f 79 83 124
f 90 99 111
f 111 99 118
f 111 118 129
f 129 118 136
f 129 136 156
f 72 85 76
f 76 85 90
f 76 90 83
f 83 90 111
f 83 111 124
f 124 111 129
f 124 129 168
f 168 129 156
f 168 156 174
f 241 239 209
f 209 239 207
f 209 207 174
f 241 254 239
f 239 254 237
f 239 237 207
f 207 237 205
f 207 205 174
f 174 205 201
f 174 201 168
f 259 299 292
f 292 299 312
f 292 312 290
f 290 312 307
f 290 307 287
f 287 307 285
f 287 285 248
f 248 285 262
f 248 262 244
f 244 262 241
f 244 241 211
f 211 241 209
f 211 209 178
f 178 209 174
f 178 174 165
f 165 174 156
f 165 156 147
f 147 156 136
f 147 136 130
f 130 136 118
f 130 118 114
f 114 118 99
f 114 99 97
f 97 99 85
f 97 85 82
f 82 85 72
f 82 72 74
f 36 16 20
f 20 16 10
f 20 10 24
f 24 10 15
f 24 15 29
f 29 15 19
f 29 19 28
f 65 39 70
f 70 39 46
f 70 46 79
f 79 46 48
f 79 48 83
f 83 48 53
f 83 53 76
f 76 53 60
f 76 60 72
f 72 60 57
f 72 57 74
f 74 57 64
f 74 64 81
f 81 64 71
f 81 71 87
f 13 4 16
f 16 4 8
f 16 8 10
f 10 8 11
f 10 11 15
f 15 11 17
f 15 17 19
f 5 2 6
f 6 2 1
f 6 1 4
f 4 1 3
f 4 3 8
f 8 3 9
f 8 9 11
f 36 34 13
f 13 34 14
f 13 14 4
f 4 14 7
f 4 7 6
f 160 194 192
f 201 196 168
f 168 196 163
f 168 163 124
f 124 163 117
f 124 117 79
f 79 117 110
f 79 110 70
f 70 110 106
f 70 106 65
f 65 106 101
f 65 101 62
f 62 101 104
f 62 104 59
f 160 192 152
f 152 192 189
f 152 189 150
f 150 189 187
f 150 187 148
f 187 188 148
f 148 188 149
f 148 149 140
f 196 194 163
f 163 194 160
f 163 160 117
f 117 160 152
f 117 152 110
f 110 152 150
f 110 150 106
f 106 150 148
f 106 148 101
f 101 148 140
f 101 140 104
f 59 22 62
f 62 22 34
f 62 34 65
f 65 34 36
f 65 36 39
f 39 36 20
f 39 20 46
f 46 20 24
f 46 24 48
f 48 24 29
f 48 29 53
f 53 29 35
f 53 35 50
f 50 35 42
f 50 42 51
f 51 42 47
f 51 47 55
f 247 245 252
f 252 274 247
f 247 274 280
f 247 280 267
f 123 125 120
f 120 125 139
f 120 139 137
f 137 139 144
f 137 144 154
f 154 144 157
f 154 157 170
f 170 157 166
f 170 166 181
f 181 166 183
f 181 183 202
f 131 135 143
f 143 135 146
f 143 146 161
f 161 146 162
f 161 162 191
f 185 204 221
f 89 94 93
f 93 94 100
f 93 100 102
f 102 100 120
f 102 120 121
f 121 120 137
f 121 137 126
f 126 137 132
f 126 132 113
f 113 132 119
f 113 119 103
f 103 119 122
f 103 122 96
f 96 122 115
f 96 115 86
f 280 296 267
f 267 296 327
f 267 327 297
f 297 327 391
f 297 391 343
f 343 391 425
f 343 425 411
f 411 425 531
f 411 531 524
f 524 531 560
f 524 560 606
f 606 560 580
f 606 580 601
f 282 215 227
f 227 215 198
f 227 198 191
f 191 198 176
f 191 176 161
f 760 662 667
f 667 662 567
f 667 567 576
f 576 567 493
f 576 493 504
f 504 493 379
f 504 379 392
f 392 379 310
f 392 310 319
f 319 310 256
f 319 256 271
f 271 256 221
f 271 221 238
f 238 221 204
f 238 204 216
f 647 604 651
f 651 604 547
f 651 547 554
f 554 547 473
f 554 473 479
f 479 473 361
f 479 361 369
f 369 361 289
f 369 289 293
f 293 289 233
f 293 233 242
f 242 233 199
f 242 199 208
f 208 199 175
f 208 175 185
f 604 544 547
f 547 544 463
f 547 463 473
f 473 463 353
f 473 353 361
f 361 353 282
f 361 282 289
f 289 282 227
f 289 227 233
f 233 227 191
f 233 191 199
f 199 191 162
f 199 162 175
f 185 221 208
f 208 221 256
f 208 256 242
f 242 256 310
f 242 310 293
f 293 310 379
f 293 379 369
f 369 379 493
f 369 493 479
f 479 493 567
f 479 567 562
f 562 567 662
f 562 662 659
f 659 662 759
f 659 759 757
f 215 210 198
f 198 210 190
f 198 190 176
f 176 190 167
f 176 167 161
f 161 167 155
f 161 155 143
f 143 155 141
f 143 141 131
f 845 844 821
f 821 844 836
f 821 836 822
f 833 854 834
f 834 854 853
f 834 853 832
f 832 853 852
f 832 852 830
f 830 852 851
f 830 851 829
f 829 851 850
f 829 850 802
f 802 850 827
f 802 827 800
f 821 820 846
f 846 820 823
f 846 823 847
f 847 823 825
f 847 825 848
f 848 825 827
f 848 827 849
f 849 827 850
f 822 794 821
f 821 794 793
f 821 793 820
f 820 793 795
f 820 795 823
f 823 795 796
f 823 796 825
f 825 796 798
f 825 798 827
f 827 798 799
f 827 799 800
f 800 799 779
f 800 779 750
f 750 779 749
f 750 749 723
f 723 749 744
f 723 744 721
f 721 744 743
f 721 743 719
f 719 743 742
f 719 742 717
f 717 742 741
f 717 741 715
f 715 741 739
f 715 739 712
f 712 739 736
f 712 736 711
f 711 736 737
f 711 737 710
f 389 410 384
f 384 410 407
f 384 407 376
f 376 407 402
f 376 402 375
f 375 402 398
f 375 398 371
f 371 398 363
f 371 363 341
f 341 363 334
f 341 334 318
f 318 334 313
f 318 313 295
f 295 313 291
f 295 291 276
f 276 291 270
f 276 270 254
f 254 270 251
f 254 251 237
f 237 251 234
f 237 234 205
f 205 234 230
f 205 230 201
f 201 230 229
f 201 229 196
f 196 229 225
f 196 225 194
f 194 225 222
f 194 222 192
f 192 222 220
f 192 220 189
f 189 220 217
f 189 217 187
f 187 217 218
f 187 218 188
f 396 345 353
f 353 345 308
f 353 308 282
f 282 308 275
f 282 275 215
f 215 275 236
f 215 236 210
f 210 236 228
f 210 228 203
f 203 228 200
f 203 200 177
f 177 200 173
f 177 173 153
f 153 173 145
f 153 145 141
f 141 145 122
f 141 122 131
f 131 122 119
f 131 119 135
f 135 119 132
f 135 132 146
f 146 132 137
f 146 137 162
f 162 137 154
f 162 154 175
f 175 154 170
f 175 170 185
f 185 170 181
f 185 181 204
f 204 181 202
f 204 202 216
f 216 202 224
f 17 23 19
f 19 23 25
f 19 25 28
f 28 25 32
f 28 32 37
f 37 32 43
f 37 43 47
f 47 43 54
f 47 54 55
f 55 54 66
f 55 66 71
f 71 66 80
f 71 80 87
f 87 80 86
f 87 86 107
f 107 86 115
f 107 115 138
f 138 115 145
f 138 145 169
f 169 145 173
f 169 173 195
f 195 173 200
f 195 200 223
f 223 200 228
f 223 228 259
f 259 228 236
f 259 236 268
f 268 236 275
f 268 275 299
f 299 275 308
f 299 308 339
f 339 308 345
f 339 345 389
f 389 345 396
f 389 396 450
f 450 396 457
f 450 457 542
f 542 457 544
f 542 544 599
f 599 544 604
f 599 604 646
f 646 604 647
f 646 647 697
f 697 647 699
f 697 699 753
f 753 699 705
f 753 705 754
f 754 705 757
f 754 757 803
f 803 757 759
f 803 759 805
f 805 759 760
f 805 760 763
f 763 760 669
f 763 669 676
f 676 669 588
f 676 588 596
f 596 588 504
f 596 504 512
f 512 504 392
f 512 392 406
f 406 392 319
f 406 319 343
f 343 319 271
f 343 271 297
f 297 271 238
f 297 238 267
f 267 238 216
f 267 216 247
f 247 216 224
f 247 224 245
f 471 449 490
f 441 431 464
f 816 813 786
f 768 751 764
f 549 587 614
f 603 630 660
f 806 784 814
f 814 784 774
f 910 878 896
f 896 878 858
f 896 858 883
f 883 858 831
f 883 831 867
f 867 831 839
f 732 774 745
f 745 774 784
f 745 784 758
f 758 784 806
f 758 806 789
f 814 839 806
f 806 839 831
f 806 831 789
f 789 831 858
f 789 858 817
f 817 858 878
f 950 940 919
f 797 870 819
f 819 870 879
f 819 879 855
f 855 879 888
f 855 888 868
f 868 888 894
f 868 894 877
f 877 894 901
f 877 901 885
f 885 901 906
f 885 906 891
f 891 906 914
f 891 914 899
f 899 914 920
f 899 920 904
f 904 920 925
f 904 925 913
f 913 925 930
f 913 930 919
f 919 930 935
f 919 935 950
f 950 935 959
f 957 959 947
f 947 959 935
f 947 935 944
f 944 935 930
f 944 930 941
f 941 930 925
f 941 925 934
f 934 925 920
f 934 920 929
f 929 920 914
f 929 914 924
f 924 914 906
f 924 906 918
f 918 906 901
f 918 901 912
f 912 901 894
f 912 894 905
f 905 894 888
f 905 888 900
f 900 888 879
f 900 879 893
f 893 879 870
f 893 870 840
f 840 870 797
f 797 817 840
f 840 817 878
f 840 878 893
f 893 878 910
f 893 910 900
f 900 910 916
f 900 916 905
f 905 916 922
f 905 922 912
f 912 922 928
f 912 928 918
f 918 928 933
f 918 933 924
f 924 933 938
f 924 938 929
f 929 938 943
f 929 943 934
f 934 943 946
f 934 946 941
f 941 946 949
f 941 949 944
f 944 949 952
f 944 952 947
f 947 952 955
f 947 955 957
f 706 683 726
f 726 683 652
f 726 652 689
f 689 652 660
f 530 505 462
f 462 505 465
f 462 465 432
f 641 619 623
f 623 619 602
f 623 602 550
f 550 602 530
f 550 530 501
f 501 530 462
f 501 462 437
f 437 462 432
f 437 432 401
f 664 641 645
f 645 641 623
f 645 623 591
f 591 623 550
f 591 550 523
f 523 550 501
f 523 501 466
f 466 501 437
f 466 437 409
f 409 437 401
f 516 482 491
f 491 482 444
f 706 681 664
f 664 681 661
f 664 661 641
f 641 661 639
f 641 639 619
f 740 765 725
f 725 765 782
f 725 782 704
f 727 767 787
f 842 787 837
f 837 787 767
f 837 767 809
f 809 767 782
f 815 865 875
f 841 881 890
f 874 898 889
f 889 898 911
f 889 911 923
f 730 727 746
f 746 727 787
f 746 787 815
f 815 787 842
f 815 842 865
f 738 730 755
f 755 730 746
f 755 746 776
f 776 746 815
f 776 815 841
f 841 815 875
f 841 875 881
f 687 666 682
f 666 649 625
f 643 629 649
f 649 629 618
f 649 618 625
f 625 618 607
f 625 607 605
f 605 607 575
f 605 575 578
f 578 575 545
f 578 545 525
f 666 687 649
f 649 687 675
f 649 675 643
f 686 673 675
f 675 673 658
f 675 658 643
f 686 670 673
f 673 670 654
f 673 654 658
f 658 654 636
f 658 636 643
f 643 636 621
f 643 621 629
f 629 621 609
f 629 609 618
f 618 609 595
f 618 595 607
f 607 595 572
f 607 572 575
f 575 572 539
f 575 539 545
f 545 539 516
f 545 516 525
f 525 516 491
f 731 738 769
f 769 738 755
f 769 755 781
f 781 755 776
f 781 776 792
f 792 776 841
f 792 841 874
f 874 841 890
f 874 890 898
f 782 767 704
f 704 767 727
f 704 727 708
f 708 727 730
f 708 730 713
f 713 730 738
f 713 738 701
f 701 738 731
f 701 731 720
f 720 731 735
f 720 735 707
f 707 735 709
f 707 709 688
f 826 862 811
f 811 862 835
f 811 835 791
f 791 835 788
f 791 788 764
f 764 788 783
f 764 783 768
f 818 864 816
f 816 864 859
f 818 816 790
f 790 816 786
f 790 786 770
f 869 864 824
f 824 864 818
f 824 818 801
f 801 818 790
f 801 790 780
f 780 790 770
f 780 770 747
f 733 751 747
f 747 751 768
f 747 768 780
f 780 768 783
f 780 783 801
f 801 783 788
f 801 788 824
f 824 788 835
f 824 835 869
f 869 835 862
f 869 862 884
f 884 862 886
f 688 674 707
f 707 674 684
f 707 684 720
f 720 684 703
f 720 703 701
f 923 886 889
f 889 886 862
f 889 862 874
f 874 862 826
f 874 826 792
f 792 826 811
f 792 811 781
f 781 811 791
f 781 791 769
f 769 791 764
f 769 764 731
f 731 764 751
f 731 751 735
f 735 751 733
f 735 733 709
f 670 650 654
f 654 650 633
f 654 633 636
f 636 633 620
f 636 620 621
f 621 620 601
f 621 601 609
f 609 601 580
f 609 580 595
f 595 580 560
f 595 560 572
f 572 560 538
f 572 538 539
f 539 538 510
f 539 510 516
f 516 510 502
f 516 502 482
f 683 614 652
f 652 614 587
f 652 587 660
f 660 587 551
f 660 551 603
f 603 551 574
f 603 574 630
f 630 574 593
f 503 488 541
f 348 420 421
f 421 420 427
f 421 427 455
f 455 427 454
f 455 454 477
f 477 454 469
f 477 469 486
f 486 469 475
f 486 475 488
f 488 503 486
f 486 503 500
f 486 500 477
f 477 500 492
f 477 492 455
f 370 326 315
f 294 348 354
f 354 348 421
f 354 421 431
f 431 421 455
f 431 455 464
f 464 455 492
f 449 441 490
f 490 441 464
f 490 464 511
f 511 464 492
f 511 492 518
f 518 492 500
f 518 500 521
f 521 500 503
f 326 370 357
f 357 370 377
f 357 377 395
f 706 664 683
f 683 664 645
f 683 645 614
f 614 645 591
f 614 591 549
f 549 591 523
f 549 523 497
f 497 523 466
f 497 466 445
f 445 466 409
f 445 409 395
f 395 409 401
f 395 401 357
f 541 552 503
f 503 552 548
f 503 548 521
f 521 548 534
f 521 534 518
f 518 534 546
f 518 546 511
f 511 546 543
f 511 543 490
f 490 543 528
f 490 528 471
f 552 593 548
f 548 593 574
f 548 574 534
f 534 574 551
f 534 551 546
f 546 551 587
f 546 587 543
f 543 587 549
f 543 549 528
f 528 549 497
f 528 497 471
f 471 497 445
f 471 445 449
f 449 445 395
f 449 395 441
f 441 395 377
f 441 377 431
f 431 377 370
f 431 370 354
f 354 370 315
f 354 315 294
f 294 315 272
f 573 568 583
f 583 568 570
f 475 481 488
f 488 481 499
f 488 499 541
f 541 499 540
f 541 540 555
f 722 691 714
f 714 691 635
f 714 635 653
f 653 635 600
f 653 600 611
f 722 663 691
f 691 663 617
f 691 617 635
f 635 617 585
f 635 585 600
f 600 585 573
f 600 573 611
f 611 573 583
f 859 856 816
f 816 856 833
f 816 833 813
f 570 582 583
f 583 582 613
f 583 613 611
f 611 613 668
f 611 668 653
f 653 668 732
f 653 732 714
f 714 732 745
f 714 745 722
f 722 745 758
f 722 758 724
f 724 758 789
f 724 789 762
f 762 789 817
f 762 817 740
f 740 817 797
f 740 797 765
f 765 797 819
f 765 819 782
f 782 819 855
f 782 855 809
f 809 855 868
f 809 868 837
f 837 868 877
f 837 877 842
f 842 877 885
f 842 885 865
f 865 885 891
f 865 891 875
f 875 891 899
f 875 899 881
f 881 899 904
f 881 904 890
f 890 904 913
f 890 913 898
f 898 913 919
f 898 919 911
f 911 919 940
f 911 940 923
f 681 682 661
f 661 682 666
f 661 666 639
f 639 666 625
f 639 625 619
f 619 625 605
f 619 605 602
f 602 605 578
f 602 578 530
f 530 578 525
f 530 525 505
f 505 525 491
f 505 491 465
f 465 491 444
f 465 444 432
f 432 444 391
f 432 391 401
f 401 391 327
f 401 327 357
f 357 327 296
f 357 296 326
f 326 296 280
f 326 280 315
f 315 280 274
f 315 274 272
f 674 650 684
f 684 650 670
f 684 670 703
f 703 670 686
f 703 686 701
f 701 686 675
f 701 675 713
f 713 675 687
f 713 687 708
f 708 687 682
f 708 682 704
f 704 682 681
f 704 681 725
f 725 681 706
f 725 706 740
f 740 706 726
f 740 726 762
f 762 726 689
f 762 689 724
f 724 689 660
f 724 660 722
f 722 660 630
f 722 630 663
f 663 630 593
f 663 593 617
f 617 593 552
f 617 552 585
f 585 552 541
f 585 541 573
f 573 541 555
f 573 555 568
f 568 555 571
f 568 571 570
f 958 959 956
f 956 959 957
f 956 957 954
f 957 955 954
f 954 955 952
f 954 952 951
f 951 952 949
f 951 949 948
f 948 949 945
f 945 949 946
f 945 946 942
f 942 946 943
f 942 943 937
f 937 943 938
f 937 938 931
f 931 938 933
f 931 933 927
f 927 933 928
f 927 928 921
f 921 928 922
f 921 922 915
f 915 922 916
f 915 916 908
f 908 916 910
f 908 910 903
f 903 910 896
f 903 896 895
f 895 896 880
f 880 896 883
f 880 883 863
f 863 883 867
f 863 867 810
f 867 839 810
f 810 839 814
f 810 814 728
f 814 774 728
f 728 774 732
f 728 732 657
f 657 732 668
f 657 668 608
f 608 668 613
f 608 613 586
f 586 613 582
f 571 559 570
f 570 559 556
f 570 556 582
f 582 556 566
f 582 566 586
f 1003 1004 993
f 997 999 993
f 993 999 1000
f 1030 1031 1024
f 993 991 997
f 997 991 990
f 997 990 996
f 996 990 987
f 996 987 985
f 1000 1001 993
f 993 1001 1002
f 993 1002 1003
f 985 982 996
f 996 982 980
f 996 980 994
f 1021 1022 1024
f 1024 1026 1027
f 980 976 994
f 994 976 974
f 994 974 995
f 995 974 975
f 995 975 998
f 998 975 979
f 998 979 1005
f 1005 979 1019
f 1005 1019 1024
f 1024 1019 1020
f 1024 1020 1021
f 1022 1023 1024
f 1024 1023 1025
f 1024 1025 1026
f 1027 1028 1024
f 1024 1028 1029
f 1024 1029 1030
f 986 970 988
f 988 970 989
f 970 981 969
f 969 981 977
f 969 977 968
f 986 984 970
f 970 984 983
f 970 983 981
f 968 977 967
f 967 977 973
f 967 973 966
f 960 971 961
f 961 971 972
f 961 972 963
f 960 962 971
f 971 962 964
f 971 964 973
f 973 964 965
f 973 965 966
f 1018 1017 1011
f 1011 1017 1016
f 972 978 963
f 963 978 992
f 963 992 1006
f 1006 992 1011
f 1006 1011 1007
f 1007 1011 1008
f 1013 1012 1011
f 1012 1010 1011
f 1011 1010 1009
f 1011 1009 1008
f 1016 1015 1011
f 1011 1015 1014
f 1011 1014 1013
f 993 1004 970
f 970 1004 989
f 1031 1030 1018
f 1018 1030 1017
f 1019 1006 1007
f 1019 1007 1020
f 1020 1007 1008
f 1020 1008 1021
f 1021 1008 1009
f 1021 1009 1022
f 1022 1009 1010
f 1022 1010 1023
f 1023 1010 1012
f 1023 1012 1025
f 1025 1012 1013
f 1025 1013 1026
f 1026 1013 1014
f 1026 1014 1027
f 1027 1014 1015
f 1027 1015 1028
f 1028 1015 1016
f 1028 1016 1029
f 1029 1016 1017
f 1029 1017 1030
f 1019 979 1006
f 1006 979 963
f 993 970 969
f 993 969 991
f 991 969 968
f 991 968 990
f 990 968 967
f 990 967 987
f 987 967 966
f 987 966 985
f 985 966 965
f 985 965 982
f 982 965 964
f 982 964 980
f 980 964 962
f 980 962 976
f 976 962 960
f 976 960 974
f 974 960 961
f 974 961 975
f 975 961 963
f 975 963 979
f 3823 3533 3529
f 3823 3529 3821
f 3821 3529 3438
f 3821 3438 3793
f 3793 3438 3201
f 3793 3201 3532
f 3532 3201 3129
f 3532 3129 3428
f 3428 3129 3100
f 3428 3100 3409
f 3409 3100 3091
f 3409 3091 3399
f 3399 3091 3089
f 3399 3089 3398
f 3398 3089 3092
f 3398 3092 3401
f 3401 3092 3096
f 3401 3096 3403
f 3403 3096 3098
f 3403 3098 3406
f 3406 3098 3102
f 3406 3102 3410
f 3410 3102 3103
f 3410 3103 3414
f 3414 3103 3105
f 3414 3105 3415
f 3415 3105 3107
f 3415 3107 3416
f 3416 3107 3110
f 3416 3110 3418
f 3418 3110 3113
f 3418 3113 3420
f 3420 3113 3115
f 3420 3115 3421
f 3421 3115 3119
f 3421 3119 3423
f 3423 3119 3127
f 3423 3127 3426
f 3426 3127 3131
f 3426 3131 3431
f 3431 3131 3135
f 3431 3135 3436
f 3436 3135 3149
f 3436 3149 3450
f 3450 3149 3160
f 3450 3160 3492
f 3492 3160 3196
f 3492 3196 3524
f 3524 3196 3257
f 3524 3257 3635
f 3635 3257 3419
f 3635 3419 3779
f 3779 3419 3521
f 3779 3521 3818
f 3818 3521 3537
f 3818 3537 3824
f 3532 3779 3793
f 3793 3779 3818
f 3793 3818 3821
f 3821 3818 3824
f 3821 3824 3823
f 3450 3492 3416
f 3409 3492 3428
f 3428 3492 3524
f 3428 3524 3532
f 3532 3524 3635
f 3532 3635 3779
f 3450 3416 3436
f 3410 3414 3492
f 3492 3414 3415
f 3492 3415 3416
f 3409 3399 3492
f 3492 3399 3398
f 3492 3398 3401
f 3401 3403 3492
f 3492 3403 3406
f 3492 3406 3410
f 3423 3426 3416
f 3416 3426 3431
f 3416 3431 3436
f 3423 3416 3421
f 3421 3416 3418
f 3421 3418 3420
f 3533 3823 3537
f 3537 3823 3824
